trade_date,symbol,industry,close,sma_20,sma_50,sma_200,ema_12,ema_26,macd,macd_signal,bollinger_upper,bollinger_middle,bollinger_lower,rsi_14,return_20d,volatility_20d,score,recommendation,return_6m_ex_1m,return_11m_ex_1m,volatility_60d,atr_14_pct,distance_52w_high_pct,trend_score,momentum_score,industry_relative_score,volatility_score,confirmation_score,industry_rank_pct,peer_rank_pct,universe_momentum_rank_pct,risk_adjusted_momentum_rank_pct,updated_at
2026-10-09,LAURUSLABS,Healthcare,2036.6,1990.105,1907.112,1378.3775,2005.468794489472,1966.3323727671807,39.13642172229106,42.33170770303545,2072.1992327610515,1990.105,1908.0107672389488,61.56862745098039,5.14197212183789,1.69759587120028,97.61,BUY,79.86050163979861,99.6001640352676,1.8200024922765812,2.4480576871817186,-1.3848537671896088,30.0,29.606685996929897,20.0,15.0,3.0,100.0,100.0,98.93162393162392,100.0,2026-10-09 18:29:13
2026-10-09,CPPLUS,Capital Goods,4185.2,3771.27,3657.9319999999993,2632.824,3911.224451263397,3794.199715849622,117.02473541377503,76.41500738005365,4207.443191579479,3771.27,3335.096808420519,79.1242719809136,11.72152371800006,3.196465432315636,97.3,BUY,101.53700389514684,188.83524441762225,2.926532941635279,4.489971464070671,-1.8111861861861869,30.0,29.897435897435894,19.4344262295082,14.967948717948715,3.0,95.0,99.34426229508196,99.78632478632478,99.78632478632478,2026-10-09 18:29:13
2026-10-09,GLAND,Healthcare,3061.8,2945.56,2864.762,2182.337,2992.111541116749,2938.574836506842,53.53670460990679,41.92580420992849,3100.4418279579227,2945.56,2790.678172042077,57.350993377483455,1.176392835899831,2.166716245391535,97.03,BUY,71.20624819207406,50.06592292089251,2.2155618996384523,3.005701594766854,-3.443708609271512,30.0,28.43788731593609,19.069767441860467,14.519230769230768,5.0,100.0,90.69767441860463,94.87179487179486,96.7948717948718,2026-10-09 18:29:13
2026-10-09,RRKABEL,Capital Goods,2705.6,2524.12,2648.7,1970.9055,2619.910493432019,2589.457905582819,30.45258784919997,-4.363559100281182,2769.872683553368,2524.12,2278.367316446632,69.02628434886498,11.8108934622696,2.219906989428357,95.72,BUY,74.91784540648665,76.0624146113468,2.624030419837894,3.399034806116413,-9.323681211877478,30.0,29.421399738472907,18.591414281744928,14.71153846153846,3.0,95.0,90.91414281744927,98.29059829059828,98.07692307692308,2026-10-09 18:29:13
2026-10-09,WELSPUNLIV,Textiles,223.75,221.508,197.0368,151.79635,226.61841464282173,217.30433302724168,9.31408161558005,10.539087667314712,243.0579279275917,221.508,199.9580720724083,57.15860765474879,6.405744721323958,2.504986196081349,95.24,BUY,68.64351776732111,58.30477496001827,2.2098595917458845,4.635275339185953,-8.859470468431773,30.0,28.74870657797487,19.0,14.487179487179484,3.0,90.0,100.0,96.36752136752136,96.58119658119658,2026-10-09 18:29:13
2026-10-09,SYRMA,Capital Goods,1719.9,1681.605,1553.684,1123.8805,1702.3708266054314,1652.1351140654924,50.23571253993896,58.66793826024446,1835.084825178561,1681.605,1528.125174821439,49.17188075082812,6.009615384615374,3.4087061645374845,94.52,BUY,94.08003788775753,107.34931376889509,3.0885338966153104,4.354489048366603,-5.634807417974308,30.0,29.712149638978904,19.06376771325368,14.74358974358974,1.0,95.0,95.63767713253682,99.35897435897436,98.29059829059828,2026-10-09 18:29:13
2026-10-09,BHEL,Capital Goods,433.6,426.205,422.19,350.12839999999994,430.2278275025456,426.7133271237121,3.5145003788334748,2.029276901389899,449.7459139919974,426.205,402.6640860080027,46.90265486725666,-0.0230574129582605,2.429384757825577,94.18,BUY,58.88219796763268,59.331949424419705,2.0865938452829926,3.1892461781760653,-4.901853273385237,30.0,28.572118937972597,18.15518199499861,14.455128205128204,3.0,95.0,86.55181994998611,95.08547008547008,96.36752136752136,2026-10-09 18:29:13
2026-10-09,APARINDS,Capital Goods,17984.0,17796.8,17161.18,12786.3625,17865.519332355758,17634.671112721753,230.84821963400464,274.4247809063252,18901.625892451146,17796.8,16691.974107548853,39.56542502387775,3.071985327831261,2.806308800293832,94.05,BUY,68.12851558775861,106.51091984308216,2.779249476703994,3.891554397559736,-6.6493641318453145,30.0,29.441469100005683,18.83092525701584,14.775641025641026,1.0,95.0,93.30925257015838,98.71794871794872,98.50427350427351,2026-10-09 18:29:13
2026-10-09,WELCORP,Capital Goods,2640.4,2664.325,2344.78,1405.6175,2660.1686795528726,2581.349848696895,78.81883085597747,112.47579062686722,2919.5522372446985,2664.325,2409.097762755301,49.21495178130231,1.222925052712287,4.644492167197005,92.29,BUY,177.4131583159917,172.81313952878205,3.7811040116933983,5.527301058281215,-8.951724137931027,30.0,29.96008869179601,19.398305084745765,11.935897435897434,1.0,95.0,98.98305084745763,100.0,99.57264957264957,2026-10-09 18:29:13
2026-10-09,PTCIL,Capital Goods,24535.0,22737.25,21383.48,18381.29,23249.281057141445,22595.32114811078,653.9599090306656,489.22546115321313,24549.568883872405,22737.25,20924.931116127595,64.7359454855196,7.704126426690072,2.729371572150314,92.26,BUY,50.13286093888396,36.74080903538088,2.646337760915153,3.27083757896882,-1.4658634538152635,30.0,26.75359599749844,17.52222839677688,12.980769230769232,5.0,95.0,80.22228396776882,90.8119658119658,86.53846153846155,2026-10-09 18:29:13
2026-10-09,KIRLOSENG,Capital Goods,2210.4,2188.155,2162.684,1761.446,2215.5089319299414,2196.029299999128,19.47963193081341,20.64600326189888,2355.935702422087,2188.155,2020.3742975779128,53.16312413532889,-0.4279472048290489,3.7299249668743095,91.62,BUY,55.09758427733043,123.05314294126308,2.8988714329527023,4.890517553384002,-18.73529411764705,26.0,29.13667633179828,18.903167546540708,14.583333333333332,3.0,95.0,94.03167546540706,99.14529914529916,97.2222222222222,2026-10-09 18:29:13
2026-10-09,FINCABLES,Capital Goods,1388.7,1429.96,1293.217,1015.1485,1431.053705423926,1390.7832908982164,40.27041452570961,52.96943790906677,1512.3127560015482,1429.96,1347.6072439984518,46.63072776280323,2.6082458992167767,2.757127359816364,91.18,BUY,53.55500530597806,63.45152180734232,3.3204459316834924,3.8648684792560375,-7.358238825883923,30.0,28.461083631815335,18.06015559877744,13.653846153846152,1.0,95.0,85.60155598777438,95.2991452991453,91.02564102564102,2026-10-09 18:29:13
2026-10-09,DIVISLAB,Healthcare,9340.0,9398.95,9004.83,7113.6575,9400.23985306273,9280.164008137135,120.07584492559543,168.08465360014287,9695.475830950394,9398.95,9102.424169049607,48.80871341048332,-1.5598650927487356,1.4819178898777507,91.1,BUY,62.78476708602516,40.72604350382127,1.8162174851432968,2.231186907311104,-4.106776180698157,30.0,27.54579566774689,17.90697674418605,14.647435897435896,1.0,100.0,79.06976744186048,92.3076923076923,97.64957264957263,2026-10-09 18:29:13
2026-10-09,REDINGTON,Services,380.0,398.8875,370.434,279.45025000000004,397.219978045656,388.8294813775773,8.390496668078697,12.831057432173845,418.4330439799819,398.8875,379.3419560200181,40.543115769414,0.5158047877264815,2.5491133895938405,90.65,BUY,71.18830484395767,47.70660340055357,2.8193086770920965,3.956766917293231,-9.415971394517284,30.0,28.212689749275118,17.5,13.942307692307692,1.0,75.0,100.0,94.65811965811966,92.94871794871796,2026-10-09 18:29:13
2026-10-09,IPCALAB,Healthcare,1915.4,1957.51,1899.336,1641.5015000000003,1943.4663930308263,1939.7271985342525,3.739194496574101,13.075433822933958,2013.8279283410536,1957.51,1901.1920716589468,31.11467522052928,-2.454675086575664,1.2016085686089522,90.51,BUY,36.138408304498284,50.20233641291898,1.8193475532296468,2.812914870448548,-6.0157016683022535,30.0,26.9906191369606,17.90697674418605,14.615384615384611,1.0,100.0,79.06976744186048,91.02564102564102,97.43589743589745,2026-10-09 18:29:13
2026-10-09,RADICO,Fast Moving Consumer Goods,4550.0,4439.655000000001,4504.528,3558.093,4442.131832204149,4448.988654597984,-6.8568223938355,-13.40878582999377,4624.048315040336,4439.655000000001,4255.261684959665,50.59195588712295,3.081105573176268,2.28579052954863,90.24,BUY,62.36469608659449,40.43712424849699,1.7131532378899872,2.929356357927784,-4.149989467031812,30.0,27.44033202569788,13.53846153846154,14.262820512820513,5.0,40.0,95.3846153846154,91.88034188034187,95.08547008547008,2026-10-09 18:29:13
2026-10-09,AEGISLOG,Oil Gas & Consumable Fuels,1388.9,1378.0549999999998,1338.318,940.9807500000002,1383.460492831037,1363.2905967892896,20.169896041747503,19.540065864210646,1474.7025632061125,1378.0549999999998,1281.4074367938872,47.7346554966661,3.3869286884025573,3.5662452535106284,89.9,BUY,107.80008193363372,65.09569066527794,3.3160068576124755,5.348528640342307,-9.14502518479754,30.0,29.2702257092501,16.5,11.134615384615383,3.0,65.0,100.0,98.50427350427351,94.23076923076924,2026-10-09 18:29:13
2026-10-09,MCX,Financial Services,3318.2,3275.6050000000005,3136.056,2774.397,3284.036550853578,3252.1241765168425,31.91237433673541,40.66295012206613,3407.7485658667533,3275.6050000000005,3143.461434133248,52.90129611166499,-0.9492537313432914,2.2439155989181265,89.37,BUY,28.721642337172117,75.40544796095104,2.2638521782346723,3.584344351929189,-4.687769288217392,30.0,27.033884814372616,15.010204081632654,14.326923076923077,3.0,55.00000000000001,95.10204081632654,94.44444444444444,95.51282051282053,2026-10-09 18:29:13
2026-10-09,SOLARINDS,Chemicals,20000.0,19736.05,19832.38,16410.685,19777.116032755664,19836.937077985884,-59.82104523021917,-102.66261351431406,21732.048573462074,19736.05,17740.051426537924,63.239875389408105,-10.534556027734288,3.806083240282185,89.06,BUY,64.36100131752305,58.56931007697197,2.732924969821497,3.358928571428572,-11.894273127753308,26.0,28.63477173233271,16.0,13.42948717948718,5.0,60.0,100.0,96.15384615384616,89.52991452991454,2026-10-09 18:29:13
2026-10-09,AUROPHARMA,Healthcare,1693.0,1688.4899999999998,1656.6519999999998,1427.1345,1683.1440025870115,1676.8904400928498,6.25356249416177,11.90552903515292,1737.3020735711118,1688.4899999999998,1639.6779264288878,40.92116917626216,-0.3472835364059179,1.50218263657665,88.03,BUY,26.67515160589953,46.03832211289489,1.55652643615382,2.099822799763736,-2.7011494252873525,30.0,25.62004662004662,17.11627906976744,14.294871794871794,1.0,100.0,71.16279069767441,89.52991452991454,95.2991452991453,2026-10-09 18:29:13
2026-10-09,NAVINFLUOR,Chemicals,8352.5,8399.325,8325.83,7065.435,8392.056617104552,8385.858418823824,6.19819828072832,18.09488788196215,8718.457916542491,8399.325,8080.192083457511,41.20696038504258,-4.820238163067636,1.8773735983835165,87.72,BUY,44.04025406252578,47.84522902379138,2.492050139385196,2.4248514131782617,-6.670763729817308,30.0,27.22696003183808,15.583333333333336,13.91025641025641,1.0,60.0,95.83333333333334,91.23931623931624,92.73504273504274,2026-10-09 18:29:13
2026-10-09,LALPATHLAB,Healthcare,1933.6,1935.76,1922.426,1606.4784999999997,1943.203526824167,1931.3623458534175,11.841180970749292,16.608981024057897,1997.924887703213,1935.76,1873.5951122967876,55.9442824748947,0.7240714695004424,1.2340860039563986,87.3,BUY,38.72769476280284,17.515131033211475,1.4601708829264353,3.315798806076009,-5.150593544589421,30.0,24.20239922678947,16.51162790697674,13.58974358974359,3.0,100.0,65.11627906976743,80.98290598290599,90.5982905982906,2026-10-09 18:29:13
2026-10-09,PNBHOUSING,Financial Services,1158.0,1125.51,1137.72,995.2805,1125.7605819730156,1128.3427313166626,-2.582149343646961,-7.219738615621813,1182.0380331014426,1125.51,1068.9819668985574,55.48216644649935,1.401050788091074,2.012252216432729,86.71,BUY,33.642505439138894,24.43757330205778,1.6468903720002197,2.93054527510486,-4.416013206768465,30.0,24.641651031894938,14.214285714285715,12.852564102564102,5.0,55.00000000000001,87.14285714285715,82.47863247863248,85.68376068376068,2026-10-09 18:29:13
2026-10-09,KARURVYSYA,Financial Services,339.9,327.69,335.44300000000004,303.58655,328.9915421449748,330.2783708046186,-1.2868286596437883,-2.6481477564864195,338.8658951131004,327.69,316.5141048868996,57.12971481140752,-0.2055196711685414,1.682639092408169,86.45,BUY,21.276217561322408,35.48451151707703,2.1579258094825238,2.902114067162611,-5.227938101212882,30.0,24.140883506737165,14.36530612244898,12.948717948717947,5.0,55.00000000000001,88.65306122448979,83.76068376068376,86.32478632478633,2026-10-09 18:29:13
2026-10-09,BALRAMCHIN,Fast Moving Consumer Goods,678.15,677.6675,668.42,542.4277500000001,680.1601770492649,676.2163704595956,3.943806589669293,3.531379274790872,707.1993788501776,677.6675,648.1356211498224,51.43745143745143,-3.1283479751446297,2.081836798389737,85.37,BUY,48.0953372189842,54.0768814293449,3.648067941469007,3.985633182713475,-13.16345476663039,26.0,27.67445562567514,13.461538461538462,13.237179487179487,5.0,40.0,94.6153846153846,93.8034188034188,88.24786324786325,2026-10-09 18:29:13
2026-10-09,NYKAA,Consumer Services,343.0,333.7825,333.891,286.33295,334.9684643858565,333.9390794952725,1.0293848905839695,0.169409381955276,348.2088383033327,333.7825,319.35616169666724,56.63608562691132,0.0,2.117420229410842,84.85,SELL,34.21498012358799,36.35636596289187,1.722784745929409,3.0882965431070377,-1.8738377914461533,30.0,25.850361021092723,10.630434782608695,13.365384615384617,5.0,15.0,91.30434782608695,87.82051282051282,89.1025641025641,2026-10-09 18:29:13
2026-10-09,RBLBANK,Financial Services,418.0,410.895,398.4239999999999,345.6095,410.8502540137485,407.0950947309327,3.755159282815725,4.803356078417685,425.8546263674249,410.895,395.9353736325751,50.89437819420784,0.480769230769229,2.3408797519791307,83.87,BUY,29.626761654018896,27.30038022813688,1.798039197297621,2.845181134654818,-2.700186219739298,30.0,24.31411677753141,14.1843537414966,12.37179487179487,3.0,55.00000000000001,86.843537414966,82.6923076923077,82.47863247863248,2026-10-09 18:29:13
2026-10-09,SHYAMMETL,Capital Goods,1060.1,1072.06,1046.144,924.454,1063.9442944977409,1062.7288814312656,1.2154130664750935,5.45548390599514,1115.6808738057632,1072.06,1028.439126194237,38.13206424747171,-1.2666480394896262,1.6008147578070695,83.67,BUY,29.04341603053437,20.051043053706174,1.573753353987414,3.0138666163569465,-7.656794425087121,30.0,23.664165103189493,16.27910530702973,12.724358974358974,1.0,95.0,67.7910530702973,78.41880341880342,84.82905982905983,2026-10-09 18:29:13
2026-10-09,NUVAMA,Financial Services,1764.4,1716.4600000000005,1736.354,1534.6045,1745.9679963130752,1740.008698986895,5.959297326180149,-6.294596503354976,1833.6949579622935,1716.4600000000005,1599.2250420377068,55.773172398087006,-0.9487452983775846,2.540068480045952,83.61,BUY,43.356752537080425,28.725641385111462,2.2660476747130343,3.9928587621854463,-14.59825750242013,26.0,25.44522144522145,14.536734693877552,12.62820512820513,5.0,55.00000000000001,90.36734693877553,86.96581196581197,84.1880341880342,2026-10-09 18:29:13
2026-10-09,SONACOMS,Automobile and Auto Components,783.3,803.79,802.872,620.3857499999999,803.9713979961148,801.8854034884761,2.085994507638702,5.625889719509487,838.3803941639826,803.79,769.1996058360173,44.02804642166344,-2.026266416510325,2.0718254052513583,83.37,BUY,50.64643057897693,67.06493506493507,1.947379240997043,3.1250569933067047,-7.191943127962086,22.0,28.36141906873614,17.332818532818532,14.67948717948718,1.0,80.0,93.32818532818531,95.94017094017094,97.86324786324786,2026-10-09 18:29:13
2026-10-09,CHENNPETRO,Oil Gas & Consumable Fuels,1487.7,1446.4199999999998,1402.0980000000002,1104.76325,1458.488621554854,1434.7524508763952,23.736170678458848,14.971546599273069,1608.3114854235344,1446.4199999999998,1284.528514576465,55.714515351229714,-7.273747195213165,4.51796953251203,83.18,BUY,47.27483962216497,52.96956977964322,4.079401726669972,5.29292580109277,-11.314456035767506,26.0,27.60890329183012,15.676470588235292,8.89102564102564,5.0,65.0,91.76470588235291,93.16239316239316,79.27350427350427,2026-10-09 18:29:13
2026-10-09,ACMESOLAR,Power,418.1,432.05,405.008,313.27365000000003,431.2726590651672,424.61520364077273,6.6574554243944135,10.637251347784211,466.818527813461,432.05,397.281472186539,42.004662004662016,4.108565737051784,2.703939901995487,83.09,BUY,51.02489019033676,51.3295433706217,2.184866006649979,4.809170738374278,-12.329628853009012,26.0,27.74847916311331,14.5,13.846153846153843,1.0,45.0,100.0,93.5897435897436,92.3076923076923,2026-10-09 18:29:13
2026-10-09,VIJAYA,Healthcare,1436.6,1484.59,1467.896,1206.408,1462.188406196424,1472.0594099660398,-9.871003769615754,-0.0460287738695839,1578.6924055847971,1484.59,1390.4875944152027,31.56466686765148,-4.156381346320648,2.3255222041185504,83.05,BUY,56.10718737017035,47.39629302736099,2.038074696344896,3.5977804737375942,-9.851907630522094,22.0,27.73688100517369,18.27906976744186,14.038461538461538,1.0,100.0,82.79069767441861,93.37606837606836,93.5897435897436,2026-10-09 18:29:13
2026-10-09,SAILIFE,Healthcare,1487.9,1562.06,1502.7780000000002,1158.7295,1541.1150603431563,1538.8334921855849,2.281568157571428,17.607365944453484,1635.2723774407298,1562.06,1488.84762255927,29.90720913633119,-11.191357287811863,2.0180883256698774,82.83,BUY,69.18494170818138,78.50872439579493,2.1232707470498013,3.339798181521419,-12.32174425456688,18.0,29.373017226675763,19.58139534883721,14.871794871794872,1.0,100.0,95.81395348837208,98.07692307692308,99.14529914529916,2026-10-09 18:29:13
2026-10-09,ATHERENERG,Automobile and Auto Components,1434.4,1505.84,1505.094,1023.88725,1455.43075252752,1484.3234853434894,-28.89273281596957,-16.41755636994699,1678.7182157291268,1505.84,1332.9617842708735,24.05350832912673,-9.215189873417716,2.8483228979273205,81.75,BUY,104.74892954456988,128.15007590544352,3.1620525589197146,4.475241016652059,-17.752293577981646,18.0,29.843254306668943,18.0,14.903846153846152,1.0,80.0,100.0,99.57264957264957,99.35897435897436,2026-10-09 18:29:13
2026-10-09,HONASA,Fast Moving Consumer Goods,468.7,464.2099999999999,469.771,376.45525,462.8514869158329,464.86248647490737,-2.010999559074492,-3.297972068807615,496.5983442322311,464.2099999999999,431.82165576776873,46.06170598911071,-0.4988854686339028,2.9968823711971173,81.59,BUY,51.898532227185726,70.53555436145442,2.229191980868288,4.065957511658385,-8.061985092193025,22.0,28.543805787708227,13.846153846153848,14.198717948717947,3.0,40.0,98.46153846153848,96.7948717948718,94.65811965811966,2026-10-09 18:29:13
2026-10-09,MAHABANK,Financial Services,83.16,81.9785,81.71,75.4474,82.03116443219693,82.11234418854309,-0.0811797563461595,-0.1881357558802067,85.63734810748754,81.9785,78.31965189251245,49.120370370370345,-1.655629139072856,2.4921869343250616,81.01,BUY,21.23248498713184,41.45812479145814,1.9694827766033487,2.974472617329761,-12.0,26.0,24.768093694922964,14.483673469387757,12.756410256410255,3.0,55.00000000000001,89.83673469387755,86.53846153846155,85.04273504273505,2026-10-09 18:29:13
2026-10-09,JINDALSAW,Capital Goods,269.6,285.1025,284.518,230.59315,278.7660518833476,283.47031667614067,-4.704264792793083,-2.709145626864216,310.121155670896,285.1025,260.08384432910407,36.06442577030813,-13.506576836701944,2.7086421492145947,80.69,BUY,53.76924615076986,76.39637573116185,2.497129827177003,3.612494701144552,-15.749999999999996,18.0,28.87156745693331,18.430814115031957,14.39102564102564,1.0,95.0,89.30814115031953,97.43589743589745,95.94017094017094,2026-10-09 18:29:13
2026-10-09,MOTILALOFS,Financial Services,1026.0,1014.7575,979.668,862.6932499999999,1024.512444239251,1013.109610895994,11.40283334325693,11.350280740055158,1067.3289478741062,1014.7575,962.1860521258936,52.676480428236864,0.0975609756097561,2.6058507974431007,80.46,BUY,38.83020860839714,4.2224204579244695,2.2550661716075435,3.432539682539684,-6.480721903199338,30.0,21.753539143783048,13.255102040816324,10.448717948717947,5.0,55.00000000000001,77.55102040816325,73.50427350427351,69.65811965811966,2026-10-09 18:29:13
2026-10-09,CRAFTSMAN,Automobile and Auto Components,10183.0,10721.55,10712.41,8754.3075,10408.54286339201,10595.42274654968,-186.8798831576696,-93.88195981929503,11699.25267248774,10721.55,9743.847327512258,27.18585762064022,-13.747247162459765,1.7866478094964011,80.21,BUY,55.15200979391961,67.89578273349525,2.0471332157822366,3.301019907128127,-15.1345945495458,18.0,28.68338165899141,17.72046332046332,14.807692307692308,1.0,80.0,97.2046332046332,96.58119658119658,98.71794871794872,2026-10-09 18:29:13
2026-10-09,DATAPATTNS,Capital Goods,4084.8,4371.115,4494.354,3769.0525,4261.841975411997,4371.871586985692,-110.02961157369556,-81.13052558515035,4752.856920398417,4371.115,3989.373079601583,21.47516975103176,-16.349934469200523,2.622445878528654,80.17,BUY,50.33833211411852,79.25858622569508,3.182120628487229,3.0398410833193434,-18.304,18.0,28.69497981693104,18.401361489302584,14.07051282051282,1.0,95.0,89.01361489302585,97.64957264957263,93.8034188034188,2026-10-09 18:29:13
2026-10-09,CARBORUNIV,Capital Goods,1202.6,1191.645,1142.676,984.5,1223.433204702255,1191.043089774823,32.39011492743157,35.06126697180569,1360.4563799481518,1191.645,1022.833620051848,59.09725453699394,9.916826615483052,2.896198940725085,79.58,BUY,27.32659463227607,20.501401946231248,2.444334859369542,4.940486089662876,-12.148440353568567,26.0,23.436295411905167,16.05293136982495,11.08974358974359,3.0,95.0,65.52931369824951,77.99145299145299,73.93162393162393,2026-10-09 18:29:13
2026-10-09,ENGINERSIN,Construction,293.1,292.925,267.23440000000005,229.4748,299.8693331066866,289.4618154782049,10.407517628481685,12.75881961012013,333.1758908041354,292.925,252.67410919586465,61.495487752471,7.323324789454411,3.2309635818858458,79.54,SELL,35.232006199748135,38.760498981163934,2.606536910979755,5.374811132231805,-8.80522713130054,30.0,26.141110921598724,11.192307692307692,9.211538461538462,3.0,20.0,91.92307692307692,88.46153846153845,81.41025641025641,2026-10-09 18:29:13
2026-10-09,NEULANDLAB,Healthcare,20890.0,22125.75,22323.28,17091.655,21644.801581431835,21982.62550800744,-337.8239265756056,-189.4911292100684,23703.624236199918,22125.75,20547.87576380009,18.137254901960787,-9.937486527268812,1.5489174510289967,79.36,BUY,70.72216293134117,39.83915146570314,2.3204119227209783,3.316692881077754,-13.766769865841075,18.0,27.668201716982203,18.13953488372093,14.551282051282053,1.0,100.0,81.3953488372093,94.017094017094,97.008547008547,2026-10-09 18:29:13
2026-10-09,ACUTAAS,Healthcare,3160.6,3266.35,3237.462,2700.6480000000006,3193.22986314813,3229.546106199309,-36.3162430511793,-17.453531268206007,3481.9990277230377,3266.35,3050.700972276962,34.647052365792064,-2.5047812943426617,2.990769016857605,79.19,BUY,36.22586583329765,75.76778612461332,2.7090547433016203,3.8803662957304654,-15.491978609625669,18.0,27.89430894308943,18.41860465116279,13.878205128205128,1.0,100.0,84.18604651162791,95.51282051282053,92.52136752136752,2026-10-09 18:29:13
2026-10-09,ADANIPORTS,Services,1761.0,1768.675,1720.96,1633.7615000000003,1760.552782162657,1753.6318900343142,6.920892128342757,13.402580527199872,1836.4650745723895,1768.675,1700.88492542761,43.190661478599225,-0.7887323943661984,2.3275008696057955,79.18,BUY,17.663249157090767,18.36367411919429,1.9810109754821503,2.805629918066032,-6.879593887155622,30.0,21.90050599806697,15.346153846153848,10.92948717948718,1.0,75.0,78.46153846153845,73.71794871794873,72.86324786324786,2026-10-09 18:29:13
2026-10-09,GRANULES,Healthcare,815.25,854.9725000000001,851.6110000000001,723.7055,837.9856310002344,847.2150933598343,-9.229462359599893,-3.9360472406710154,907.9373192572,854.9725000000001,802.0076807428002,33.14685314685315,-7.860533453887875,2.2912947220760578,79.05,BUY,38.964767965233605,56.079490978819855,1.850533627552085,3.2868970955447523,-11.7360472040275,18.0,27.526408550798795,18.41860465116279,14.1025641025641,1.0,100.0,84.18604651162791,92.09401709401708,94.017094017094,2026-10-09 18:29:13
2026-10-09,POWERINDIA,Capital Goods,30605.0,31147.0,32432.4,28688.48,31144.21892513187,31500.875980998662,-356.6570558667954,-422.4717095158185,32315.617716972785,31147.0,29978.38228302721,31.63891323400526,-3.0873970867637768,1.9922190990312432,78.18,BUY,20.142774454948874,73.75411574306602,2.32546987776829,2.8310033374565315,-21.090627820033514,18.0,25.968332480527604,16.98152264517922,14.230769230769228,3.0,95.0,74.81522645179217,94.23076923076924,94.87179487179486,2026-10-09 18:29:13
2026-10-09,FLUOROCHEM,Chemicals,4476.8,4513.514999999999,4575.262,3819.103,4483.274416078588,4514.566593231616,-31.29217715302821,-31.96964830622108,4740.712380220235,4513.514999999999,4286.317619779764,41.66540269983317,-5.84672331118028,1.6443160342204004,77.88,BUY,40.90813221248004,25.435184936834474,1.9766605621638875,2.7012279179005394,-9.721914134182974,22.0,25.208653135482407,14.5,13.173076923076922,3.0,60.0,85.0,85.68376068376068,87.82051282051282,2026-10-09 18:29:13
2026-10-09,EMMVEE,Capital Goods,300.05,319.8925,321.862,271.61415,309.2798623517196,316.5369271616743,-7.257064809954727,-4.6964440678342685,351.2126343513959,319.8925,288.5723656486041,33.27348892878514,-8.771663119489192,2.5613602980031493,77.56,BUY,48.236820907544974,,2.3922830709909904,4.344514009569831,,18.0,27.24358974358974,17.69672131147541,13.62179487179487,1.0,95.0,81.9672131147541,91.45299145299144,90.8119658119658,2026-10-09 18:29:13
2026-10-09,CAPLIPOINT,Healthcare,2460.8,2698.4,2634.684,2132.3305,2645.373638457837,2666.605736093074,-21.232097635237096,14.444188067195103,2924.4221041822007,2698.4,2472.3778958177995,29.86286034144977,-9.632404245161752,2.871592701410656,77.52,BUY,66.84334156477745,38.07696141959924,2.6182398692797677,4.700561954300577,-17.698996655518386,18.0,27.40889192108704,17.813953488372093,13.30128205128205,1.0,100.0,78.13953488372093,92.52136752136752,88.67521367521367,2026-10-09 18:29:13
2026-10-09,MOTHERSON,Automobile and Auto Components,153.0,160.44,162.4834,136.87914999999998,158.36337091790423,160.12582300336828,-1.762452085464048,-0.7531611210174587,167.68631594238224,160.44,153.19368405761776,37.51630576571876,-6.536346976175922,2.0543613057389805,77.38,BUY,38.72661078655491,55.205077199962105,1.9761866034150504,2.974789915966382,-11.698505223062284,18.0,27.329751549263744,16.88185328185328,14.166666666666666,1.0,80.0,88.81853281853282,91.66666666666666,94.44444444444444,2026-10-09 18:29:13
2026-10-09,WOCKPHARMA,Healthcare,1996.4,2144.9,2032.61,1670.4259999999997,2110.5619883754907,2100.7288095062104,9.833178869280346,37.481556635611966,2329.429022107653,2144.9,1960.370977892347,44.52848603147494,-11.223763785129847,3.267772851326478,77.38,BUY,64.76515039265077,57.30654972414768,2.7951508282521345,5.1177834387612,-17.58246294843744,18.0,28.58059014156575,19.11627906976744,10.685897435897436,1.0,100.0,91.1627906976744,95.72649572649571,91.23931623931624,2026-10-09 18:29:13
2026-10-09,GRAPHITE,Capital Goods,806.6,812.0475,754.5,682.13125,809.374491876317,791.7488359844876,17.62565589182941,21.258067899560768,851.645087313515,812.0475,772.449912686485,45.20656256177112,-4.504824483513881,2.7712975030342,77.37,BUY,14.173534442543922,18.68584821789381,3.0995563233960945,3.826024582905317,-7.748613255561276,30.0,21.401955767809422,15.193803834398445,9.775641025641026,1.0,95.0,56.938038343984445,72.43589743589743,65.17094017094017,2026-10-09 18:29:13
2026-10-09,PVRINOX,Media Entertainment & Publication,1327.2,1268.92,1223.245,1056.2335,1276.6587503576927,1254.4688226843934,22.18992767329928,18.523376805878087,1367.9061999951186,1268.92,1169.9338000048815,50.280962013935714,13.513513513513509,3.039509271297652,77.23,SELL,28.925187162975764,2.10631063935649,2.653721896840829,3.893804357185912,-3.462321792260681,30.0,20.499801011996137,12.5,9.23076923076923,5.0,25.0,100.0,68.37606837606837,61.53846153846154,2026-10-09 18:29:13
2026-10-09,IDEA,Telecommunication,13.0,13.764,13.8962,12.275900000000002,13.314261740867524,13.692560304218055,-0.3782985633505316,-0.2637453355758178,15.226764505995328,13.764,12.301235494004672,39.25233644859813,-16.237113402061855,2.552606394091968,77.22,BUY,67.60869565217394,61.63522012578617,2.409961592343139,3.692307692307692,-17.669411019632676,18.0,28.857069759508786,15.0,14.35897435897436,1.0,50.0,100.0,97.2222222222222,95.72649572649571,2026-10-09 18:29:13
2026-10-09,ACE,Capital Goods,1176.9,1205.495,1154.91,968.76925,1210.2417247680876,1190.943738720057,19.297986048030907,26.55236096760645,1291.2519018244268,1205.495,1119.7380981755734,38.8200085506627,4.427684117125108,2.050036034574428,77.07,BUY,30.81320732703301,2.3553039985393376,2.328277180243671,3.5007222363837207,-7.184542586750786,30.0,20.77048155096936,15.393303695470966,9.903846153846152,1.0,95.0,58.93303695470965,68.80341880341881,66.02564102564102,2026-10-09 18:29:13
2026-10-09,HSCL,Chemicals,659.95,665.8275,695.919,586.5005,666.5824494664291,672.4845130930421,-5.902063626612971,-7.011505434891187,686.0505841263189,665.8275,645.6044158736811,41.06728538283063,-1.0643879769132614,1.647514583529843,76.81,BUY,42.98049248480971,40.99653106275623,2.400771005801771,2.256664465922743,-19.469188529591207,18.0,26.856387514924094,15.166666666666666,13.78205128205128,3.0,60.0,91.66666666666666,90.3846153846154,91.88034188034187,2026-10-09 18:29:13
2026-10-09,AJANTPHARM,Healthcare,3410.1,3530.65,3544.04,3123.4845,3515.743028100177,3526.9936737500893,-11.250645649912258,2.2054765241538314,3628.379153114264,3530.65,3432.920846885736,37.88859081584347,-3.5168628338614782,1.4601658600648235,76.57,BUY,32.126245847176094,40.95061825628101,1.4226682657076093,2.885126954802331,-10.16596417281349,18.0,26.12416851441241,17.02325581395349,14.423076923076923,1.0,100.0,70.23255813953489,88.88888888888889,96.15384615384616,2026-10-09 18:29:13
2026-10-09,JYOTICNC,Capital Goods,999.7,1037.2925,968.66,832.3347499999999,1037.4530566286935,1021.0307536321365,16.422302996557164,26.96459048976729,1125.7188254145162,1037.2925,948.8661745854836,42.30058515552818,-0.9266141420147588,3.035293152336402,76.55,BUY,28.088916332201297,18.30728869624729,3.0483125218314293,4.799296931936721,-11.889652741054102,26.0,23.21956904883734,15.944567935537648,10.384615384615383,1.0,95.0,64.44567935537648,77.13675213675214,69.23076923076923,2026-10-09 18:29:13
2026-10-09,LENSKART,Consumer Services,677.65,681.9100000000001,648.76,536.012,678.1336112891679,671.888313555365,6.245297733802886,10.59476277695343,706.0412987414197,681.9100000000001,657.7787012585804,41.59317211948789,-2.341835999423547,2.213398376831889,76.25,SELL,37.60878164556962,,1.77463452791952,3.4536370439860478,,26.0,25.961538461538463,9.76086956521739,13.525641025641026,1.0,15.0,82.6086956521739,89.1025641025641,90.17094017094016,2026-10-09 18:29:13
2026-10-09,COFORGE,Information Technology,1867.9,1805.065,1836.538,1524.308,1821.239199231395,1820.7020707847337,0.537128446661427,-4.854047374933868,1881.45062209708,1805.065,1728.6793779029204,53.87273250791824,1.2411924119241302,1.9566344554036688,75.95,SELL,53.49496221662466,8.647203030978389,2.352783793109407,3.0993552729191696,-7.584603206016228,26.0,23.326795156063444,9.608695652173914,12.01923076923077,5.0,10.0,86.08695652173913,81.83760683760684,80.12820512820514,2026-10-09 18:29:13
2026-10-09,ANTHEM,Healthcare,862.3,892.0,887.136,754.2152500000001,876.881239818946,884.8937811857018,-8.012541366755727,-4.51919402181473,955.2213821257916,892.0,828.7786178742085,32.37486687965922,-8.552945543241963,1.8426838785603257,75.44,BUY,38.67091356594759,36.22528801024036,1.8900765067491725,3.209854044830271,-11.789678277325963,18.0,26.026948661095005,16.697674418604652,13.717948717948715,1.0,100.0,66.97674418604652,88.24786324786325,91.45299145299144,2026-10-09 18:29:13
2026-10-09,GESHIP,Services,1533.7,1487.36,1397.348,1373.932,1520.18793385897,1474.775688415299,45.4122454436706,44.42368847008134,1607.8736969721454,1487.36,1366.846303027855,65.00295333727111,10.068896225060996,1.671468138576145,75.41,BUY,-0.4173862982153054,27.586206896551737,1.7834282589636663,2.9182462578824326,-14.699666295884317,26.0,19.097617829325145,13.961538461538462,11.346153846153843,5.0,75.0,64.61538461538461,72.00854700854701,75.64102564102564,2026-10-09 18:29:13
2026-10-09,GVT&D,Capital Goods,4194.4,4301.06,4316.335999999999,4087.253,4255.3500615229,4295.151283386093,-39.80122186319386,-31.49886241487088,4522.3986488475975,4301.06,4079.721351152402,36.70479910714282,-10.241814680077043,2.086723016964302,75.41,BUY,27.513355346165213,49.78557013118064,2.348111824577946,2.918346911528298,-25.76283185840709,18.0,25.936437546193645,17.13545429285913,13.333333333333332,1.0,95.0,76.35454292859129,90.17094017094016,88.88888888888889,2026-10-09 18:29:13
2026-10-09,EMCURE,Healthcare,1833.5,1944.295,1926.55,1695.19,1912.206789606899,1922.041564116352,-9.834774509452927,5.079831643353614,2033.816334710932,1944.295,1854.7736652890671,17.31285988483684,-4.225867112411208,1.8564197901984127,74.59,HOLD,23.02286955410757,45.23378582202111,1.7081714129986274,2.9272663524095224,-12.71956966725376,18.0,25.144237875945198,16.697674418604652,13.749999999999998,1.0,100.0,66.97674418604652,88.03418803418803,91.66666666666666,2026-10-09 18:29:13
2026-10-09,CEMPRO,Construction,1125.1,1220.435,1257.986,968.85175,1182.6471061719485,1220.5890277140466,-37.94192154209805,-26.903931768355907,1333.3313618825507,1220.435,1107.5386381174492,24.963820549927632,-11.346623591521556,1.9678789107327324,74.38,SELL,112.39566977935706,49.6913220733838,2.353068972737388,4.113920032505051,-31.779044385156453,18.0,28.537551879015293,12.0,14.83974358974359,1.0,20.0,100.0,97.86324786324786,98.93162393162392,2026-10-09 18:29:13
2026-10-09,FEDERALBNK,Financial Services,330.0,329.2625,343.525,305.611,325.66158193770826,331.3353892180677,-5.673807280359426,-6.247681359157524,347.07431970075913,329.2625,311.45068029924084,47.79116465863454,-4.347826086956519,1.505573034692432,74.34,HOLD,20.987871330638065,44.66770356046912,1.6797510274182186,2.5097402597402634,-11.218724778046807,18.0,24.822275285689923,14.509523809523811,14.006410256410255,3.0,55.00000000000001,90.09523809523807,87.6068376068376,93.37606837606836,2026-10-09 18:29:13
2026-10-09,BOSCHLTD,Automobile and Auto Components,43545.0,46635.0,46489.2,39217.35,45379.12424101916,46186.56755549879,-807.4433144796276,-278.26541988591987,50002.94174221383,46635.0,43267.05825778617,33.847592332865815,-11.313645621181267,1.7498983106121266,74.23,HOLD,35.75900932238765,31.762322754895344,1.7531112903080075,2.7459278578810102,-12.91,18.0,25.408437091363915,16.25945945945946,13.557692307692308,1.0,80.0,82.5945945945946,86.32478632478633,90.3846153846154,2026-10-09 18:29:13
2026-10-09,ZYDUSLIFE,Healthcare,1117.5,1151.015,1143.7579999999998,1016.50675,1147.8924146111488,1149.391868816489,-1.499454205340271,5.261422386955823,1217.281043539028,1151.015,1084.7489564609716,39.60880195599022,-0.8781266631186835,1.6560282641252349,73.95,HOLD,28.48410072345915,16.762652260333333,1.7526960410490515,2.678171939916908,-9.301193084976866,22.0,22.99147194269145,15.813953488372093,12.147435897435898,1.0,100.0,58.13953488372093,76.70940170940172,80.98290598290599,2026-10-09 18:29:13
2026-10-09,IFCI,Financial Services,67.35,72.745,78.96440000000001,66.88425000000001,69.24482055424127,73.8839498666845,-4.639129312443231,-3.888457298439956,85.03130302838326,72.745,60.458696971616746,34.51656524678836,-24.29181654676259,3.2720879587899527,73.72,HOLD,67.28684971098266,61.53846153846154,3.5300335001553607,5.023862551702198,-37.34883720930233,18.0,28.79151742566377,15.433333333333335,10.493589743589745,1.0,55.00000000000001,99.33333333333331,97.008547008547,89.95726495726495,2026-10-09 18:29:13
2026-10-09,BELRISE,Automobile and Auto Components,234.17,238.0065,237.999,211.14755,238.29195388245705,237.7240652026144,0.5678886798426674,1.2601987440825066,253.02864404068453,238.0065,222.9843559593155,45.41711148391031,2.4634637262623604,2.3199197105861757,73.58,HOLD,16.971319705473455,56.55020329405276,2.031994000159981,3.865018698259507,-12.688292319164807,18.0,24.925294217977143,16.188416988416986,13.461538461538462,1.0,80.0,81.88416988416988,89.95726495726495,89.74358974358975,2026-10-09 18:29:13
2026-10-09,TORNTPHARM,Healthcare,4656.9,4847.225,4910.058,4459.3425,4775.010624933819,4838.211880640867,-63.2012557070484,-35.47360876981453,5062.508772336816,4847.225,4631.941227663185,38.58621119561148,-5.539553752535509,1.3650377673843812,73.54,HOLD,23.101360071478204,36.70313921120083,1.6421256076635848,2.33140992014921,-11.29714285714286,18.0,24.63676161237137,16.093023255813957,13.814102564102564,1.0,100.0,60.93023255813954,85.47008547008546,92.09401709401708,2026-10-09 18:29:13
2026-10-09,CGCL,Financial Services,241.82,256.056,247.7798,205.58635,249.6011555245296,252.15049299751857,-2.549337472988981,0.0238550329371892,276.2450917915683,256.056,235.86690820843165,17.873857811455323,-11.226138032305432,1.9194905705860816,73.36,HOLD,51.155649843680216,33.177570093457945,2.6743077291452457,3.2538960501908125,-15.87406505479214,18.0,26.33731309341065,14.818367346938778,13.205128205128204,1.0,55.00000000000001,93.18367346938776,89.74358974358975,88.03418803418803,2026-10-09 18:29:13
2026-10-09,KPIL,Construction,1391.9,1404.26,1381.7,1255.4925,1403.4369686045825,1398.63006459279,4.80690401179254,4.95653495397605,1463.9038341102444,1404.26,1344.6161658897556,41.41025641025642,-1.1785587504437256,2.196017413136818,73.24,SELL,23.366878531073443,9.754182046650438,1.7504786388247726,3.276097420791726,-6.58389261744966,30.0,21.309852748877137,10.384615384615389,10.544871794871794,1.0,20.0,83.84615384615385,69.65811965811966,70.2991452991453,2026-10-09 18:29:13
2026-10-09,NETWEB,Information Technology,4721.6,4690.910000000001,4912.236,4047.6915,4695.881348898642,4761.580100855143,-65.69875195650093,-81.80437691300156,4971.850135222636,4690.910000000001,4409.969864777366,53.018289459773776,-3.611309584566702,2.6156180774125395,72.96,SELL,53.63592438243643,33.92387069600926,2.9452760454277844,3.417273805489661,-18.775159126096675,18.0,26.610893171868774,10.56521739130435,12.788461538461537,5.0,10.0,95.65217391304348,90.5982905982906,85.25641025641025,2026-10-09 18:29:13
2026-10-09,MEESHO,Consumer Services,232.74,224.033,209.3674,181.7414,228.21281127673376,221.53842338872352,6.674387888010244,6.405479389309331,243.8890017176298,224.033,204.17699828237016,59.611344537815135,7.4019381633595005,3.562715918531441,72.84,SELL,38.20062860136198,,2.5471480217469296,5.042413975128592,,22.0,26.089743589743588,10.630434782608695,9.115384615384617,5.0,15.0,91.30434782608695,89.31623931623932,80.76923076923077,2026-10-09 18:29:13
2026-10-09,ELGIEQUIP,Capital Goods,583.15,601.81,605.887,546.309,595.7312126382141,602.1277950531895,-6.396582414975455,-3.8944643364203695,625.7936040485496,601.81,577.8263959514503,38.45144356955382,-5.768764644097935,1.7993829341131375,72.66,HOLD,27.89579158316635,28.760213860587115,1.9461480141725211,2.883967614311433,-10.751453933272115,18.0,24.151799420092107,16.692553487079746,12.82051282051282,1.0,95.0,71.92553487079745,82.90598290598291,85.47008547008546,2026-10-09 18:29:13
2026-10-09,JSWINFRA,Services,338.75,348.855,340.463,294.44925,349.374019080681,346.8118217170096,2.56219736367143,4.731799130165024,375.3193136078872,348.855,322.3906863921127,44.69273743016761,-0.7762155828939576,2.88007589925103,72.63,HOLD,30.23693707829909,14.50250043110881,2.14253598973148,3.726937269372694,-9.78695073235686,22.0,23.01978509295582,15.80769230769231,10.801282051282053,1.0,75.0,83.0769230769231,75.64102564102564,72.00854700854701,2026-10-09 18:29:13
2026-10-09,CARTRADE,Consumer Services,2951.0,2941.585,2926.2360000000003,2394.3875,2917.88436594397,2933.1061367344864,-15.22177079051653,-7.556471372487971,3080.482027742746,2941.585,2802.687972257254,47.558933402035294,-2.5139572528162235,2.5372523629572643,72.59,SELL,69.73178029493481,5.241013748550594,2.911559443282031,3.886575979086992,-10.3175809147546,26.0,23.13258286429018,10.6,11.858974358974358,1.0,15.0,91.0,85.25641025641025,79.05982905982906,2026-10-09 18:29:13
2026-10-09,NAM-INDIA,Financial Services,1045.0,1112.1150000000002,1158.894,1035.537,1078.0843233781688,1112.698280833583,-34.613957455414265,-27.462608412207064,1215.5678781619995,1112.1150000000002,1008.662121838001,27.17842323651449,-10.285027472527464,2.06220799613662,72.52,HOLD,31.631975199291418,36.59237132352941,1.9556443046322705,2.9610389610389616,-17.684127609294997,18.0,25.60822104724544,14.799319727891158,13.10897435897436,1.0,55.00000000000001,92.99319727891157,87.17948717948718,87.3931623931624,2026-10-09 18:29:13
2026-10-09,PPLPHARMA,Healthcare,196.88,205.419,208.7558,174.97764999999998,202.2612156866566,205.1479874901352,-2.886771803478553,-1.4356780308982398,217.01839363206585,205.419,193.81960636793417,39.15384615384615,-9.688073394495412,2.094166784000723,72.39,HOLD,57.62676497182999,12.43302242508435,2.115727286177216,3.491974806989026,-15.112318371922562,18.0,24.27596793450452,16.41860465116279,12.692307692307692,1.0,100.0,64.18604651162791,84.82905982905983,84.61538461538461,2026-10-09 18:29:13
2026-10-09,GLENMARK,Healthcare,2293.0,2374.125,2360.576,2208.148,2324.0913838098586,2356.4902323664,-32.398848556541,-11.802125180189606,2524.579089867655,2374.125,2223.670910132345,38.55957320687612,-5.831622176591377,2.3597552934391253,72.36,HOLD,13.848631239935582,30.34660766961652,1.8361698690668573,3.1711419849230573,-9.639029003783095,22.0,22.46819034623913,15.069767441860469,11.826923076923077,1.0,100.0,50.69767441860465,78.84615384615384,78.84615384615384,2026-10-09 18:29:13
2026-10-09,RKFORGE,Automobile and Auto Components,685.45,707.65,716.0079999999999,591.727,705.9078453523131,707.5911413121968,-1.6832959598837078,0.369163144940433,733.2434407715317,707.65,682.0565592284682,35.80609621740726,-4.891078118495907,1.9582921566032996,71.96,HOLD,31.20673526660429,29.18854195449938,2.3661970884213503,3.406521263403603,-11.303053830227729,18.0,24.73307180624254,15.763706563706563,12.46794871794872,1.0,80.0,77.63706563706565,83.97435897435898,83.11965811965813,2026-10-09 18:29:13
2026-10-09,LLOYDSME,Metals & Mining,1815.5,1828.97,1878.178,1598.116,1829.0099443690756,1836.5593882584692,-7.54944388939407,-7.132572250596282,1899.769943502794,1828.97,1758.170056497206,48.902821316614414,0.437043593715436,2.244089593126517,71.92,HOLD,21.30384952470843,36.228043609933366,2.0112627799996003,3.213990636188377,-14.564705882352946,18.0,24.24634714878617,16.11111111111111,12.564102564102564,1.0,70.0,91.11111111111111,84.4017094017094,83.76068376068376,2026-10-09 18:29:13
2026-10-09,GABRIEL,Automobile and Auto Components,1362.2,1343.575,1395.562,1134.20025,1345.9633493106255,1354.9399166862654,-8.976567375639661,-10.841026749521207,1439.6469220715865,1343.575,1247.5030779284136,53.67406329574392,0.1028806584362218,3.9194244514389807,71.87,HOLD,51.21606180967406,7.938480658691915,3.199684314747436,4.644797281708162,-14.8625,18.0,23.09022684632441,15.555212355212356,10.224358974358973,5.0,80.0,75.55212355212355,79.91452991452992,68.16239316239316,2026-10-09 18:29:13
2026-10-09,ADANIENT,Metals & Mining,2634.4,2896.11,2963.954,2578.9595,2804.309042669713,2882.217040912185,-77.90799824247233,-46.44809812529502,3149.614148414116,2896.11,2642.605851585884,28.98408545890561,-15.148001417206158,2.586357034167112,71.75,HOLD,44.49065466288287,23.274919224892933,2.309547468839169,3.5453993319161867,-18.816640986132505,18.0,25.13730172266758,15.333333333333332,12.275641025641026,1.0,70.0,83.33333333333333,85.8974358974359,81.83760683760684,2026-10-09 18:29:13
2026-10-09,OFSS,Information Technology,10510.0,10972.75,11457.96,9293.2775,10674.424985166872,10997.673543103954,-323.2485579370823,-287.13604190669184,12045.834266078513,10972.75,9899.665733921487,24.652523774689115,-9.63026655202064,2.396436559117889,71.43,SELL,64.06685236768803,40.12132746520756,2.118381998993229,3.826287889085225,-16.18819776714514,18.0,27.45170276877594,11.0,13.974358974358973,1.0,10.0,100.0,92.73504273504274,93.16239316239316,2026-10-09 18:29:13
2026-10-09,ABB,Capital Goods,6780.0,7028.175,7332.41,6593.92,6944.830918215734,7080.27625389515,-135.44533567941653,-125.85989430896734,7407.474392231887,7028.175,6648.875607768114,33.24222753672703,-8.3969465648855,2.0306271862872127,71.41,HOLD,12.520944402132518,40.5441400304414,1.7818113122058954,2.8560893383902237,-14.442551580541362,18.0,23.275115128773667,16.24687413170325,12.884615384615383,1.0,95.0,67.46874131703251,83.33333333333334,85.8974358974359,2026-10-09 18:29:13
2026-10-09,MINDACORP,Automobile and Auto Components,636.3,673.4625,699.321,611.38775,659.4662681577521,674.9375422054648,-15.471274047712654,-11.156785334957366,714.7225083552216,673.4625,632.2024916447783,30.310603355944263,-9.203767123287676,1.863652461514016,71.39,HOLD,33.001596094263455,20.285301859556743,1.738524220759069,2.8726342021957323,-17.256176853055926,18.0,24.19125589857297,15.7003861003861,12.500000000000002,1.0,80.0,77.003861003861,80.12820512820514,83.33333333333334,2026-10-09 18:29:13
2026-10-09,HAL,Capital Goods,4655.6,4748.585,4826.174,4418.773499999999,4712.444655686045,4752.881899590047,-40.43724390400257,-32.828979367014114,4948.983731742987,4748.585,4548.186268257013,42.79023418036872,-6.897310268973101,1.9075412039879631,70.99,HOLD,28.75495841330775,7.165527083732726,1.6128717117673794,2.340959581701911,-9.598244626109231,22.0,21.432031383250894,15.39997221450403,11.153846153846157,1.0,95.0,58.999722145040295,70.72649572649573,74.35897435897436,2026-10-09 18:29:13
2026-10-09,URBANCO,Consumer Services,159.76,165.3425,159.10139999999998,134.6688,164.06773089332196,163.77340683652002,0.2943240568019405,1.558193931154662,177.03812558800135,165.3425,153.64687441199865,42.06955046649702,-6.894341162072393,3.5341466719816603,70.79,SELL,37.90141297366731,12.999144793105732,3.2222268828000256,4.3918556406037625,-13.15975430776758,26.0,23.381431576553524,10.37826086956522,10.03205128205128,1.0,15.0,88.78260869565219,77.77777777777779,66.88034188034187,2026-10-09 18:29:13
2026-10-09,STARHEALTH,Financial Services,552.1,548.925,566.7280000000001,516.889,547.8564816872198,553.2564459175093,-5.39996423028947,-6.929416015609861,569.3895392916796,548.925,528.4604607083203,53.08114704087863,-3.470583092927704,1.765041398052856,70.63,HOLD,21.788185204896227,17.47433264887064,1.4533809849335526,3.1276683830568994,-11.649863978236509,18.0,22.302063789868665,13.406122448979596,11.923076923076923,5.0,55.00000000000001,79.06122448979593,74.57264957264957,79.48717948717949,2026-10-09 18:29:13
2026-10-09,SIEMENS,Capital Goods,3595.0,3802.89,3901.284,3517.808,3752.915696417252,3812.635553075431,-59.7198566581792,-40.70929757940708,4001.543275305177,3802.89,3604.236724694824,33.020977531679264,-8.966599984806667,2.2704119854940763,70.52,HOLD,22.47915439694989,26.340527577937657,1.778022746787913,2.918935028809855,-13.360967850773598,18.0,23.402410597532548,16.131842178382886,11.987179487179487,1.0,95.0,66.31842178382884,79.7008547008547,79.91452991452992,2026-10-09 18:29:13
2026-10-09,TBOTEK,Consumer Services,1666.4,1678.895,1669.9779999999998,1434.7535,1679.5713077781922,1676.7497342109891,2.8215735672031315,6.804960575390912,1723.6298433609122,1678.895,1634.1601566390875,40.00000000000004,-3.178199988379516,1.6269216518614376,70.47,SELL,45.75090314811629,13.223306160630766,2.0232977768450198,3.515276729991083,-5.985895627644567,22.0,23.84586957757689,11.02608695652174,12.596153846153848,1.0,15.0,95.2608695652174,81.41025641025641,83.97435897435898,2026-10-09 18:29:13
2026-10-09,LGEINDIA,Consumer Durables,1757.0,1701.8349999999998,1656.42,1555.1915,1732.3590478236224,1702.490075440644,29.868972382978427,26.862791524216693,1799.0285296741888,1701.8349999999998,1604.6414703258108,59.53060577228033,6.627017841971106,1.548714005754794,70.35,HOLD,16.904362416107375,1.406913280776223,1.963723863684628,2.8339702414830468,,26.0,18.71340042071749,11.5,9.134615384615383,5.0,35.0,80.0,60.470085470085465,60.89743589743589,2026-10-09 18:29:13
2026-10-09,CGPOWER,Capital Goods,855.55,882.0775,882.362,798.3297500000001,877.8423073365437,882.091729208538,-4.2494218719942864,-2.462003624401918,924.089709691475,882.0775,840.0652903085249,40.30842860941237,-7.7026808349965,2.2414730450529694,70.29,HOLD,25.38895773096519,22.18420876098477,2.1843190186558656,2.8423653956936628,-12.779080436333976,18.0,23.43072374779692,16.226868574604058,11.634615384615383,1.0,95.0,67.26868574604057,78.2051282051282,77.56410256410257,2026-10-09 18:29:13
2026-10-09,J&KBANK,Financial Services,138.23,143.259,148.4358,134.3672,140.6517749305444,143.9603335741081,-3.3085586435636856,-2.9666962181162493,151.2725435357926,143.259,135.24545646420736,34.21550094517954,-5.1985460530827865,1.4705499426575503,70.14,HOLD,19.158764891806456,36.69579769431015,2.386736014695484,2.8306859168466625,-31.484510532837675,18.0,24.007106714423788,14.212925170068027,12.916666666666666,1.0,55.00000000000001,87.12925170068027,83.54700854700855,86.11111111111111,2026-10-09 18:29:13
2026-10-09,ABDL,Fast Moving Consumer Goods,711.55,678.0274999999999,638.397,565.94375,693.8607742682987,672.2542287533283,21.60654551497032,21.321549332591957,749.1861402269433,678.0274999999999,606.8688597730566,64.80666821023385,17.777042125300003,2.757885458202725,70.09,SELL,30.04484304932735,-13.05937408599005,2.327597755562249,4.506258971862232,-5.604934996020161,30.0,15.78446756495537,11.23076923076923,8.076923076923077,5.0,40.0,72.30769230769229,55.98290598290598,53.84615384615385,2026-10-09 18:29:13
2026-10-09,SCI,Services,277.25,277.2975,286.783,271.9826,279.6210759666676,281.01685602649434,-1.395780059826734,-2.529420176241017,291.27908469295966,277.2975,263.3159153070404,50.17636684303351,-3.514877327301213,2.503461710918424,69.41,HOLD,21.543124131834837,12.375948628137778,2.086206807922966,3.210099188458071,-24.813559322033896,18.0,21.51810790835181,14.730769230769234,10.16025641025641,5.0,75.0,72.3076923076923,71.36752136752136,67.73504273504274,2026-10-09 18:29:13
2026-10-09,KAJARIACER,Consumer Durables,1215.4,1214.035,1217.886,1097.3215,1215.4216970215352,1216.6738833482607,-1.2521863267254505,-1.8337105116393395,1243.9919708959624,1214.035,1184.0780291040378,53.354463814051776,-1.920593931568748,1.4198689434850005,69.39,HOLD,18.060342792388685,5.537734256289051,1.3576198508134458,3.1371212299301834,-6.059669191528816,22.0,19.742395815566542,12.166666666666668,10.480769230769228,5.0,35.0,86.66666666666667,64.95726495726495,69.87179487179486,2026-10-09 18:29:13
2026-10-09,PWL,Consumer Services,143.69,132.1635,126.7464,116.2234,133.87991456196124,130.9173178486687,2.9625967132925557,1.7724265764831424,144.2638406215642,132.1635,120.06315937843578,57.612196693150096,14.612746271037723,3.865676658097194,69.12,SELL,27.84452296819788,,2.9462905211308112,4.579799767356314,,22.0,23.39743589743589,8.021739130434783,10.705128205128204,5.0,15.0,65.21739130434783,82.26495726495726,71.36752136752136,2026-10-09 18:29:13
2026-10-09,MEDANTA,Healthcare,1312.7,1411.7,1426.67,1239.07675,1358.3200931372917,1395.2048787598733,-36.8847856225816,-17.554292542818068,1567.783783169239,1411.7,1255.616216830761,20.204277050750065,-11.328019454201566,2.117205509793245,69.05,HOLD,34.93270365997638,12.082221873528942,2.003263943497315,3.601083916464428,-14.980569948186528,18.0,23.002387856046397,15.441860465116278,11.602564102564102,1.0,100.0,54.41860465116279,76.49572649572649,77.35042735042735,2026-10-09 18:29:13
2026-10-09,SAIL,Metals & Mining,171.55,177.828,179.50799999999998,169.16404999999995,176.18987376582146,178.54615147221662,-2.356277706395161,-0.999791257785235,188.25349627746905,177.828,167.40250372253095,44.03385631709331,-7.966738197424894,2.5364175899586354,69.03,HOLD,13.19262818563347,34.88439515836777,2.2735298302130733,4.0716992130574186,-18.192656175488786,18.0,22.7790096082779,15.555555555555555,11.698717948717947,1.0,70.0,85.55555555555557,81.19658119658119,77.99145299145299,2026-10-09 18:29:13
2026-10-09,PIRAMALFIN,Financial Services,1971.2,2135.26,2145.782,1943.7045,2051.639027273324,2111.0593046290464,-59.42027735572265,-34.74646502652501,2364.827331253713,2135.26,1905.692668746286,18.328840970350427,-14.685133088076174,1.9994197901951127,68.82,HOLD,32.26493267349522,,1.785360791827223,5.3383000927643804,,18.0,25.06410256410256,14.683673469387756,10.076923076923077,1.0,55.00000000000001,91.83673469387756,86.11111111111111,87.17948717948718,2026-10-09 18:29:13
2026-10-09,IIFL,Financial Services,597.7,601.1825,620.944,541.04975,598.5965763564478,606.120634556195,-7.524058199747174,-5.850566497329546,628.6444789795626,601.1825,573.7205210204374,49.220212102308174,-1.2310997273403124,2.061191687340266,68.7,HOLD,40.523607070933096,16.199463410121197,2.214135552867712,3.383207055617966,-15.219858156028366,18.0,23.985672863721643,13.762585034013606,11.955128205128206,1.0,55.00000000000001,82.62585034013605,80.76923076923077,79.7008547008547,2026-10-09 18:29:13
2026-10-09,MANAPPURAM,Financial Services,314.8,317.52250000000004,337.839,310.39,314.0482811605616,321.3666964091801,-7.318415248618521,-7.408729380461628,332.9035366839733,317.52250000000004,302.1414633160268,47.05882352941179,-1.624999999999999,2.267946734194118,68.6,HOLD,20.57132257466148,21.336568975172664,2.021578611136265,3.051824287529496,-17.494430611977464,18.0,22.721246233441352,13.402040816326531,11.474358974358973,3.0,55.00000000000001,79.0204081632653,76.06837606837607,76.49572649572649,2026-10-09 18:29:13
2026-10-09,APLAPOLLO,Capital Goods,2114.1,2160.455,2119.2580000000003,1994.418,2136.8902915574245,2143.199525267973,-6.309233710548597,10.21042756163581,2262.164130677449,2160.455,2058.745869322551,34.37499999999997,-2.486162361623623,2.42571872385274,68.55,HOLD,6.705083752502805,21.64569647032624,2.067875901925495,2.9762749430693263,-8.138524376466505,22.0,20.18568423446472,15.272714642956377,10.096153846153843,1.0,95.0,57.72714642956376,70.51282051282051,67.3076923076923,2026-10-09 18:29:13
2026-10-09,AARTIIND,Chemicals,460.15,482.0325000000001,501.023,455.047,478.24415885938447,486.3199179376446,-8.075759078260148,-7.548203103492846,506.6858711797427,482.0325000000001,457.3791288202575,36.18538324420678,-7.265215638855304,2.192779048030771,68.51,HOLD,19.445103153900888,29.60247008876882,1.9383569958612856,3.6874621629592816,-16.601721794290892,18.0,23.376996986753085,14.083333333333336,12.051282051282053,1.0,60.0,80.83333333333334,80.34188034188034,80.34188034188034,2026-10-09 18:29:13
2026-10-09,EXIDEIND,Automobile and Auto Components,394.4,414.8525,438.231,376.96575000000007,407.6730049463312,417.28333380833,-9.610328861998823,-7.945294891363436,438.7411556428089,414.8525,390.963844357191,12.215132178669151,-3.9805234327449863,1.614593537345611,68.51,HOLD,33.105204520133704,9.09209496477954,1.7142078026694831,2.722942625325993,-20.547945205479454,18.0,22.4208880550344,15.294208494208494,11.794871794871796,1.0,80.0,72.94208494208493,74.35897435897436,78.63247863247864,2026-10-09 18:29:13
2026-10-09,ADANIPOWER,Power,189.0,201.543,205.194,188.42405,197.47043410979683,201.3143247067879,-3.8438905969910593,-2.6415567365021198,214.39364176156585,201.543,188.69235823843417,34.01743552488196,-12.052117263843654,2.283186824584908,68.48,HOLD,23.08782706278425,32.96752376698782,1.9858645548789209,3.6421012849584273,-25.649095200629425,18.0,24.05236227187447,13.088235294117649,12.33974358974359,1.0,45.0,85.88235294117646,83.11965811965813,82.26495726495726,2026-10-09 18:29:13
2026-10-09,KALYANKJIL,Consumer Durables,554.0,572.8100000000001,590.7860000000001,462.4602499999999,561.5775945242444,571.4683305514345,-9.890736027190089,-7.947646389664112,614.2762526069525,572.8100000000001,531.3437473930476,40.22464022464023,-8.821593153390396,2.355232591633865,68.05,HOLD,37.49298619683537,18.75545216632741,2.5342326748725754,3.686823104693144,-14.631327529085446,18.0,24.288020922167263,13.1,11.666666666666668,1.0,35.0,96.0,81.62393162393163,77.77777777777779,2026-10-09 18:29:13
2026-10-09,AEGISVOPAK,Oil Gas & Consumable Fuels,284.8,297.3075,286.3742,236.98155000000003,292.466012703128,291.63796130248375,0.8280514006442559,3.1436341525387137,315.5504301374532,297.3075,279.0645698625468,31.67173252279639,-4.3171510162942965,2.5649499335968087,67.73,HOLD,52.532143794279705,4.908861216386917,2.4168370355516804,4.723866372391655,-11.263436672378868,18.0,22.463016658138606,14.852941176470589,11.41025641025641,1.0,65.0,83.52941176470588,79.05982905982906,76.06837606837607,2026-10-09 18:29:13
2026-10-09,ADANIGREEN,Power,1255.8,1283.925,1308.882,1202.6965,1280.7168774492425,1291.1302692734753,-10.413391824232804,-11.20521663172533,1341.0416074106972,1283.925,1226.808392589303,39.34470620092067,-4.501901140684417,2.7533313476380594,67.28,HOLD,25.47953187976495,16.901918204849785,2.370541044069338,3.689736764270926,-23.02788844621514,18.0,22.698049917562116,12.970588235294116,10.60897435897436,3.0,45.0,84.70588235294117,75.21367521367522,70.72649572649573,2026-10-09 18:29:13
2026-10-09,TATATECH,Information Technology,715.85,720.8325,775.732,678.24975,710.1221857612672,731.6399115861911,-21.5177258249239,-22.858669195365245,773.7221196660648,720.8325,667.9428803339351,47.22455845248107,-9.115723989081436,1.84474106057225,67.0,SELL,42.24637035717467,14.685816876122091,2.307324991642246,3.0852433171354736,-19.657687991021323,18.0,23.957132298595717,9.956521739130435,12.083333333333334,3.0,10.0,89.56521739130434,80.55555555555556,80.55555555555556,2026-10-09 18:29:13
2026-10-09,KPRMILL,Textiles,1053.8,1102.51,1111.4340000000002,995.7345,1087.4457765808108,1102.4342779055655,-14.98850132475468,-9.255778430095326,1152.66797779857,1102.51,1052.35202220143,30.755711775043903,-7.585723055336313,2.015814976651097,66.93,HOLD,31.617092827738148,5.414693043559016,1.8516918994209064,3.128812732153028,-21.00449775112444,18.0,21.391892660185345,15.8,10.737179487179487,1.0,90.0,68.0,71.15384615384616,71.58119658119658,2026-10-09 18:29:13
2026-10-09,ETERNAL,Consumer Services,323.45,326.555,322.654,277.52085000000005,325.06802316927394,324.5625301553008,0.5054930139731368,1.8954523064221056,343.3106400559331,326.555,309.7993599440669,47.70270270270268,0.8889582033686727,1.774600366046077,66.84,SELL,32.00886626713735,-0.309981401115933,1.6896227423381642,2.8873970364154298,-12.213326095806751,26.0,20.231565182784696,9.256521739130434,10.3525641025641,1.0,15.0,77.56521739130434,67.94871794871796,69.01709401709401,2026-10-09 18:29:13
2026-10-09,USHAMART,Capital Goods,502.05,507.2575,503.534,464.61275,508.11381875655735,506.58267440828814,1.5311443482692084,2.440322150911717,540.0472492807544,507.2575,474.4677507192456,47.909053999188,0.681840970620673,2.254055932369992,66.2,HOLD,18.000472143531642,4.516466283324627,1.7639753725042062,3.635807475066512,-7.473276815333585,22.0,19.3575530160896,14.511392053348152,9.326923076923077,1.0,95.0,50.11392053348152,63.888888888888886,62.17948717948718,2026-10-09 18:29:13
2026-10-09,GLAXO,Healthcare,2540.3,2782.925,2808.998,2512.3085,2709.835384741973,2771.168670304445,-61.3332855624717,-24.600769946761613,2988.874844430791,2782.925,2576.975155569209,24.953851317335094,-12.10642862085668,1.8722940112169388,65.76,HOLD,24.37667247164761,9.14715968391231,1.957203419618548,3.381771556790256,-18.598391386547878,18.0,21.33259423503326,14.790697674418604,10.64102564102564,1.0,100.0,47.906976744186046,69.87179487179486,70.94017094017094,2026-10-09 18:29:13
2026-10-09,TVSMOTOR,Automobile and Auto Components,3866.8,4061.905,4220.182,3768.5775,3997.826993587336,4070.568018185478,-72.7410245981423,-47.16138401088818,4251.76719351487,4061.905,3872.0428064851294,21.89403729001296,-6.848787068487871,1.1916147541162534,65.75,HOLD,11.665856162533084,17.738213929639656,1.604925066396398,2.6714596048412136,-13.774110826179054,18.0,20.67820797089089,14.33976833976834,11.73076923076923,1.0,80.0,63.397683397683394,70.08547008547008,78.2051282051282,2026-10-09 18:29:13
2026-10-09,KOTAKBANK,Financial Services,441.0,417.2925,409.471,399.87895,424.6443248426003,418.0705201083352,6.573804734265138,3.716810948510191,439.9719197224562,417.2925,394.6130802775438,70.09873060648799,6.521739130434789,1.476107134473058,65.67,SELL,10.285413652505593,-0.8161816891412377,1.2947163028901632,2.4651765468091997,-2.691968225948804,26.0,16.80413895048041,11.37482993197279,8.493589743589743,3.0,55.00000000000001,58.74829931972789,54.91452991452992,56.623931623931625,2026-10-09 18:29:13
2026-10-09,PETRONET,Oil Gas & Consumable Fuels,291.5,287.675,286.869,281.8663,289.7698976978925,288.3653923426463,1.4045053552461582,0.814856007141529,296.5651187014712,287.675,278.78488129852883,48.95437262357413,1.958726827562085,1.5977286325185132,65.54,HOLD,5.691357568137279,0.2631117347833722,1.3988488525617353,2.209017397696645,-10.692401960784304,26.0,15.992324748422307,12.5,8.044871794871794,3.0,65.0,60.0,52.56410256410257,53.63247863247863,2026-10-09 18:29:13
2026-10-09,CASTROLIND,Oil Gas & Consumable Fuels,194.67,195.423,190.8692,186.1334,196.8992011371544,194.6289340766305,2.2702670605239064,2.713954627539283,204.69282904514893,195.423,186.15317095485108,45.47121378804548,2.912877986889395,1.3398616780209445,65.33,SELL,5.695955369595551,-3.440191631415324,1.0548323465866296,2.1688718637401028,-6.047297297297294,30.0,14.860537836147593,12.029411764705884,7.435897435897436,1.0,65.0,55.294117647058826,49.57264957264957,49.57264957264957,2026-10-09 18:29:13
2026-10-09,ABCAPITAL,Financial Services,380.7,386.61,398.794,365.00975,380.7342794376027,387.58234401838274,-6.848064580780033,-5.742582608619905,409.7148320305105,386.61,363.5051679694896,31.00323624595468,-4.825000000000001,2.162103383061126,65.26,HOLD,17.302009456264788,18.758414360508603,1.840822849726964,2.413786633644789,-11.60900859066636,18.0,21.91767582011484,13.09047619047619,11.25,1.0,55.00000000000001,75.9047619047619,73.93162393162393,75.0,2026-10-09 18:29:13
2026-10-09,MRPL,Oil Gas & Consumable Fuels,172.13,169.881,171.74419999999998,168.29845,172.03305551914525,171.17841737439807,0.8546381447471845,-0.0192575879044095,181.1584369988548,169.881,158.6035630011452,56.63977965768246,-6.684376016480542,2.6771466735831013,65.12,HOLD,-3.643454038997207,2.592087312414737,3.0348570458271458,4.644330281929768,-18.925156610616558,26.0,14.605264654045142,12.147058823529411,7.3717948717948705,5.0,65.0,56.47058823529412,49.14529914529914,49.14529914529914,2026-10-09 18:29:13
2026-10-09,ABSLAMC,Financial Services,1004.05,1028.2525,1025.955,983.37675,1011.5446291367596,1021.9232763932928,-10.37864725653344,-9.215560992118707,1104.1252915658958,1028.2525,952.3797084341044,37.22511902063021,-5.855602437880925,2.612165561754208,64.87,HOLD,6.572191415074968,35.15660610796378,2.2098224244484834,3.823443624748339,-18.03004326883828,18.0,21.3317414293024,13.033333333333337,11.506410256410255,1.0,55.00000000000001,75.33333333333334,78.63247863247864,76.70940170940172,2026-10-09 18:29:13
2026-10-09,CONCORDBIO,Healthcare,1361.4,1438.65,1454.17,1270.193,1392.0642363526356,1422.8868763289763,-30.822639976340724,-17.076505881065746,1585.0459950559748,1438.65,1292.2540049440254,36.2261806130903,-7.039945373847722,2.688544238158091,64.75,HOLD,40.07429986664126,0.0544328774579883,2.4261796625588734,4.211525950177336,-17.38075009103046,18.0,20.926772414577293,14.883720930232556,9.935897435897436,1.0,100.0,48.837209302325576,71.58119658119658,66.23931623931624,2026-10-09 18:29:13
2026-10-09,IDFCFIRSTB,Financial Services,79.52,83.244,84.5642,77.64070000000001,81.30638458102126,82.79406118563978,-1.487676604618514,-0.967561844857742,89.13054630224073,83.244,77.35745369775927,34.96240601503759,-7.534883720930241,1.9960438801565008,64.69,HOLD,31.319265219371477,5.500670813513842,1.614701847467723,3.01900689853406,-11.259904028568249,18.0,21.406162942748303,13.158503401360546,11.121794871794872,1.0,55.00000000000001,76.58503401360545,70.94017094017094,74.14529914529915,2026-10-09 18:29:13
2026-10-09,BAJAJ-AUTO,Automobile and Auto Components,9778.0,10909.15,11430.95,10222.725,10369.06068577381,10850.725989842102,-481.6653040682922,-323.9524086501822,12355.919217401748,10909.15,9462.380782598251,15.280135823429532,-17.06530958439355,1.9725780875284284,64.54,SELL,26.841768097373485,33.14653964695993,1.7643156362545462,2.6714490255091605,-21.58781074578989,10.0,24.528171015975897,15.9984555984556,13.012820512820513,1.0,80.0,79.98455598455598,85.04273504273505,86.75213675213675,2026-10-09 18:29:13
2026-10-09,AIAENG,Capital Goods,3737.7,3903.445,4215.063999999999,4126.8330000000005,3857.935801251948,3975.583139600032,-117.64733834808384,-120.07727094212744,4100.987687991567,3903.445,3705.902312008432,29.54861111111109,-10.41202272237004,1.922816164969123,64.42,SELL,15.906926112396237,30.440109031882635,1.6654059519725946,2.9051479328387595,-27.84362934362935,10.0,22.84143498777645,16.174631842178382,12.403846153846152,3.0,95.0,66.74631842178383,79.27350427350427,82.6923076923077,2026-10-09 18:29:13
2026-10-09,ANGELONE,Financial Services,292.0,291.5025,292.577,287.71785,290.3848154744682,291.6476808251983,-1.262865350730067,-2.478808559639352,309.95837839601217,291.5025,273.04662160398783,45.19621109607576,-2.3574653068048845,2.037334973656061,64.18,HOLD,11.351916897092895,16.233715578438268,1.887980386735877,3.0442759295499022,-18.990151199889027,18.0,20.256353402694867,12.604761904761908,10.32051282051282,3.0,55.00000000000001,71.04761904761905,69.23076923076923,68.80341880341881,2026-10-09 18:29:13
2026-10-09,ZENTEC,Capital Goods,1528.8,1639.28,1736.92,1587.0165,1600.07707157281,1658.1764781481045,-58.09940657529432,-48.88649484340526,1760.170478489711,1639.28,1518.389521510289,26.510663507109,-13.24973046586847,1.8658914259945731,64.03,SELL,25.827357970215115,29.13040401896272,2.151654990226013,3.44013979218061,-25.194500171258017,10.0,24.00085280573085,16.597527090858573,12.435897435897436,1.0,95.0,70.97527090858571,82.05128205128204,82.90598290598291,2026-10-09 18:29:13
2026-10-09,ADANIENSOL,Power,1262.0,1344.6650000000002,1467.784,1290.66125,1319.6084634654903,1368.4399134374935,-48.83144997200316,-47.94243127568637,1437.49680659553,1344.6650000000002,1251.8331934044704,23.30573443728919,-11.332818098784514,2.2297869311058776,64.02,SELL,31.156247088418908,41.54140063345233,2.2134771104238284,3.7129273262395306,-29.457797652319726,10.0,26.06441525953721,13.911764705882357,13.044871794871794,1.0,45.0,94.11764705882352,88.67521367521367,86.96581196581197,2026-10-09 18:29:13
2026-10-09,ASAHIINDIA,Automobile and Auto Components,945.95,957.735,943.283,907.06475,953.452225519158,952.300099022306,1.1521264968519065,3.5633878016776266,984.2388050892832,957.735,931.2311949107165,45.943041375604544,-2.353548387096771,1.6685382398085609,63.89,HOLD,11.811852805241909,2.780317289593981,1.507432973255489,2.9460179864535285,-11.922718808193666,22.0,18.081073398146568,13.870270270270272,8.942307692307692,1.0,80.0,58.70270270270271,58.54700854700855,59.61538461538461,2026-10-09 18:29:13
2026-10-09,BHARATFORG,Automobile and Auto Components,1816.9,1919.695,2017.032,1860.8365,1881.6022709029185,1932.8153417552865,-51.21307085236776,-39.62480930089548,2053.1327280350847,1919.695,1786.2572719649158,32.0208023774146,-8.218832087290352,1.8348248155880715,63.65,SELL,12.47894914112495,49.45177892145893,1.895075965582729,2.800295636995509,-20.8322440087146,10.0,23.72840980158053,15.52123552123552,13.397435897435898,1.0,80.0,75.2123552123552,87.3931623931624,89.31623931623932,2026-10-09 18:29:13
2026-10-09,ZYDUSWELL,Fast Moving Consumer Goods,490.7,521.4,525.4670000000001,488.25325,506.45277165563465,517.4058766045007,-10.95310494886604,-7.84733259708431,567.6392178043465,521.4,475.16078219565344,38.58951175406872,-11.457957416095276,2.222765556301307,62.94,HOLD,15.822784810126578,16.32972071696539,2.3203942456146174,3.410579638417419,-19.800604723379923,18.0,21.219341633975777,12.461538461538462,10.256410256410255,1.0,40.0,84.61538461538461,71.7948717948718,68.37606837606837,2026-10-09 18:29:13
2026-10-09,LODHA,Realty,1064.8,1121.0,1186.606,1022.731,1112.2196920065846,1137.1865936392326,-24.96690163264793,-20.412721454023043,1186.2002906031612,1121.0,1055.7997093968388,34.616865614170194,-8.679245283018878,2.4789158022993143,62.87,SELL,55.61404635038838,-1.8702939033276575,2.463544312388698,3.177659117741764,-20.829770623443256,18.0,20.96622889305816,11.90909090909091,10.993589743589745,1.0,30.0,89.0909090909091,76.28205128205127,73.29059829059828,2026-10-09 18:29:13
2026-10-09,CYIENT,Information Technology,1158.8,1086.6,1009.606,963.4375,1104.903432063402,1076.9498691793128,27.95356288408925,27.95613879338117,1144.5288856226052,1086.6,1028.6711143773946,62.47446746425444,7.785322295600405,2.5342909241457683,62.52,SELL,26.4242071574047,-6.393795777682032,2.558991151405708,4.481853148577347,-5.171849427168585,26.0,17.452498720791404,8.478260869565217,8.58974358974359,2.0,10.0,74.78260869565216,59.18803418803419,57.26495726495726,2026-10-09 18:29:13
2026-10-09,ENRIN,Capital Goods,3101.0,3205.15,3291.086,3086.66,3227.5651210679143,3237.149952450961,-9.584831383046549,-11.163390227981932,3389.963379556625,3205.15,3020.336620443375,41.2750755702116,-2.597606558406884,2.527958936379262,62.29,SELL,18.447644075952184,-0.1933693041824002,2.490784646763316,3.9233887685999904,-21.849798387096776,18.0,18.50224572175792,14.06849124756877,8.717948717948719,3.0,95.0,45.68491247568769,59.82905982905983,58.119658119658126,2026-10-09 18:29:13
2026-10-09,BEML,Capital Goods,1894.7,2012.2,1952.774,1793.861,1981.2741832795025,1989.6848133504095,-8.410630070907473,10.961806824183196,2138.866374884257,2012.2,1885.5336251157437,23.400487048926323,-9.681571169796932,2.5917421301248185,61.98,SELL,32.761664564943246,-3.72199359853681,2.2356079424939344,3.193494635411561,-16.743930572338783,18.0,19.136790039229066,14.64531814392887,9.198717948717947,1.0,95.0,51.4531814392887,65.38461538461539,61.32478632478633,2026-10-09 18:29:13
2026-10-09,BSE,Financial Services,3287.2,3235.275,3338.318,3318.547,3247.07717398714,3268.065766727295,-20.988592740154672,-45.74927060356107,3417.2599140653874,3235.275,3053.2900859346128,51.0009624639076,-0.0790321600097399,2.433474029268395,60.95,SELL,7.282842331521055,33.18683043597692,2.1962532263455263,3.413456524006537,-26.077179095079615,10.0,21.3259423503326,13.089115646258504,11.53846153846154,5.0,55.00000000000001,75.89115646258503,77.35042735042735,76.92307692307693,2026-10-09 18:29:13
2026-10-09,ICICIBANK,Financial Services,1355.0,1340.41,1392.4,1353.2030000000002,1341.434118113212,1355.7654695015456,-14.331351388333587,-20.269721456684124,1386.0257359736934,1340.41,1294.7942640263068,54.97835497835494,-2.454826866316317,1.0712081822834438,60.83,HOLD,6.88970363580812,3.936423054070115,1.0200440280566223,1.6104375329467568,-8.445945945945944,18.0,17.058331911990447,11.474149659863947,9.294871794871794,5.0,55.00000000000001,59.74149659863946,57.05128205128205,61.965811965811966,2026-10-09 18:29:13
2026-10-09,LICHSGFIN,Financial Services,551.65,544.645,530.2639999999999,533.22575,535.1466163310639,538.1938268919653,-3.0472105609013624,-0.5039657801635189,588.7002750888938,544.645,500.58972491110615,51.13636363636364,-0.6036036036036085,2.334478845149966,60.63,SELL,6.30664652567976,-2.180522978021016,1.84077670529314,3.4215535212544204,-7.78167836843866,24.0,15.373585763829665,10.592517006802725,7.66025641025641,3.0,55.00000000000001,50.925170068027214,50.85470085470085,51.06837606837607,2026-10-09 18:29:13
2026-10-09,NIACL,Financial Services,162.23,176.81400000000002,183.1292,163.174,167.49691366522865,175.89945432636105,-8.402540661132406,-6.132166935331012,205.57666249296568,176.81400000000002,148.05133750703436,23.24847464759098,-21.059802442703525,3.164053633098038,60.09,SELL,56.83607183798243,12.148204819935504,3.819522005453276,4.290645556132825,-33.12860676009893,10.0,24.17050429245551,13.859183673469389,11.057692307692308,1.0,55.00000000000001,83.59183673469389,84.1880341880342,73.71794871794873,2026-10-09 18:29:13
2026-10-09,INDUSINDBK,Financial Services,861.65,923.51,975.916,923.7905,896.7993526492074,928.3825976479454,-31.583244998738,-26.8255887560932,1004.913753954555,923.51,842.106246045445,23.712635016327557,-14.17828685258964,1.777051351274835,59.8,SELL,19.3492433758,25.197640858326032,1.6410182259547546,2.6651524069269112,-20.058449691515516,10.0,22.861049519586107,13.627891156462583,12.307692307692308,1.0,55.00000000000001,81.27891156462584,77.56410256410257,82.05128205128204,2026-10-09 18:29:13
2026-10-09,VTL,Textiles,528.2,549.475,576.99,557.40375,540.3496437822213,555.0866929603703,-14.73704917814905,-14.110592772320247,583.2307402525782,549.475,515.7192597474218,30.335305719921134,-9.39965694682675,2.316910006948035,59.63,SELL,5.994377437199594,31.79972936400541,1.9602868053766456,3.5058419429869647,-23.2267441860465,10.0,20.85860480982432,16.2,11.57051282051282,1.0,90.0,72.0,76.92307692307693,77.13675213675214,2026-10-09 18:29:13
2026-10-09,DEEPAKFERT,Chemicals,1392.6,1346.7050000000002,1420.22,1294.68425,1364.708070455264,1373.4341349152453,-8.726064459981444,-21.346047808115788,1418.9931798593043,1346.7050000000002,1274.416820140696,55.926103646833006,2.5629695095006566,2.598765432345084,59.39,SELL,28.26646335652341,-9.397509256142712,2.139768548096661,3.7329968609589472,-17.156454491374184,18.0,16.540110296207857,11.416666666666666,8.429487179487179,5.0,60.0,54.16666666666666,57.26495726495726,56.1965811965812,2026-10-09 18:29:13
2026-10-09,LTFOODS,Fast Moving Consumer Goods,408.05,417.45,425.934,400.5055,411.93919180308666,417.9948995556437,-6.055707752557055,-4.896164208742992,442.0342910904731,417.45,392.86570890952686,41.671247938427726,-10.031970014331382,1.8560730040529851,59.17,HOLD,11.417033773861965,9.672368104071303,1.950077790687082,3.0309660930908344,-16.843285102914194,18.0,19.24430041503212,11.307692307692308,9.615384615384617,1.0,40.0,73.07692307692307,64.74358974358975,64.1025641025641,2026-10-09 18:29:13
2026-10-09,ASTERDM,Healthcare,699.85,732.205,772.8480000000001,709.3285000000001,710.3652723010744,734.450819618431,-24.0855473173566,-19.387813680276185,797.2539847811146,732.205,667.1560152188855,33.10893512851899,-10.315883898250789,1.93266997354763,59.12,SELL,18.58214553638411,16.493477780234358,1.6869910257772094,3.3180579511936243,-21.47986087737013,10.0,21.72079140371823,15.02325581395349,11.378205128205128,1.0,100.0,50.23255813953488,72.86324786324786,75.85470085470085,2026-10-09 18:29:13
2026-10-09,CRISIL,Financial Services,4423.8,4544.38,4562.246,4333.6335,4496.469046719212,4534.920300420356,-38.4512537011442,-20.479352443628965,4720.676253057539,4544.38,4368.083746942461,40.68597745727793,-5.68797168805697,1.5449434715241104,58.59,SELL,23.41977519923162,-2.4117405582922857,1.6246942981052388,2.941879315133079,-12.657703014867018,18.0,18.34214565921883,11.887755102040815,9.358974358974358,1.0,55.00000000000001,63.87755102040816,61.32478632478633,62.39316239316239,2026-10-09 18:29:13
2026-10-09,IKS,Information Technology,1716.6,1782.33,1784.346,1658.8575,1764.4347204911544,1775.9773861433853,-11.54266565223088,-2.7174946691001067,1890.145087314475,1782.33,1674.514912685525,43.4916718075262,-4.2129345460632734,2.320703124351959,58.49,SELL,21.98464912280702,8.009708737864084,2.048805668460962,3.86186980909106,-12.862944162436552,18.0,20.822445846836093,8.82608695652174,9.83974358974359,1.0,10.0,78.26086956521739,68.58974358974359,65.5982905982906,2026-10-09 18:29:13
2026-10-09,TITAN,Consumer Durables,4410.0,4735.410000000001,4917.372,4417.387,4582.581408819418,4726.732307579865,-144.15089876044658,-99.78502132624818,5156.112389619528,4735.410000000001,4314.707610380474,30.20079502599125,-11.888111888111885,1.5831659208882016,58.47,SELL,11.007234279354485,33.8971674050208,1.2695723847690272,2.413022351797861,-14.974839493319449,10.0,22.16072545340838,12.166666666666666,13.14102564102564,1.0,35.0,86.66666666666666,79.48717948717949,87.6068376068376,2026-10-09 18:29:13
2026-10-09,TEJASNET,Telecommunication,447.2,499.375,520.571,471.74175,478.254109431613,500.0076195760328,-21.75351014441975,-15.881023265999945,560.6177396341315,499.375,438.1322603658686,16.744621141253532,-22.34762979683973,2.1220703043569777,58.37,SELL,33.889267075107774,10.248505231689077,2.6676212454472656,3.6816381293125486,-30.63978286157426,10.0,22.7116379555404,13.88888888888889,10.769230769230768,1.0,50.0,88.88888888888889,75.0,71.7948717948718,2026-10-09 18:29:13
2026-10-09,APOLLOHOSP,Healthcare,8027.5,8539.075,8706.03,8041.1975,8220.5179855483,8464.913211044664,-244.39522549636425,-147.31733547614016,9430.27031056836,8539.075,7647.879689431642,28.30099384761003,-10.477305676368909,2.154915886265722,58.13,SELL,19.401472674457885,12.946514154259049,1.5714068843887197,2.929661431685723,-11.498814839314264,10.0,21.315879242708508,14.976744186046512,10.833333333333332,1.0,100.0,49.76744186046511,70.2991452991453,72.22222222222221,2026-10-09 18:29:13
2026-10-09,GROWW,Financial Services,192.39,189.9275,192.5484,184.5376,190.1199420499952,190.74351965578853,-0.6235776057933435,-1.6580510805521569,200.60570579251836,189.9275,179.24929420748168,50.85807681830563,-1.150901710938712,2.027670905758,58.11,HOLD,7.861444119109451,,1.794447520043664,2.876968657414627,,18.0,15.19230769230769,10.908163265306124,9.006410256410255,5.0,55.00000000000001,54.08163265306123,61.11111111111112,60.04273504273504,2026-10-09 18:29:13
2026-10-09,ANANTRAJ,Realty,570.75,600.3475,610.875,547.6415000000001,595.8787919884711,601.4475674595677,-5.568775471096615,-2.648759999179291,631.8859890169708,600.3475,568.8090109830291,40.01128668171556,-6.9833767926988255,2.272468485254184,57.71,SELL,28.98804616652928,-3.745001537988313,2.0895833449424384,3.820161441712034,-23.250184898809923,18.0,18.609699243845583,11.0,9.102564102564102,1.0,30.0,80.0,63.46153846153846,60.68376068376068,2026-10-09 18:29:13
2026-10-09,TRITURBINE,Capital Goods,511.1,545.1324999999999,572.678,561.68475,534.1966749980321,549.1874639991374,-14.990789001105329,-12.731978574945304,577.5464228532609,545.1324999999999,512.718577146739,23.02568981921989,-9.547827625873806,1.8026833369882285,57.7,SELL,24.927380311995705,7.508564021849851,1.751685971376392,3.0718059088241088,-35.1066531234129,10.0,20.9847632042754,15.042650736315643,10.673076923076923,1.0,95.0,55.42650736315643,69.44444444444444,71.15384615384616,2026-10-09 18:29:13
2026-10-09,MANKIND,Healthcare,2368.5,2412.51,2405.354,2301.5440000000003,2442.4540682291627,2425.185752980869,17.26831524829322,22.57671088985088,2618.642404051368,2412.51,2206.3775959486325,54.9561403508772,4.5695364238410585,2.39829586642723,57.65,SELL,13.080954013418866,-3.771619087309852,1.8321951693264185,3.219638710455687,-10.35200605601817,18.0,16.222184319745292,12.511627906976743,7.916666666666666,3.0,100.0,25.11627906976744,53.41880341880342,52.77777777777778,2026-10-09 18:29:13
2026-10-09,PAYTM,Financial Services,1636.0,1726.4299999999998,1641.032,,1686.9438769864769,1683.3047760776287,3.6391009088481496,20.936738983256305,1858.5853009869277,1726.4299999999998,1594.2746990130722,27.2010232359838,-6.594347701969738,2.801363640381624,56.77,HOLD,50.051664495260326,,2.746783574010913,3.922458959133778,,0.0,27.307692307692307,15.19387755102041,13.269230769230768,1.0,55.00000000000001,96.93877551020408,92.94871794871796,88.46153846153845,2026-10-09 18:29:13
2026-10-09,OBEROIRLTY,Realty,1698.8,1768.0550000000003,1815.32,1685.5739999999998,1749.6282917650803,1779.9424883186723,-30.314196553592183,-19.51708270172596,1885.8566437200868,1768.0550000000003,1650.2533562799138,37.17261904761904,-5.622222222222229,2.137326150570235,56.71,HOLD,12.104169213840322,1.4550484094052465,1.8022233938116468,2.912560126475834,-14.465535471527112,18.0,17.95843993404969,11.0,8.75,1.0,30.0,80.0,57.47863247863248,58.333333333333336,2026-10-09 18:29:13
2026-10-09,CANHLIFE,Financial Services,139.22,149.2615,150.7444,145.57,146.04183273383046,148.53407591018416,-2.4922431763536963,-1.4632170613047346,158.2812007185748,149.2615,140.24179928142522,22.690992018244017,-6.870024750819459,1.5860357360591697,56.56,SELL,5.350919155333833,30.954808019028192,1.698294895005534,4.898721448067806,,10.0,20.624936039570184,12.751700680272108,12.17948717948718,1.0,55.00000000000001,72.51700680272108,75.42735042735043,81.19658119658119,2026-10-09 18:29:13
2026-10-09,CCL,Fast Moving Consumer Goods,1051.5,1052.765,1092.438,1075.96325,1049.9737448564397,1063.8866244788342,-13.912879622394485,-17.7211761699967,1092.889085167472,1052.765,1012.640914832528,45.08025122121428,-4.8157870915180645,1.319486909447492,56.54,SELL,0.6588319088318917,28.894715841076213,1.3936753822841996,2.846953331974729,-15.351795202060858,10.0,19.525044061629423,11.76923076923077,12.243589743589745,3.0,40.0,77.6923076923077,73.07692307692307,81.62393162393163,2026-10-09 18:29:13
2026-10-09,CUMMINSIND,Capital Goods,4830.0,4929.27,5135.298,5005.912,4870.905366864338,4963.332881175409,-92.4275143110708,-93.37718200217294,5160.363866551804,4929.27,4698.176133448195,35.29090710621111,-6.585436611546269,1.685413872181464,56.54,SELL,5.080999937451791,15.076375094184534,1.418898257990326,2.360248447204969,-20.819672131147534,10.0,18.817556427312528,14.429702695193107,10.288461538461538,3.0,95.0,49.297026951931095,65.5982905982906,68.58974358974359,2026-10-09 18:29:13
2026-10-09,POLYCAB,Capital Goods,8255.0,8231.825,8703.35,8404.0125,8214.65031959298,8359.41654898117,-144.76622938818946,-176.18363635666114,8500.947213482317,8231.825,7962.702786517685,44.01321222130471,-1.1850610485994784,1.2898876950456333,56.41,SELL,10.17038352739952,9.794794466662292,1.7256715996168943,2.0727697499351043,-18.4771874382777,10.0,18.99078969810677,14.423034176160044,9.999999999999998,3.0,95.0,49.23034176160044,64.31623931623932,66.66666666666666,2026-10-09 18:29:13
2026-10-09,AUBANK,Financial Services,982.0,1021.18,1054.95,1005.769,1006.6703245229752,1025.5183929250345,-18.848068402059084,-15.662984514097262,1073.9147523485558,1021.18,968.445247651444,36.02189781021898,-7.4021687883074065,2.1805712751668462,56.38,SELL,10.942343459392443,23.84797277813022,1.812630396312988,2.8280477160314232,-14.168341928153128,10.0,21.177213030871567,12.92312925170068,11.282051282051285,1.0,55.00000000000001,74.2312925170068,74.14529914529915,75.21367521367522,2026-10-09 18:29:13
2026-10-09,KEI,Capital Goods,4585.0,4580.49,5080.648,4834.3755,4600.271668061983,4727.215852516948,-126.94418445496468,-160.46865372409988,4730.3890804369685,4580.49,4430.590919563031,46.90770694576594,-1.8096155905343192,1.8314411295744908,56.24,SELL,4.22213347532836,17.90617705378881,2.56551828343449,2.582333696837514,-22.27496185794202,10.0,19.128375689351294,14.40025006946374,9.711538461538462,3.0,95.0,49.0025006946374,67.09401709401709,64.74358974358975,2026-10-09 18:29:13
2026-10-09,NESTLEIND,Fast Moving Consumer Goods,1333.0,1351.63,1425.188,1363.569,1336.6429469088212,1364.6458135261196,-28.002866617298423,-29.01894228781239,1409.3234220458871,1351.63,1293.9365779541126,42.15139442231074,-4.307250538406315,1.5041718142247884,56.18,SELL,15.39095328334843,10.56287992421252,1.436787388895136,2.1021326760261503,-14.16613007083065,10.0,20.3698334186139,11.846153846153848,10.96153846153846,3.0,40.0,78.46153846153848,67.52136752136752,73.07692307692307,2026-10-09 18:29:13
2026-10-09,GODREJIND,Diversified,985.4,1076.435,1163.51,1072.40175,1043.8362863575087,1086.9362712786126,-43.099984921103896,-37.90770697523203,1167.391282731969,1076.435,985.4787172680306,19.22300706357214,-13.058055408505387,1.493418095053019,55.83,SELL,29.756706175920144,1.3824884792626555,1.5530450954563328,3.5032909043463114,-31.71171171171171,10.0,20.468360907385296,13.5,10.865384615384617,1.0,85.0,50.0,68.16239316239316,72.43589743589743,2026-10-09 18:29:13
2026-10-09,PNB,Financial Services,116.98,115.1985,115.4438,114.29195,114.4951696594334,114.81910261670654,-0.3239329572731577,-0.3782524386193949,120.17291147008156,115.1985,110.22408852991842,49.35982339955852,1.1850185970071925,1.6159275236988595,55.46,SELL,4.372863055605536,-6.088082901554404,1.4270435551134546,2.561487922233349,-13.444321124676284,22.0,13.68616749104554,10.044217687074832,6.730769230769231,3.0,55.00000000000001,45.4421768707483,45.2991452991453,44.87179487179488,2026-10-09 18:29:13
2026-10-09,PARADEEP,Chemicals,146.75,153.5575,153.0334,136.23035,152.86739162363497,153.3510156772119,-0.483624053576932,0.3089470628495232,159.63851402555454,153.5575,147.47648597444547,31.231485399915314,-7.073201621073954,1.96188013142379,55.36,SELL,31.78556701030928,-4.665592745062952,2.578105417997232,2.9807739109272307,-27.20373034376705,14.0,18.609471828984024,12.583333333333336,9.166666666666666,1.0,60.0,65.83333333333334,64.1025641025641,61.11111111111112,2026-10-09 18:29:13
2026-10-09,AIIL,Financial Services,549.7,545.3875,548.93,,547.9335518972621,545.7660419140925,2.167509983169566,1.640407924053196,570.52134958053,545.3875,520.2536504194701,44.85049833887048,6.955929565132801,2.415147058252375,55.24,HOLD,19.211599456275508,,2.775075095365384,2.8872891707164934,,8.0,20.769230769230766,13.051020408163266,10.416666666666666,3.0,55.00000000000001,75.51020408163265,74.78632478632478,69.44444444444444,2026-10-09 18:29:13
2026-10-09,HINDALCO,Metals & Mining,900.35,959.295,1001.007,980.214,936.5071544888302,962.5563202190548,-26.04916573022456,-19.175712160607883,1024.771166013213,959.295,893.8188339867874,25.021745433459003,-12.323497906320002,1.6441473999479168,55.2,SELL,6.009665896196692,19.09820585457977,1.5896593118075626,2.343533070472591,-23.43962585034013,10.0,19.726817897549605,13.444444444444446,11.025641025641027,1.0,70.0,64.44444444444444,69.01709401709401,73.50427350427351,2026-10-09 18:29:13
2026-10-09,OIL,Oil Gas & Consumable Fuels,443.5,467.2299999999999,470.395,461.63525,455.6717811216637,464.0441997274737,-8.372418605810026,-5.241244341408189,502.0788374796689,467.2299999999999,432.3811625203309,30.12345679012347,-11.113338009820616,1.2774602475269683,55.15,SELL,7.9420416167338415,13.363844393592682,1.5597616590789636,2.278144628764696,-16.478342749529197,10.0,19.193473193473192,14.382352941176473,10.576923076923077,1.0,65.0,78.8235294117647,65.8119658119658,70.51282051282051,2026-10-09 18:29:13
2026-10-09,PCBL,Chemicals,312.4,330.0525,324.808,299.57925,325.3489843061752,326.6714831789662,-1.322498872790959,1.238200343810489,350.72267874798627,330.0525,309.3823212520137,31.133540372670808,-6.732348111658459,2.1235081466649595,55.14,SELL,21.88612099644129,-8.105086640581327,2.998971685384532,3.399945125297236,-20.710659898477168,18.0,16.406560918756043,11.75,7.98076923076923,1.0,60.0,57.5,55.55555555555556,53.20512820512821,2026-10-09 18:29:13
2026-10-09,M&MFIN,Financial Services,319.45,337.025,366.25200000000007,343.34,327.9311448108636,340.8576586814863,-12.926513870622728,-11.534845388855787,366.0532711561671,337.025,307.9967288438329,26.009922041105558,-12.17869415807561,1.775484301067373,54.89,SELL,26.1712167172228,17.498430634023855,2.5207544436974985,3.3360910493482123,-23.02409638554217,6.0,22.85479561089317,13.595238095238097,11.44230769230769,1.0,55.00000000000001,80.95238095238096,75.85470085470085,76.28205128205127,2026-10-09 18:29:13
2026-10-09,SUNPHARMA,Healthcare,1760.0,1829.085,1887.276,1807.258,1804.638953539312,1837.1202327146464,-32.48127917533475,-25.621945067254277,1901.1983690795253,1829.085,1756.971630920474,36.462346760070055,-5.624966486138671,1.183088054564173,54.89,SELL,9.99066837746414,10.519221753398966,1.1021386334195011,1.9188311688311692,-14.016317357955932,10.0,19.07351185399966,13.627906976744184,11.185897435897434,1.0,100.0,36.279069767441854,64.52991452991454,74.57264957264957,2026-10-09 18:29:13
2026-10-09,GRASIM,Construction Materials,2890.0,3103.21,3205.916,2977.632,3007.655866531342,3098.8732319241644,-91.21736539282256,-63.21193266053038,3366.068608381016,3103.21,2840.3513916189845,22.25312934631434,-12.424242424242426,1.4424993712695036,54.87,SELL,19.97677962412019,14.031518328218208,1.5295726015719122,2.130993573900149,-15.276596992172609,10.0,21.60662914321451,10.5,11.762820512820513,1.0,5.0,100.0,72.22222222222221,78.41880341880342,2026-10-09 18:29:13
2026-10-09,PIDILITIND,Chemicals,1482.0,1521.475,1598.606,1499.4625,1499.3790399520233,1534.0728643618274,-34.693824409804165,-33.16570243841255,1608.6242337738388,1521.475,1434.325766226161,34.36306837903507,-5.72519083969466,1.7202410768095513,54.77,SELL,17.564575645756463,9.07223553577543,1.5478481452541968,2.399749373433586,-13.206442166910692,10.0,20.252771618625275,13.0,10.512820512820513,1.0,60.0,70.0,67.3076923076923,70.08547008547008,2026-10-09 18:29:13
2026-10-09,HINDCOPPER,Metals & Mining,468.85,489.155,515.7130000000001,528.25225,480.716858098444,493.6208224032443,-12.903964304800354,-11.760926653986278,524.3075083330451,489.155,454.0024916669549,36.92166743014204,-11.919969941762156,2.08562699529205,54.48,SELL,1.254156769596193,55.91806876371616,2.642704201626931,2.981459193467299,-38.31326886389053,4.0,21.819830575928137,15.0,12.660256410256409,1.0,70.0,80.0,86.75213675213675,84.4017094017094,2026-10-09 18:29:13
2026-10-09,SHRIRAMFIN,Financial Services,940.45,983.0375,1049.669,1008.30175,964.251862506222,993.8529918669334,-29.60112936071141,-26.410475319334225,1044.1562272101492,983.0375,921.918772789851,33.63914373088686,-8.605442176870747,2.0277120800759496,54.25,SELL,0.5668491008600451,29.198317534057374,1.8815238623633888,2.598679963239483,-18.48400797434342,10.0,19.593495934959343,12.44013605442177,11.217948717948715,1.0,55.00000000000001,69.40136054421768,73.29059829059828,74.78632478632478,2026-10-09 18:29:13
2026-10-09,PERSISTENT,Information Technology,5770.0,5423.425,5517.674,5358.189,5478.273805766242,5463.1208107338425,15.152995032399303,-22.70468153485376,5688.887114454225,5423.425,5157.962885545775,63.44984802431611,6.477209817309459,1.968182189096936,53.98,SELL,3.463034295390699,-6.255268925982128,1.8812658019548565,2.8435256251547414,-12.562509471131987,22.0,13.518051054636418,7.695652173913044,6.762820512820513,4.0,10.0,66.95652173913044,44.65811965811966,45.085470085470085,2026-10-09 18:29:13
2026-10-09,EICHERMOT,Automobile and Auto Components,7050.0,7280.475,7680.43,7401.5075,7111.916958670633,7324.180754258861,-212.26379558822828,-185.66604248358607,7790.5315990265535,7280.475,6770.418400973447,33.61462728551335,-8.849957980477086,1.6391894643635014,53.75,SELL,8.645351283129997,10.30825087207232,1.313112617335624,2.0851063829787235,-14.337788578371812,10.0,18.828472340667464,13.952123552123552,9.967948717948715,1.0,80.0,59.521235521235525,63.67521367521367,66.45299145299145,2026-10-09 18:29:13
2026-10-09,MARICO,Fast Moving Consumer Goods,786.15,803.01,829.281,798.9960000000001,794.5251578509514,806.6690348485322,-12.143876997580833,-10.5887079639182,837.6784537326189,803.01,768.3415462673811,42.47562526494277,-3.4095097677847352,1.3916145289798476,53.7,SELL,10.228108903605593,14.081971752977008,1.2543662333844434,2.1665258356729464,-11.579124957822518,10.0,19.77474557962363,11.615384615384617,11.314102564102564,1.0,40.0,76.15384615384616,67.73504273504274,75.42735042735043,2026-10-09 18:29:13
2026-10-09,TATACAP,Financial Services,318.7,336.43500000000006,355.068,340.157,326.81406381782017,338.19921264335164,-11.385148825531472,-9.73285751022615,366.6752676819124,336.43500000000006,306.1947323180877,29.452485840151013,-12.203856749311292,1.876677878033752,53.67,SELL,12.760416666666677,11.937347931873488,1.6057387443984323,2.908019185082252,,10.0,19.988117573483425,12.48639455782313,10.192307692307692,1.0,55.00000000000001,69.8639455782313,66.66666666666666,67.94871794871796,2026-10-09 18:29:13
2026-10-09,RAINBOW,Healthcare,1250.2,1370.145,1436.32,1328.1919999999998,1306.2406880062542,1361.7004057811232,-55.45971777486898,-40.74474515398189,1541.766449708358,1370.145,1198.523550291642,17.815549260308444,-13.84466956102266,1.672611473023872,53.25,SELL,14.066556525843763,5.255898366606182,1.4353051218002475,3.8039627945243097,-22.347826086956523,10.0,18.941724941724942,13.627906976744184,9.67948717948718,1.0,100.0,36.27906976744186,62.39316239316239,64.52991452991454,2026-10-09 18:29:13
2026-10-09,KIMS,Healthcare,705.5,756.935,774.6690000000001,721.02425,728.3153439435554,750.0336912991456,-21.718347355590254,-13.03809693142804,836.1374860056343,756.935,677.7325139943656,19.70972423802614,-7.359989495108654,1.9622770115245831,53.18,SELL,15.083546590395924,5.19435844513243,1.4748390913447085,3.6691303027235023,-17.773892773892776,10.0,19.01574847916311,13.581395348837209,9.583333333333332,1.0,100.0,35.81395348837209,63.034188034188034,63.888888888888886,2026-10-09 18:29:13
2026-10-09,TITAGARH,Capital Goods,777.2,819.0625,834.023,797.30125,805.5205881806253,819.6096262230328,-14.089038042407536,-9.148120146718831,860.6614103475742,819.0625,777.4635896524258,19.42336874051591,-11.313972727791398,1.432309304094497,52.62,SELL,24.29266915966979,-2.883290148299256,1.655679193555423,2.711197706051025,-19.95880535530381,10.0,18.20814145204389,13.960127813281469,9.455128205128204,1.0,95.0,44.60127813281467,61.75213675213676,63.034188034188034,2026-10-09 18:29:13
2026-10-09,INDHOTEL,Consumer Services,715.65,724.7099999999999,726.7610000000001,688.75675,723.1623519927022,724.3226798624809,-1.1603278697787118,-0.1603468873666785,745.8136938647299,724.7099999999999,703.60630613527,43.70397643593519,-0.9823590453130416,1.3968082707760172,52.15,SELL,13.145281684607513,-3.633808472194333,1.2665252911087257,2.3070934515076225,-5.5122788486928975,18.0,16.487293194610267,8.26086956521739,8.397435897435898,1.0,15.0,67.6086956521739,53.84615384615385,55.98290598290598,2026-10-09 18:29:13
2026-10-09,GAIL,Oil Gas & Consumable Fuels,166.64,171.419,173.2694,166.2088,170.14059577341317,171.4646294817308,-1.3240337083176428,-0.8591424886474313,175.7686637498607,171.419,167.06933625013932,34.07894736842104,-4.722698684962845,1.1234449962395734,52.14,SELL,14.213959556425303,-4.6818008601448025,1.4036348671888963,2.0656162128797737,-10.825707711243115,14.0,16.15930411052362,12.617647058823527,8.365384615384615,1.0,65.0,61.17647058823529,53.20512820512821,55.76923076923077,2026-10-09 18:29:13
2026-10-09,JSWSTEEL,Metals & Mining,1168.0,1252.535,1281.51,1238.5145,1232.097574342444,1254.8812256925344,-22.783651350090395,-13.206497390655128,1321.0972352703295,1252.535,1183.9727647296706,28.18329278183293,-10.839694656488552,1.8166224846231107,52.14,SELL,8.624298752407267,8.56066945606695,1.441480112791196,2.4718688845401204,-13.545521835677278,10.0,18.363806924782537,13.222222222222223,9.55128205128205,1.0,70.0,62.22222222222222,61.965811965811966,63.67521367521367,2026-10-09 18:29:13
2026-10-09,DIXON,Consumer Durables,12774.0,13140.25,13851.78,12101.4075,13022.400679759536,13320.075088516747,-297.6744087572115,-272.5590819958048,13684.608192834155,13140.25,12595.891807165845,46.05667463298055,-7.735644637053085,1.7914492684449863,51.82,SELL,32.568634825122224,-8.944139489828862,1.803004471530168,2.7813191974770177,-27.02656383890317,14.0,17.315140144408435,10.433333333333335,9.07051282051282,1.0,35.0,69.33333333333334,60.68376068376068,60.470085470085465,2026-10-09 18:29:13
2026-10-09,UNIONBANK,Financial Services,173.06,174.56799999999998,179.90419999999995,174.5772,172.65872403521018,175.47330440443662,-2.8145803692264337,-2.651752403373486,183.8633992015313,174.56799999999998,165.27260079846863,45.176405733186336,-5.889390396432637,1.927123984002034,51.26,SELL,-1.31423031347625,21.43425238600212,1.6778694555168407,2.8842185204140582,-15.78178986812011,10.0,18.402183182670985,11.795238095238098,10.064102564102564,1.0,55.00000000000001,62.95238095238095,66.88034188034187,67.09401709401709,2026-10-09 18:29:13
2026-10-09,POLYMED,Healthcare,1587.1,1678.015,1718.5540000000003,1566.888,1642.1283180876414,1674.3759970469373,-32.247678959295854,-22.239785250800825,1778.4946763948474,1678.015,1577.5353236051528,27.84688995215309,-7.940835266821356,1.5748999726073936,51.1,SELL,20.112468758678137,-9.636477593230964,1.8681203963307191,3.0680396410344137,-24.218115838227583,14.0,15.446017397236908,12.837209302325585,7.820512820512821,1.0,100.0,28.37209302325581,52.13675213675214,52.13675213675214,2026-10-09 18:29:13
2026-10-09,DEEPAKNTR,Chemicals,1621.9,1575.985,1669.5019999999995,1632.761,1571.7126317378136,1600.919780575409,-29.20714883759547,-37.65818473108541,1659.6158247125918,1575.985,1492.3541752874085,55.2881758764112,-1.2181009805712906,1.9444415719308008,50.72,SELL,15.822028537288247,-5.102510942179228,1.7875224513970025,2.6173006967137327,-14.542388956214758,10.0,16.244698391039854,11.333333333333336,8.14102564102564,5.0,60.0,53.333333333333336,54.059829059829056,54.27350427350427,2026-10-09 18:29:13
2026-10-09,HINDZINC,Metals & Mining,543.5,571.1400000000001,579.415,586.71925,559.558567411436,569.7800623409985,-10.221494929562482,-5.46179381244478,608.3971942893747,571.1400000000001,533.8828057106255,25.398313027179118,-10.224644862900556,1.929058120113172,50.5,SELL,6.462858675248051,23.894725892021217,2.113292295505396,2.562754632671836,-25.85266030013642,4.0,20.26840639035761,14.333333333333336,10.897435897435896,1.0,70.0,73.33333333333334,72.64957264957265,72.64957264957265,2026-10-09 18:29:13
2026-10-09,NATIONALUM,Metals & Mining,315.9,346.57,367.965,372.16,335.4197715717684,348.59955083480133,-13.17977926303297,-9.750701089004083,378.2626589540673,346.57,314.87734104593267,27.67741935483869,-16.34004237288137,1.901953598581936,50.3,SELL,-7.272272897663368,55.47221989441047,2.4090917920931245,3.181386514719844,-29.0351566887566,4.0,19.21581670362158,13.555555555555555,12.53205128205128,1.0,70.0,65.55555555555556,84.61538461538461,83.54700854700855,2026-10-09 18:29:13
2026-10-09,PHOENIXLTD,Realty,1813.1,1901.11,1910.11,1822.308,1879.2535949401763,1900.0231080749304,-20.76951313475365,-5.866513924460776,2016.932294008892,1901.11,1785.2877059911084,42.767857142857125,-3.8296292367262503,1.8533139383017765,49.7,SELL,10.034440488004217,7.930146006298311,1.5880587878774468,3.218638953016537,-16.43930316158172,10.0,18.460571948376824,10.81818181818182,9.423076923076922,1.0,30.0,78.18181818181819,62.17948717948718,62.82051282051282,2026-10-09 18:29:13
2026-10-09,NAUKRI,Consumer Services,1219.0,1245.695,1286.644,1144.7695,1229.231821839779,1250.3705969341504,-21.13877509437134,-16.578981304005453,1310.903894291646,1245.695,1180.4861057083538,45.44940644431881,-3.7884767166535114,2.247899630174086,49.6,SELL,25.10893773603176,-4.972050603118561,2.0684008215125216,3.697996015469355,-14.14888372420594,14.0,17.617943032577177,8.134782608695653,8.846153846153847,1.0,15.0,66.34782608695653,59.61538461538461,58.97435897435898,2026-10-09 18:29:13
2026-10-09,CREDITACC,Financial Services,1267.5,1319.83,1420.708,1346.8339999999998,1280.086198344668,1329.1938980829148,-49.107699738246765,-48.907496326181146,1460.6970309939609,1319.83,1178.9629690060392,32.92578902473703,-9.21787709497207,2.1195992178213667,49.56,SELL,14.707786951594604,0.5606017598637436,1.8585558729970837,3.22118906734291,-22.42962056303549,10.0,18.006595030985277,11.768027210884355,8.782051282051283,1.0,55.00000000000001,62.68027210884354,58.333333333333336,58.54700854700855,2026-10-09 18:29:13
2026-10-09,HONAUT,Capital Goods,32495.0,33834.5,35626.1,33727.05,33467.08409726787,34197.66254436438,-730.5784470965082,-684.443823052284,35174.142136031674,33834.5,32494.85786396833,19.836400817995923,-4.929783499122298,1.6948789695645252,49.44,SELL,29.134438305709036,-4.24689334972006,1.6344657721130085,2.807025256632888,-21.68936016387517,6.0,18.381602137699694,14.412475687691026,9.647435897435898,1.0,95.0,49.124756876910254,62.82051282051282,64.31623931623932,2026-10-09 18:29:13
2026-10-09,THERMAX,Capital Goods,3256.3,3421.075,3747.534,3782.0115,3318.778781641484,3483.638715938124,-164.85993429663995,-163.21058352783035,3732.957082136696,3421.075,3109.192917863304,33.2007274380541,-10.506788325180006,2.0635327650060185,49.05,SELL,10.268562401263814,13.184482973680913,1.8010764933319454,3.4348800786168345,-38.30194399181477,4.0,19.65211211552675,14.590302861906084,9.807692307692308,1.0,95.0,50.90302861906085,66.45299145299145,65.38461538461539,2026-10-09 18:29:13
2026-10-09,CHOLAFIN,Financial Services,1587.6,1692.1150000000002,1797.614,1678.9035,1626.4954795263416,1694.2574776305692,-67.76199810422759,-57.22183612381672,1891.867713175694,1692.1150000000002,1492.3622868243065,22.86663260091977,-13.198469108802623,1.9439757078301425,48.98,SELL,17.31325998841924,6.104160605178932,1.7961608099167568,2.9078033329734017,-18.688860435339315,6.0,19.708283586332364,12.531292517006804,9.743589743589745,1.0,55.00000000000001,70.31292517006803,65.17094017094017,64.95726495726495,2026-10-09 18:29:13
2026-10-09,HOMEFIRST,Financial Services,1076.6,1148.965,1173.53,1130.7495,1113.3441125772329,1143.5006327449378,-30.15652016770491,-21.589994064611343,1264.0090332174912,1148.965,1033.9209667825091,22.632103688933185,-10.454961324128751,2.2944230501886502,48.96,SELL,16.55360844168079,-1.402725751175593,1.7377284684443832,4.084286510442935,-18.297032708507256,10.0,17.689976689976685,11.582993197278912,8.685897435897436,1.0,55.00000000000001,60.82993197278912,57.692307692307686,57.90598290598291,2026-10-09 18:29:13
2026-10-09,NSLNISP,Metals & Mining,39.23,41.7055,42.9038,42.33565000000001,40.891895920429214,41.870128662109416,-0.978232741680202,-0.6754161837300742,44.37466486051935,41.7055,39.036335139480656,27.443105756358733,-12.899644760213146,1.949623878472033,48.8,SELL,12.129514321295163,-1.0114335971855626,2.554940577979133,3.2318560868140294,-27.0139534883721,10.0,17.1459434874069,12.444444444444446,8.205128205128206,1.0,70.0,54.44444444444445,56.1965811965812,54.70085470085471,2026-10-09 18:29:13
2026-10-09,PAGEIND,Textiles,36875.0,36524.0,36916.9,36378.0,36930.92584395299,36774.79438934792,156.13145460506348,78.93646620965302,38674.18383547008,36524.0,34373.816164529926,53.375977256574274,4.181381551066532,1.8590647275245868,48.74,SELL,1.6702052370842102,-11.886653581943085,1.591310096053121,2.342857142857143,-15.916087105233157,14.0,11.51981351981352,13.0,5.224358974358975,5.0,90.0,40.0,35.256410256410255,34.82905982905983,2026-10-09 18:29:13
2026-10-09,360ONE,Financial Services,1048.0,1062.09,1126.096,1104.905,1057.2901140191996,1078.9142187729683,-21.624104753768734,-23.523097346280007,1105.516884711992,1062.09,1018.6631152880076,43.39821146764864,-3.623321684752634,1.669482487014489,48.49,SELL,14.232787897499222,1.4996342355523051,1.595391788485378,2.714694656488549,-15.224073774470147,6.0,18.459889703792143,12.060544217687076,8.974358974358974,3.0,55.00000000000001,65.60544217687075,58.76068376068376,59.82905982905983,2026-10-09 18:29:13
2026-10-09,NH,Healthcare,1719.5,1824.405,1859.962,1849.9525,1767.5736924242788,1815.4823809292704,-47.90868850499169,-33.32561931168133,1981.5830013400828,1824.405,1667.2269986599172,18.824582338902133,-9.050037025282975,1.6725973307768895,48.21,SELL,10.435946685291908,6.296918767506998,1.668466703278954,2.9634860632243605,-17.856972244780977,6.0,18.50605492068907,13.441860465116282,9.262820512820513,1.0,100.0,34.418604651162795,61.53846153846154,61.75213675213676,2026-10-09 18:29:13
2026-10-09,COHANCE,Healthcare,441.0,447.86,447.88,414.287,449.1030453650659,449.2018514184558,-0.0988060533899215,0.91210803610207,468.1139041070288,447.86,427.60609589297127,51.31926121372031,-0.5300552610804199,2.166606584331679,47.93,SELL,45.91276252019387,-39.20710776065154,2.1113120092944624,4.102688694525428,-51.9529334858637,14.0,11.49900505998067,13.441860465116278,5.993589743589744,3.0,100.0,34.41860465116279,38.46153846153847,39.95726495726496,2026-10-09 18:29:13
2026-10-09,BIOCON,Healthcare,349.4,377.2025,399.696,394.284,367.9361544471958,380.2829526340119,-12.346798186816043,-10.0471368132394,404.0800287671968,377.2025,350.32497123280314,24.78753541076486,-11.54430379746836,1.505508808144788,47.82,SELL,12.14979988564895,4.016969375580026,1.2590785262290207,2.5697113418922206,-21.860673152186077,6.0,18.32901245096367,12.976744186046512,9.519230769230768,1.0,100.0,29.76744186046512,60.04273504273504,63.46153846153846,2026-10-09 18:29:13
2026-10-09,ECLERX,Services,1866.8,1885.11,1884.682,1775.82775,1870.9102253961755,1878.1673764652407,-7.25715106906523,-4.26347450561875,1985.9839682657928,1885.11,1784.2360317342072,45.18357678641927,-2.902319775304274,2.2133648587408588,47.65,SELL,25.93719650372288,-17.80688780900064,2.8885097081793574,3.399246992561758,-25.25325325325326,14.0,13.529819773722211,11.807692307692308,7.307692307692307,1.0,75.0,43.07692307692308,48.71794871794872,48.71794871794872,2026-10-09 18:29:13
2026-10-09,DLF,Realty,648.6,655.805,662.873,627.4505,657.6393874334965,660.0700748310845,-2.4306873975880308,-0.6555462387843531,690.0275056758886,655.805,621.5824943241113,51.2022630834512,-0.9922149290184756,2.0995061910542208,47.43,SELL,17.849349742515486,-13.136901698404536,1.7508603383010335,2.6083652702524147,-17.5333757151939,14.0,14.103530615725738,9.181818181818182,7.147435897435897,3.0,30.0,61.81818181818181,47.64957264957265,47.64957264957265,2026-10-09 18:29:13
2026-10-09,INDIGO,Services,4833.0,4915.2,5085.73,4823.516,4920.430886234444,4962.909581509744,-42.4786952753002,-44.86676284682367,5086.541345979501,4915.2,4743.858654020499,45.23026315789473,-2.8542713567839217,1.8457457021016632,46.66,SELL,8.330625067706631,-12.211394960934074,1.6707637758888962,2.3262688067157344,-19.04522613065327,14.0,12.49974415828074,11.03846153846154,6.121794871794871,3.0,75.0,35.38461538461539,40.5982905982906,40.81196581196581,2026-10-09 18:29:13
2026-10-09,TMCV,Capital Goods,410.3,431.495,449.119,431.275,426.21989765044304,434.6751360291918,-8.455238378748732,-6.532407459580146,453.007099410624,431.495,409.9829005893761,33.90918065153012,-7.787391841779967,1.8290036840356807,46.58,SELL,5.068540490726869,,1.8289580756325765,3.444343859893457,,10.0,13.653846153846152,13.270491803278688,8.653846153846153,1.0,95.0,37.704918032786885,56.83760683760684,57.692307692307686,2026-10-09 18:29:13
2026-10-09,BAJAJHLDNG,Financial Services,10820.0,10930.8,11171.5,10671.275,10792.785047824444,10926.366225613585,-133.58117778913766,-110.33528399424152,11459.021484646291,10930.8,10402.578515353707,40.22015241320915,-2.3289402419209293,1.7747165235694666,46.38,SELL,10.792377131394185,-8.913993568071243,1.5087207056657037,2.569976234486401,-18.33962264150944,14.0,14.04735914492012,10.28231292517007,7.05128205128205,1.0,55.00000000000001,47.823129251700685,47.008547008547005,47.008547008547005,2026-10-09 18:29:13
2026-10-09,DEVYANI,Consumer Services,123.59,134.041,135.89260000000002,122.8299,129.87246204872932,132.93734395423778,-3.0648819055084573,-1.56706268628577,146.25102504416031,134.041,121.83097495583968,22.92527821939585,-9.90012393380476,1.8433345226051123,46.31,SELL,30.179245283018872,-14.387641146544238,2.4455440081789703,3.9329349346340985,-28.312064965197216,14.0,15.410995508556482,7.882608695652173,8.012820512820513,1.0,15.0,63.826086956521735,54.48717948717948,53.41880341880342,2026-10-09 18:29:13
2026-10-09,BAJFINANCE,Financial Services,960.0,994.015,1050.438,975.77075,975.3676476189852,1000.7616261886432,-25.3939785696582,-23.466875152576097,1057.9405660905668,994.015,930.0894339094332,32.68650280293231,-7.6301356682382355,2.0149704072613828,46.28,SELL,15.195890934921575,1.0545489406576625,2.011344979111473,2.892857142857145,-18.395103706222383,6.0,18.3229859571323,12.075510204081631,8.878205128205128,1.0,55.00000000000001,65.75510204081633,58.97435897435898,59.18803418803419,2026-10-09 18:29:13
2026-10-09,TEGA,Capital Goods,1935.0,1978.89,1770.534,1738.3845,2012.922238778992,1930.150831681639,82.77140709735295,100.29852785788074,2282.3850924774524,1978.89,1675.394907522547,49.47930226503515,15.295239230173395,4.296203547609385,46.17,SELL,-5.581583665914747,-16.40292927741076,3.040927902101068,5.338132152085642,-11.965423111919923,26.0,7.860708397293762,11.31050291747708,0.0,1.0,95.0,18.10502917477077,25.213675213675213,36.53846153846153,2026-10-09 18:29:13
2026-10-09,JUBLINGREA,Chemicals,625.8,638.6525,684.0829999999999,667.20375,637.7389722762991,650.8962654710033,-13.157293194704152,-14.263841514252798,665.6328529882118,638.6525,611.6721470117883,50.2897617514488,-6.978818283166111,2.0701735137258472,45.94,SELL,7.181969684945644,-2.3568536726431555,1.8669720022864091,3.794571519883122,-21.28301886792453,6.0,15.433339018704872,11.75,7.756410256410257,5.0,60.0,57.5,51.49572649572649,51.70940170940172,2026-10-09 18:29:13
2026-10-09,JSWENERGY,Power,462.3,502.715,529.945,523.3325,489.7077252181009,505.562234948022,-15.85450972992112,-12.63653447104744,540.1258076137916,502.715,465.30419238620834,19.315992292870877,-13.556469708302156,1.7681209454617697,45.93,SELL,4.870032865252472,-1.200975792831671,1.6331657964226722,2.666017737399955,-25.11541265084636,10.0,15.413724486895218,11.794117647058824,7.724358974358973,1.0,45.0,72.94117647058823,51.06837606837607,51.49572649572649,2026-10-09 18:29:13
2026-10-09,FIVESTAR,Financial Services,502.25,523.6850000000001,530.5409999999999,485.6162500000001,513.5565163677961,520.8391407938572,-7.282624426061034,-5.130507883525425,556.3371555667886,523.6850000000001,491.0328444332114,38.0053015241882,-5.778069599474711,2.5946692128602526,45.57,SELL,28.7205304518664,-20.58333333333333,2.1210431443732976,3.70191282087748,-24.587087087087088,14.0,13.15901984194667,10.236054421768708,7.17948717948718,1.0,55.00000000000001,47.36054421768708,47.43589743589743,47.86324786324786,2026-10-09 18:29:13
2026-10-09,ENDURANCE,Automobile and Auto Components,2407.5,2625.655,2786.818,2592.61,2558.084445656917,2645.287936718288,-87.2034910613711,-65.84814028366227,2820.716085978632,2625.655,2430.593914021368,16.59460572369774,-12.635627971114417,1.607750997727252,45.39,SELL,15.946759357382057,-4.577010291296002,1.6005653152860233,3.251743064827177,-21.630859375,6.0,16.546819034623912,13.508880308880313,8.333333333333334,1.0,80.0,55.08880308880309,55.12820512820513,55.55555555555556,2026-10-09 18:29:13
2026-10-09,HYUNDAI,Automobile and Auto Components,1940.0,2077.655,2152.47,2055.135,2013.1592286923749,2071.4303279678143,-58.27109927543961,-39.88183336168924,2255.036723083901,2077.655,1900.273276916099,24.458380843785648,-11.107038123167158,1.8298984976492452,45.39,SELL,24.796222384619693,-8.54412128203016,1.7706958391433196,3.087997054491902,-25.15143331147035,6.0,16.449144351583378,13.31891891891892,8.62179487179487,1.0,80.0,53.18918918918919,56.41025641025641,57.47863247863248,2026-10-09 18:29:13
2026-10-09,NMDC,Metals & Mining,71.8,77.9755,82.35459999999999,83.81039999999999,75.22609579673083,78.32571316797849,-3.0996173712476605,-2.4148784628145137,85.7113971173688,77.9755,70.23960288263119,27.79456193353471,-16.317016317016318,1.5660703946257986,45.2,SELL,2.1710288264382926,11.57797681770283,1.4433552778954457,2.692001591723042,-26.35142065852908,4.0,17.820001137074303,12.88888888888889,9.487179487179484,1.0,70.0,58.888888888888886,60.89743589743589,63.24786324786324,2026-10-09 18:29:13
2026-10-09,UNITDSPR,Fast Moving Consumer Goods,1366.0,1381.095,1459.59,1372.1555,1367.4713085636995,1396.777490668653,-29.306182104953223,-27.47529868755924,1444.7360484878425,1381.095,1317.4539515121576,49.191984486102136,-2.7896384856248235,1.8177363948375451,45.05,SELL,15.310698270339527,-0.5250069079856257,1.4433928770276447,2.4916335494666395,-12.626327235512347,6.0,17.90960259252942,11.230769230769232,8.91025641025641,1.0,40.0,72.3076923076923,57.90598290598291,59.40170940170941,2026-10-09 18:29:13
2026-10-09,SUMICHEM,Chemicals,417.3,442.5525,492.09100000000007,456.05375,429.4796710306858,451.4982029970538,-22.018531966368016,-21.222379166515275,485.01549286623305,442.5525,400.08950713376686,26.67380824852705,-13.378308251167612,1.8619677779949424,44.73,SELL,18.591617933723192,-4.1646155360834936,1.908636271529747,3.5175105268563205,-27.05183113364216,6.0,17.036898061288305,12.166666666666666,8.525641025641026,1.0,60.0,61.66666666666666,56.623931623931625,56.83760683760684,2026-10-09 18:29:13
2026-10-09,POONAWALLA,Financial Services,447.3,451.7950000000001,467.139,441.6905,449.8247148550215,455.0203674388349,-5.195652583813455,-4.8065254405510265,482.52725461440303,451.7950000000001,421.0627453855971,36.887254901960816,-0.2897904592064182,3.185827495799165,44.58,SELL,9.751687560270009,-4.077117572692801,2.27272542102758,3.374213535179329,-21.581346423562408,14.0,15.256296548979478,10.693197278911567,3.628205128205128,1.0,55.00000000000001,51.93197278911565,51.28205128205128,50.85470085470085,2026-10-09 18:29:13
2026-10-09,TECHM,Information Technology,1514.1,1535.4199999999998,1581.736,1518.065,1522.082549979731,1540.9567667796975,-18.87421679996646,-16.169819747264576,1581.5816199661044,1535.4199999999998,1489.2583800338953,43.72955288985825,0.4045092838196318,1.179000206702542,44.47,SELL,7.413531762436265,9.804197774334412,1.355167075388624,2.413503542887335,-18.333333333333336,6.0,18.51788049349025,8.82608695652174,10.128205128205128,1.0,10.0,78.26086956521739,62.60683760683761,67.52136752136752,2026-10-09 18:29:13
2026-10-09,PGEL,Consumer Durables,511.8,516.6324999999999,563.311,552.3815,512.4157621779323,527.1302506587668,-14.714488480834577,-17.648000641833224,551.4249110751471,516.6324999999999,481.8400889248528,43.7251356238698,-5.65898617511521,2.646298578242878,43.9,SELL,14.79216336684981,-3.863182567931245,2.123031987354321,3.441634567074192,-20.57728119180633,6.0,16.515606344874637,10.433333333333334,7.948717948717949,3.0,35.0,69.33333333333333,54.70085470085471,52.991452991453,2026-10-09 18:29:13
2026-10-09,TATACOMM,Telecommunication,1656.7,1705.4649999999997,1716.698,1701.9620000000002,1679.04884969801,1698.8004642083197,-19.751614510309764,-17.2309948100857,1806.627782317988,1705.4649999999997,1604.3022176820116,24.41956882255387,-6.548962093862809,1.287432289410677,43.55,SELL,19.35176358436608,-7.795896896370335,1.449208339219013,2.8830980693116275,-21.48341232227488,6.0,16.141679458752627,12.111111111111112,8.301282051282051,1.0,50.0,71.11111111111111,53.63247863247863,55.34188034188035,2026-10-09 18:29:13
2026-10-09,ATUL,Chemicals,5882.5,6052.975,6384.66,6424.68,5983.992635786493,6110.5600502790185,-126.56741449252512,-127.78903867285614,6317.678503446394,6052.975,5788.271496553607,31.818181818181827,-5.448846741139601,1.3084787915987408,43.53,SELL,-1.1505948653725784,6.907644120883782,1.5013304846827844,2.200837836196952,-18.07103064066853,4.0,16.058786741713572,11.916666666666668,8.557692307692307,3.0,60.0,59.16666666666667,55.34188034188035,57.05128205128205,2026-10-09 18:29:13
2026-10-09,ASHOKLEY,Capital Goods,145.06,156.26600000000002,166.2718,171.20570000000004,152.33563554127767,157.55103042506485,-5.215394883787184,-4.173963361531992,168.19663001821914,156.26600000000002,144.3353699817809,23.461538461538424,-13.1377245508982,1.9080694832320708,43.33,SELL,-2.017625231910936,20.86104555531716,1.8487924484506395,2.65505899036852,-32.66177699377959,0.0,18.142873386775825,14.3185607113087,9.87179487179487,1.0,95.0,48.185607113086974,66.02564102564102,65.8119658119658,2026-10-09 18:29:13
2026-10-09,ATGL,Oil Gas & Consumable Fuels,563.45,598.2425000000001,624.881,612.87975,586.5441543856989,601.9965271104071,-15.452372724708198,-12.581321576021915,647.4235326618326,598.2425000000001,549.0614673381675,9.995886466474758,-7.978115302956057,3.3435233417041625,43.22,SELL,9.016100178890872,-2.729449321628097,2.156184004216562,2.9245845112381645,-34.4711286852358,10.0,15.672579453067256,12.852941176470589,3.692307692307692,1.0,65.0,63.52941176470589,51.92307692307693,51.28205128205128,2026-10-09 18:29:13
2026-10-09,GRAVITA,Metals & Mining,1466.4,1535.34,1664.7259999999997,1647.8455,1494.4646243536245,1558.499274444813,-64.0346500911885,-66.62606181890413,1703.9586404130257,1535.34,1366.721359586974,28.68217054263569,-13.558123084178265,1.6928310833923412,43.15,SELL,12.310568128713516,-6.880327687368537,1.905080083978001,3.575325383836023,-23.369565217391298,6.0,15.281482744897378,11.333333333333336,7.532051282051282,3.0,70.0,43.333333333333336,50.64102564102564,50.21367521367522,2026-10-09 18:29:13
2026-10-09,FSL,Services,268.1,262.87,272.24580000000003,263.57925,261.5996378850464,263.34316548486913,-1.7435275998227553,-2.727799681455581,282.7916729375794,262.87,242.94832706242065,45.28634361233483,5.24043179587832,3.728564580131898,43.09,SELL,15.91726618705036,-27.247072103852123,3.5484358692427733,3.451537272872596,-27.881640887693337,14.0,9.895900847120355,10.423076923076923,5.76923076923077,3.0,75.0,29.230769230769237,28.418803418803417,38.46153846153847,2026-10-09 18:29:13
2026-10-09,AXISBANK,Financial Services,1259.1,1233.98,1242.328,1284.394,1237.224473915368,1238.812281508482,-1.5878075931141211,-5.704975251729826,1270.689017965602,1233.98,1197.270982034398,50.53057099545222,1.6633023819135897,1.5791483723525686,42.9,SELL,-6.609152288072007,0.9078382102618132,1.5109582716999357,2.16367700284784,-11.224705633504906,8.0,13.129228495082154,10.131292517006806,6.634615384615384,5.0,55.00000000000001,46.31292517006803,44.87179487179488,44.230769230769226,2026-10-09 18:29:13
2026-10-09,BANDHANBNK,Financial Services,157.0,174.80700000000002,172.61179999999996,176.13015,168.8278881749557,172.23953903483746,-3.4116508598817745,-0.5567754419487089,194.2375154467485,174.80700000000002,155.37648455325152,37.48261474269818,-8.561444379732086,2.7858355328216464,42.61,SELL,4.145675265553872,8.87055837563453,2.978098063950352,4.731119199272063,-28.882043848523278,4.0,17.546193643754616,11.603401360544218,8.461538461538462,1.0,55.00000000000001,61.034013605442176,59.40170940170941,56.41025641025641,2026-10-09 18:29:13
2026-10-09,DELHIVERY,Services,400.5,418.5375,444.387,444.21924999999993,409.2990468692538,423.0999435379522,-13.800896668698384,-12.647242237401525,448.9766001146523,418.5375,388.09839988534776,35.02178649237473,-11.23670212765957,1.8248039575162904,42.25,SELL,-1.0764379689029102,-3.673901535203816,1.640449064755627,2.811663991439275,-23.568702290076335,10.0,13.396099835124224,11.346153846153848,6.506410256410256,1.0,75.0,38.46153846153846,43.8034188034188,43.376068376068375,2026-10-09 18:29:13
2026-10-09,BALKRISIND,Automobile and Auto Components,2010.3,2133.875,2281.998,2271.8830000000003,2085.321136613738,2151.722958937991,-66.40182232425286,-53.094133035868914,2283.0717669326696,2133.875,1984.6782330673304,13.508872352604383,-8.978538440641126,1.686478413445089,41.87,SELL,1.5881585459126324,-1.69358700857678,2.3061039505882683,2.410088046560216,-27.55675675675676,6.0,14.687077150491785,12.942084942084945,7.243589743589743,1.0,80.0,49.42084942084942,48.07692307692308,48.29059829059829,2026-10-09 18:29:13
2026-10-09,UNOMINDA,Automobile and Auto Components,1108.0,1175.745,1221.35,1162.4995,1140.2394955454586,1174.9645965561865,-34.72510101072794,-24.22292713036752,1286.8019787375672,1175.745,1064.6880212624326,18.413496051687048,-9.845402766476807,2.66924382816499,41.84,SELL,13.465419189139594,-2.1825083030207137,1.902629009410159,3.147240845796804,-19.82633863965268,6.0,16.923418045369264,13.743629343629346,4.173076923076922,1.0,80.0,57.43629343629344,55.76923076923077,54.48717948717948,2026-10-09 18:29:13
2026-10-09,CIPLA,Healthcare,1301.0,1361.735,1404.77,1376.185,1342.8118633984357,1366.1159807227884,-23.304117324352774,-17.151647216488676,1420.3995871840468,1361.735,1303.0704128159534,15.70066030814384,-4.555791944831622,0.9693182566557558,41.82,SELL,13.825150094580142,-8.435329143235194,0.9912395787923788,2.2054463599429024,-22.235505080693365,6.0,14.899312070043775,12.325581395348838,7.596153846153845,1.0,100.0,23.25581395348837,50.21367521367522,50.64102564102564,2026-10-09 18:29:13
2026-10-09,CLEAN,Chemicals,794.4,816.0474999999999,814.6970000000001,790.75,806.5752522342262,812.3367090674099,-5.761456833183615,-3.462246694684212,859.4399256670038,816.0474999999999,772.655074332996,32.638888888888886,-3.790723022889675,1.8774498133689448,41.7,SELL,13.4453781512605,-18.19391073012119,1.8527984819730297,3.087685225147462,-28.30324909747293,14.0,11.669395645005402,9.416666666666668,5.608974358974359,1.0,60.0,34.16666666666667,37.17948717948718,37.39316239316239,2026-10-09 18:29:13
2026-10-09,COALINDIA,Oil Gas & Consumable Fuels,411.55,420.41,414.703,433.459,417.22924197425823,417.93952778637134,-0.7102858121131135,0.9672765568066888,433.5044182564024,420.41,407.3155817435977,51.226765799256526,-4.512761020881673,1.4191949976123237,41.68,SELL,-6.455203116304952,8.158538154677641,1.2623352720895398,2.105281427356508,-16.22391857506361,4.0,14.657228949911875,11.911764705882351,8.108974358974358,3.0,65.0,54.11764705882352,52.35042735042735,54.059829059829056,2026-10-09 18:29:13
2026-10-09,ASIANPAINT,Consumer Durables,2339.1,2416.67,2559.898,2552.398,2390.420018556025,2445.436062880046,-55.016044324021095,-53.262447456026045,2507.1284603706645,2416.67,2326.211539629336,36.78133836003767,-6.022498995580561,1.5268993041099992,41.52,SELL,8.727655099894838,-1.2180558872701197,1.249376400242149,2.110701918320236,-21.656562950061964,6.0,16.219967024845072,10.033333333333331,8.26923076923077,1.0,35.0,65.33333333333333,52.991452991453,55.12820512820513,2026-10-09 18:29:13
2026-10-09,DRREDDY,Healthcare,1197.0,1193.965,1181.154,1245.173,1200.730689207315,1194.160547014692,6.570142192623052,8.103053066789306,1252.3553479767002,1193.965,1135.5746520232997,53.2017075773746,4.541484716157207,1.4861992537152968,41.35,SELL,-3.3909686083599238,-3.76254180602007,1.2866350417594443,2.178660938059432,-15.400381652413609,8.0,12.672352038205696,11.813953488372093,5.865384615384615,3.0,100.0,18.13953488372093,41.66666666666667,39.1025641025641,2026-10-09 18:29:13
2026-10-09,PREMIERENE,Capital Goods,895.35,905.885,974.196,931.22175,899.557902748857,924.4437194585952,-24.885816709738265,-28.77528591945022,962.68762317884,905.885,849.08237682116,48.13881891967535,-8.253919458960956,2.098560583534114,41.27,SELL,3.037565779190321,-7.23332395159022,1.9336722335705183,3.2345690831199287,-21.044973544973544,6.0,13.187389845926432,12.605862739649902,6.474358974358975,3.0,95.0,31.058627396499027,42.73504273504273,43.162393162393165,2026-10-09 18:29:13
2026-10-09,NLCINDIA,Power,243.55,258.94500000000005,271.494,283.71824999999995,253.514946104197,260.6987225939497,-7.183776489752688,-5.9391875135479495,275.1043023559647,258.94500000000005,242.78569764403545,23.22375397667029,-10.311176578898918,1.7909628926130616,41.26,SELL,1.001669449081799,4.8930841841648975,1.6630883888703378,2.8976156260081534,-37.19700876740588,4.0,16.115413042242306,11.911764705882357,8.237179487179487,1.0,45.0,74.11764705882354,54.27350427350427,54.91452991452992,2026-10-09 18:29:13
2026-10-09,YESBANK,Financial Services,20.5,21.995,22.3732,21.81875,21.20080189456869,21.786767802177025,-0.5859659076083297,-0.4133117702568092,24.3015809739684,21.995,19.688419026031596,25.76419213973796,-8.563782337198933,2.2683082938802284,41.25,SELL,18.27731092436975,-1.9590770570309115,1.6084949926879355,2.5121951219512164,-20.480993017843296,6.0,17.79811245664904,11.638775510204084,4.814102564102564,1.0,55.00000000000001,61.38775510204082,58.119658119658126,58.76068376068376,2026-10-09 18:29:13
2026-10-09,HEROMOTOCO,Automobile and Auto Components,4895.5,5214.125,5433.85,5321.3435,5105.86797675122,5222.953552019336,-117.08557526811546,-76.51131662948708,5536.733753592828,5214.125,4891.516246407172,31.08632395732299,-6.18052893829053,1.5715818016744307,40.13,SELL,0.8699763593380538,-3.710055966781012,1.7104574515404654,2.6730087398047773,-23.37011818110668,6.0,13.84336801409972,12.491119691119692,6.794871794871795,1.0,80.0,44.91119691119691,45.51282051282051,45.2991452991453,2026-10-09 18:29:13
2026-10-09,LTF,Financial Services,261.2,285.2375,303.088,,271.5971327702166,285.17913930551384,-13.58200653529724,-10.988457273781046,326.27349030119734,285.2375,244.20150969880268,15.461847389558244,-15.850515463917525,2.6466806535570915,40.05,SELL,11.921876134466004,,2.040257745891295,3.4169218989280257,,0.0,17.628205128205128,12.03061224489796,9.39102564102564,1.0,55.00000000000001,65.3061224489796,66.23931623931624,62.60683760683761,2026-10-09 18:29:13
2026-10-09,SAGILITY,Information Technology,44.0,44.317,44.2884,43.92895000000001,43.75656124517442,44.11127154226575,-0.3547102970913229,-0.2185414726962828,46.67951516285908,44.317,41.95448483714092,40.41570438799081,-2.6548672566371723,1.674432857893491,40.04,SELL,6.676003734827263,-12.935797294722809,1.9370200171125984,2.639610389610392,-23.99378130937986,14.0,12.018136335209508,7.347826086956522,5.6730769230769225,1.0,10.0,63.47826086956522,38.67521367521368,37.82051282051282,2026-10-09 18:29:13
2026-10-09,BERGEPAINT,Consumer Durables,471.9,456.9325,493.487,488.01075,462.7753504731248,468.7097472693149,-5.934396796190072,-10.224715364420002,472.66608041361815,456.9325,441.19891958638186,57.06666666666666,0.2336448598130758,1.6385871763371356,39.36,SELL,10.04131282992886,-11.048237476808907,1.6312646250659262,2.4642024642024625,-20.629047178538386,6.0,13.217920291091025,8.700000000000001,6.4423076923076925,5.0,35.0,52.0,44.01709401709402,42.94871794871795,2026-10-09 18:29:13
2026-10-09,PRESTIGE,Realty,1406.8,1458.515,1541.668,1481.3780000000002,1449.1344675872945,1482.5034302497556,-33.36896266246117,-31.826657177494024,1529.7649019389894,1458.515,1387.2650980610103,45.66349984676679,-8.673071929369003,2.268670241266658,38.89,SELL,18.231374924288303,-12.304150053349815,2.1300669342581195,3.0718144522523265,-22.06957677819633,6.0,14.45983285007675,10.090909090909092,7.339743589743589,1.0,30.0,70.9090909090909,48.93162393162393,48.93162393162393,2026-10-09 18:29:13
2026-10-09,BAJAJFINSV,Financial Services,1734.7,1797.95,1924.8140000000003,1879.2545,1761.0569441719292,1817.16275718445,-56.10581301252069,-54.21043589571477,1932.6597855235025,1797.95,1663.2402144764978,28.782420749279552,-9.979242345614947,1.5133232794458178,38.59,SELL,8.601367253165982,-6.89373558800922,1.557447594596133,2.074875029852836,-20.970387243735765,6.0,14.241571436693386,10.237414965986396,7.115384615384614,1.0,55.00000000000001,47.374149659863946,47.86324786324786,47.43589743589743,2026-10-09 18:29:13
2026-10-09,SBIN,Financial Services,959.1,974.9225,1018.089,1040.80825,963.7377692381856,982.3293270310628,-18.591557792877097,-17.973908293922058,1013.414146051965,974.9225,936.4308539480352,33.61307420494701,-4.137931034482756,1.3005159000821376,38.55,SELL,-5.035564557916061,6.1387806675792245,1.193950320506321,1.6902006345234373,-22.321211630355556,4.0,14.90204104838251,10.76122448979592,7.884615384615385,1.0,55.00000000000001,52.61224489795919,51.70940170940172,52.56410256410257,2026-10-09 18:29:13
2026-10-09,INDUSTOWER,Telecommunication,380.85,377.805,379.102,412.84525,378.3334703940709,378.3705360201354,-0.0370656260645887,-0.8477525047440937,391.6129267852046,377.805,363.9970732147954,52.85302593659944,1.9132994380519184,2.042390261413447,38.41,SELL,-15.398571266583506,-2.5342913128674094,1.7925819281236557,2.7991897822539817,-20.90342679127726,8.0,10.17402922280971,10.111111111111112,5.128205128205128,5.0,50.0,51.11111111111112,32.69230769230769,34.18803418803419,2026-10-09 18:29:13
2026-10-09,ASTRAL,Capital Goods,1409.8,1394.885,1455.978,1502.0195,1398.4184542359678,1415.4973205028282,-17.07886626686036,-23.31937574624336,1446.9875416088848,1394.885,1342.7824583911151,46.22840286557099,-4.40737727149444,1.6541627243267425,38.25,SELL,-1.6191412651589632,1.3574660633484117,1.770814490478009,2.354437306203517,-20.2917396958218,0.0,14.787423958155664,13.062100583495416,7.403846153846154,3.0,95.0,35.62100583495415,49.358974358974365,49.358974358974365,2026-10-09 18:29:13
2026-10-09,CHOICEIN,Financial Services,713.1,741.8875,775.421,742.5347499999999,730.2163281756008,745.5627510018898,-15.346422826288972,-13.162640872986191,782.1336881163194,741.8875,701.6413118836807,29.260318757662432,-5.002331312862185,1.8091335888804407,38.21,SELL,11.276030128489143,-9.283005237493214,1.3020850258713978,3.0645872147765294,-17.12957582800697,6.0,13.964636989027234,10.230612244897962,7.019230769230769,1.0,55.00000000000001,47.30612244897959,46.7948717948718,46.7948717948718,2026-10-09 18:29:13
2026-10-09,MMTC,Services,54.87,58.321000000000005,61.4636,63.14905,56.79588778958477,58.71311621373098,-1.9172284241462163,-1.667163467842663,62.97739978388622,58.321000000000005,53.66460021611379,26.357267950963177,-12.5717017208413,1.5896086670363792,38.14,SELL,7.667405009371264,-7.087193059844155,1.6401881023775526,3.2843864719206417,-29.96809189534142,4.0,14.073455000284268,12.115384615384617,6.955128205128205,1.0,75.0,46.15384615384615,46.15384615384615,46.36752136752137,2026-10-09 18:29:13
2026-10-09,JINDALSTEL,Metals & Mining,1016.7,1112.44,1123.496,1137.2845,1084.5886364666562,1107.3630135741969,-22.77437710754043,-8.130721995434461,1199.732283375113,1112.44,1025.1477166248872,29.57074721780606,-11.321412996075008,1.8613691048521572,37.94,SELL,-6.330887808094965,5.506035283194044,1.6085316418909563,3.3933313661847166,-22.16352779053744,4.0,14.266587071465125,11.111111111111112,7.564102564102564,1.0,70.0,41.11111111111112,50.427350427350426,50.427350427350426,2026-10-09 18:29:13
2026-10-09,CONCOR,Services,442.0,465.0575,494.604,491.14,450.5600711332309,467.4343686328962,-16.874297499665317,-15.134105073513515,512.7354246611966,465.0575,417.37957533880336,18.297009630005107,-13.33333333333333,1.8308375541484685,37.47,SELL,5.974245302934356,-8.702373374556704,1.9346580195517629,2.781189398836458,-20.646319569120287,6.0,13.050258684405026,10.884615384615383,6.538461538461538,1.0,75.0,33.84615384615385,43.162393162393165,43.58974358974359,2026-10-09 18:29:13
2026-10-09,GMRAIRPORT,Services,92.31,95.0315,98.61140000000002,99.6035,93.23936729330514,95.3490015444783,-2.109634251173162,-1.7200478283800409,101.32199834859622,95.0315,88.74100165140376,34.24966200991442,-6.426761277242776,2.539378397640658,37.18,SELL,1.2314756835733798,3.743315508021383,1.825795669844373,2.706718046334557,-20.17468004150813,0.0,15.967138552504403,12.423076923076923,7.788461538461538,1.0,75.0,49.230769230769226,52.77777777777778,51.92307692307693,2026-10-09 18:29:13
2026-10-09,CAMS,Financial Services,672.5,696.595,738.184,738.095,686.8443020776111,704.4189074579043,-17.57460538029318,-17.157895262842928,733.584356932984,696.595,659.6056430670161,38.37095191364082,-5.944055944055949,1.8260187212175487,36.93,SELL,3.4971979853869684,-6.411966952327197,1.6227460465644177,2.598513011152415,-20.404781630962244,6.0,13.463869463869464,9.89591836734694,6.57051282051282,1.0,55.00000000000001,43.95918367346939,44.44444444444444,43.8034188034188,2026-10-09 18:29:13
2026-10-09,CUB,Financial Services,231.42,225.999,222.2712,247.60565,225.27605453297548,225.43958575295085,-0.1635312199753684,-0.0481377836033639,236.9743693619618,225.999,215.02363063803813,46.75960255079341,-0.1079121163724217,2.4581391673289605,36.77,SELL,-8.68576803982284,-1.3006270123707808,2.5199944886679324,3.707544723878663,-28.596112311015133,8.0,11.8980044345898,9.527210884353742,6.346153846153846,1.0,55.00000000000001,40.27210884353742,40.38461538461539,42.30769230769231,2026-10-09 18:29:13
2026-10-09,TIMKEN,Capital Goods,2962.8,3163.3,3182.366,3282.3955000000005,3106.6611132443654,3143.704644402961,-37.04353115859567,-18.02946284779676,3339.393754932736,3163.3,2987.2062450672643,38.54669315923932,-6.636415201361312,2.2720517494963848,36.26,SELL,-10.04383291242126,1.2084000130637929,1.711648030747915,2.954733938938072,-24.514649681528656,4.0,12.41417931661834,12.435815504306753,6.41025641025641,1.0,95.0,29.35815504306752,42.52136752136752,42.73504273504273,2026-10-09 18:29:13
2026-10-09,SCHAEFFLER,Automobile and Auto Components,3667.6,3936.36,3995.9180000000006,4000.21,3850.279622497047,3922.299351058527,-72.0197285614795,-41.31029811554907,4197.837102952479,3936.36,3674.8828970475206,5.138662316476328,-6.766993746504657,1.7527740388274045,36.04,SELL,1.7993667464669016,-7.574730642484861,1.3056793355223264,2.4145801847841324,-17.908543545896094,4.0,12.953721075672297,12.193050193050194,5.897435897435898,1.0,80.0,41.93050193050193,41.02564102564102,39.31623931623932,2026-10-09 18:29:13
2026-10-09,GRSE,Capital Goods,2046.0,2262.87,2453.084,2533.0675,2166.2776452650123,2285.537343897857,-119.2596986328449,-99.4349779989418,2537.428149147244,2262.87,1988.311850852756,16.041589305607133,-17.959821965596056,1.8709785823291127,35.93,SELL,1.9496246064422351,-1.8688320770844813,1.5937547655210536,3.079877112135179,-38.72416891284816,0.0,14.801011996133948,12.91761600444568,7.211538461538462,1.0,95.0,34.17616004445679,48.29059829059829,48.07692307692308,2026-10-09 18:29:13
2026-10-09,ARE&M,Automobile and Auto Components,721.0,775.2724999999999,856.915,848.073,753.7137692315251,789.7957781467607,-36.08200891523552,-33.161415911252675,838.6637701527649,775.2724999999999,711.881229847235,18.30092983939136,-13.356966892988044,1.092781665183821,35.68,SELL,11.491117173464628,-17.065927539101178,1.710530679418492,2.498513968694274,-29.521016617790806,6.0,11.75234521575985,11.831660231660232,5.096153846153847,1.0,80.0,38.31660231660232,36.75213675213676,33.97435897435898,2026-10-09 18:29:13
2026-10-09,LINDEINDIA,Chemicals,5996.0,6172.625,6472.89,6722.3075,6136.753272628723,6244.109442524305,-107.35616989558277,-104.60894367379714,6370.021708499223,6172.625,5975.228291500777,37.557019766852505,-5.611963793781971,1.4585300617720116,35.65,SELL,-11.06774463339838,5.927278764735178,1.331962513374667,2.850709997140951,-25.506274071313207,4.0,13.06435840582182,10.5,7.083333333333333,1.0,60.0,44.99999999999999,47.22222222222222,47.22222222222222,2026-10-09 18:29:13
2026-10-09,CDSL,Financial Services,1260.0,1306.315,1341.754,1318.7525,1280.6446480435325,1309.3565166348574,-28.7118685913249,-23.97489485602034,1397.9129837746318,1306.315,1214.7170162253683,18.958930276981803,-7.935116177115297,1.819202158232104,35.46,SELL,8.746310393040236,-12.137567465796415,1.503432850492444,2.28798185941043,-24.717691342534508,6.0,12.69350162033089,9.678231292517006,6.089743589743589,1.0,55.00000000000001,41.78231292517006,41.23931623931624,40.5982905982906,2026-10-09 18:29:13
2026-10-09,BHARTIHEXA,Telecommunication,1531.9,1479.035,1530.8339999999998,1572.265,1466.7386846724144,1487.0268370490269,-20.28815237661252,-28.22624566737641,1593.0649549749085,1479.035,1365.0050450250912,48.88707926167212,-0.8350595546348982,2.394817154108693,35.4,SELL,0.8987300553565669,-17.029936271622127,2.073626218807529,2.962707375528057,-21.66598486398036,8.0,9.638410370117688,9.88888888888889,4.871794871794871,3.0,50.0,48.888888888888886,28.846153846153843,32.47863247863248,2026-10-09 18:29:13
2026-10-09,ANURAS,Chemicals,1132.4,1177.465,1208.908,1270.7565000000002,1161.1140387783632,1183.5868494688948,-22.47281069053156,-17.350676319421286,1235.2334771079163,1177.465,1119.6965228920835,35.988090807592144,-7.905009759271298,2.2415579087333333,35.32,SELL,-2.1732233502537945,14.00314261946576,1.3983008691141492,3.287581369531213,-19.97173144876324,0.0,17.02825629654898,12.25,5.038461538461538,1.0,60.0,62.49999999999999,60.256410256410255,60.256410256410255,2026-10-09 18:29:13
2026-10-09,VBL,Fast Moving Consumer Goods,441.0,427.5775,427.97600000000006,464.008,433.2914490228206,429.7878080019534,3.503641020867178,1.5548589801915391,448.3756900781383,427.5775,406.7793099218618,63.61686919228021,8.353808353808345,1.3703123071562202,35.28,SELL,-3.8397724579284143,-14.544497103738808,1.7794217549446336,2.28620019436346,-20.654911838790923,8.0,9.009210301893228,9.230769230769232,4.038461538461538,5.0,40.0,52.30769230769231,27.99145299145299,26.923076923076923,2026-10-09 18:29:13
2026-10-09,LUPIN,Healthcare,1956.5,2056.96,2166.116,2254.253,2022.333368955927,2074.5526779795514,-52.21930902362442,-46.00503815284877,2160.662091538582,2056.96,1953.257908461418,29.48426856957508,-6.833333333333336,1.4072842836785129,34.85,SELL,-8.25596094328931,6.094364351245085,1.2644868511720209,2.023292322295644,-22.65269816169203,0.0,13.7965774063335,12.558139534883722,7.5,1.0,100.0,25.58139534883721,50.0,50.0,2026-10-09 18:29:13
2026-10-09,OLECTRA,Automobile and Auto Components,1044.8,1159.565,1251.008,1203.83325,1114.4035731283716,1168.3660132797456,-53.96244015137404,-43.2197894854968,1292.3816171436183,1159.565,1026.7483828563818,28.83452446399121,-13.409580639814356,2.244639490423983,34.28,SELL,11.769039506400226,-19.80309237478526,1.8447482059039972,4.11015095165172,-33.78960709759189,6.0,10.87139689578714,11.01930501930502,5.384615384615384,1.0,80.0,30.1930501930502,33.76068376068376,35.8974358974359,2026-10-09 18:29:13
2026-10-09,JBMA,Automobile and Auto Components,528.6,575.6875,613.605,615.4830000000001,556.0530672332288,579.8104779701507,-23.757410736921884,-20.04928112886669,631.1922449370517,575.6875,520.1827550629483,19.664371772805524,-13.94383394383394,1.727957918380546,34.22,SELL,6.049116760017248,-6.616586994460882,1.789997203154041,3.087670936706124,-28.42247799593771,0.0,13.885496617203936,12.472586872586874,6.858974358974359,1.0,80.0,44.72586872586872,45.94017094017094,45.72649572649573,2026-10-09 18:29:13
2026-10-09,HDBFS,Financial Services,588.65,646.3575000000001,668.7159999999999,688.1,621.2002931598158,644.2234436546971,-23.023150494881293,-16.53454491612392,714.1596135751907,646.3575000000001,578.5553864248094,5.368035786905182,-12.79905192207984,1.4007796960171266,33.79,SELL,9.13884007029877,-5.564387917329094,1.2703809990376629,2.5585176736115325,-26.113970126772944,0.0,14.740349081812496,10.585714285714287,7.467948717948717,1.0,55.00000000000001,50.85714285714285,49.78632478632478,49.78632478632478,2026-10-09 18:29:13
2026-10-09,AMBER,Consumer Durables,6445.0,6890.375,7178.11,7231.6,6751.254552377279,6936.0094778912535,-184.75492551397477,-160.04561592202336,7383.967189970637,6890.375,6396.782810029363,32.555156490507954,-10.610263522884878,2.4110772916222016,33.77,SELL,5.241935483870974,-8.162111215834123,1.8925995598006904,3.36196387010972,-28.181412970804544,4.0,13.135880379782815,8.966666666666667,6.666666666666666,1.0,35.0,54.66666666666667,43.376068376068375,44.44444444444444,2026-10-09 18:29:13
2026-10-09,SUPREMEIND,Capital Goods,3474.8,3450.045,3503.6020000000003,3574.6245,3470.1808699577605,3476.5231185336715,-6.342248575911071,-11.291657428579477,3610.4423811965817,3450.045,3289.6476188034176,43.29477564509978,-1.1970769711962204,2.5180999967358684,33.77,SELL,-6.201325272578472,-9.58137167578572,1.8929116342420484,2.9502211843641564,-19.075898367451494,4.0,9.793621013133208,11.651708808002224,5.32051282051282,3.0,95.0,21.517088080022223,31.837606837606835,35.47008547008547,2026-10-09 18:29:13
2026-10-09,TATASTEEL,Metals & Mining,173.8,182.9635,185.2206,194.0725,179.4463021441295,182.37313868244297,-2.9268365383134665,-1.527267770218999,193.42748791846984,182.9635,172.49951208153018,33.247716894977174,-7.920529801324494,1.5987005811242017,33.77,SELL,-9.809971593691834,0.810204193354136,1.300622777264549,2.7083675817853057,-22.54901960784313,4.0,12.382739212007502,10.333333333333334,6.057692307692308,1.0,70.0,33.33333333333333,42.30769230769231,40.38461538461539,2026-10-09 18:29:13
2026-10-09,POLICYBZR,Financial Services,1012.0,1393.06,1605.97,1606.5975,1159.4137817234937,1365.5671488611474,-206.15336713765373,-167.0900484222712,2149.672715782791,1393.06,636.4472842172092,18.95174991505266,-43.777777777777786,8.693618386116938,33.66,SELL,21.8551885218552,0.8728317313004164,5.319952054673343,11.348814229249015,-48.47775175644028,0.0,19.294445392006363,12.513605442176871,0.8525641025641022,1.0,55.00000000000001,70.1360544217687,63.24786324786324,52.35042735042735,2026-10-09 18:29:13
2026-10-09,AFFLE,Information Technology,1417.5,1524.1950000000002,1597.8819999999998,1534.4005000000002,1476.360401614898,1524.2131045521478,-47.85270293724989,-34.13759295680217,1660.1657472409456,1524.1950000000002,1388.2242527590547,14.037122969837585,-10.697410697410692,1.6956533824407574,33.58,SELL,13.754594288945457,-15.16078017923036,2.436745183393349,2.9135802469135825,-28.90103827055224,6.0,12.718460401387231,7.608695652173913,6.250000000000001,1.0,10.0,66.08695652173913,41.88034188034188,41.66666666666667,2026-10-09 18:29:13
2026-10-09,BANKINDIA,Financial Services,134.46,135.57099999999997,139.7844,146.86165,133.87248102661977,136.21371871424245,-2.34123768762268,-2.3748401301500026,143.2652819506985,135.57099999999997,127.87671804930146,39.63323353293419,-4.6788600595491285,1.789188905834091,33.24,SELL,-3.84326575192846,-0.8935481601350714,1.4704416077607425,2.6173476976689853,-24.613141960080743,0.0,13.4935471033032,10.042857142857144,6.698717948717949,3.0,55.00000000000001,45.42857142857143,45.085470085470085,44.65811965811966,2026-10-09 18:29:13
2026-10-09,HEXT,Information Technology,538.5,505.675,533.8520000000001,547.39125,507.9399024599812,513.7385139576577,-5.798611497676518,-10.624371375320797,534.6540577740636,505.675,476.69594222593634,56.57089024964675,5.6089429299862825,1.9535789454188264,33.19,SELL,11.76090468497577,-25.075812274368225,2.177704481028876,3.403634434275102,-33.333333333333336,8.0,9.768150548638356,5.869565217391305,4.551282051282051,5.0,10.0,48.69565217391304,27.77777777777778,30.34188034188034,2026-10-09 18:29:13
2026-10-09,SUNTV,Media Entertainment & Publication,635.9,533.2850000000001,500.151,541.80525,585.0739300693767,542.796563795351,42.27736627402578,29.487353697046263,675.940780409383,533.2850000000001,390.62921959061714,88.5355648535565,41.53127086579123,3.4633925473064533,33.05,SELL,-24.504744464791084,-19.59219858156028,2.445569123065961,5.479859816233459,-4.217502635939152,20.0,4.219000511683437,5.833333333333333,0.0,3.0,25.0,33.33333333333333,9.401709401709402,22.863247863247864,2026-10-09 18:29:13
2026-10-09,OLAELEC,Automobile and Auto Components,35.13,37.5895,38.2942,35.9438,36.6770139231801,37.46149660986719,-0.7844826866870918,-0.437541306165438,41.43530961293513,37.5895,33.74369038706487,45.951156812339335,-5.842937550254623,3.8880355591981353,32.95,SELL,24.3145028080608,-26.38888888888889,3.089047002129464,6.032694888373797,-39.37877480586712,6.0,11.408948774802434,11.325096525096528,3.217948717948718,1.0,80.0,33.25096525096525,36.11111111111111,41.452991452991455,2026-10-09 18:29:13
2026-10-09,APTUS,Financial Services,215.73,235.4245,248.5354,256.71735,227.6472033526018,237.0839286799368,-9.436725327334983,-7.580274180597753,257.74450988019754,235.4245,213.10449011980245,31.05472121525979,-16.47436890196685,1.8194238606034063,32.9,SELL,21.270470527160317,-14.730379956860808,1.7448217062049471,3.4269026759640018,-35.02108433734939,0.0,14.097504121894367,10.524489795918369,7.2756410256410255,1.0,55.00000000000001,50.24489795918368,48.50427350427351,48.50427350427351,2026-10-09 18:29:13
2026-10-09,SARDAEN,Metals & Mining,481.15,502.2975,506.715,520.42575,496.7917776572529,501.6197158462617,-4.827938189008876,-3.2526521032902025,525.338367011283,502.2975,479.256632988717,28.983050847457637,-11.853073188604936,1.4502839239623302,32.87,SELL,-4.007016895946802,-4.815526869907528,1.7589135871643802,2.4108905746648635,-22.892628205128208,4.0,11.939905622832452,10.222222222222223,5.705128205128205,1.0,70.0,32.22222222222223,39.74358974358975,38.034188034188034,2026-10-09 18:29:13
2026-10-09,ONESOURCE,Healthcare,1461.3,1557.855,1554.51,1573.4744999999998,1524.2315974283028,1544.9623389845676,-20.73074155626477,-9.356186278740571,1650.04762386294,1557.855,1465.6623761370602,28.15565729234791,-4.496438141297954,1.7841809731495808,32.78,SELL,17.566058801637507,-15.885610821173712,1.837462940269502,3.8346482095199015,-24.08831168831169,0.0,13.17419978395588,12.0,6.602564102564102,1.0,100.0,20.0,44.230769230769226,44.01709401709402,2026-10-09 18:29:13
2026-10-09,INDIANB,Financial Services,829.8,826.925,855.1510000000001,862.5855,820.260645820636,832.3915743758928,-12.130928555256787,-13.259947545454342,865.0189213274951,826.925,788.8310786725048,46.76165803108808,-3.1343022237786733,1.5437540991703007,32.66,SELL,-10.09932043910089,-2.3229397398761957,1.3681638898880335,2.3559893950349475,-17.094614846638024,4.0,11.191199044857582,9.178911564625851,5.288461538461538,3.0,55.00000000000001,36.7891156462585,37.60683760683761,35.256410256410255,2026-10-09 18:29:13
2026-10-09,AADHARHFC,Financial Services,443.65,451.89,472.072,480.77225,449.89133777941976,457.0116218087739,-7.1202840293541385,-8.374419113078563,471.7584250958506,451.89,432.0215749041493,37.48261474269821,-5.9864378046196265,1.551042926319406,32.52,SELL,1.771695310842336,-5.8217160808953565,1.384886780099208,2.6847096327542608,-21.198934280639435,0.0,13.341463414634145,9.98843537414966,6.185897435897435,3.0,55.00000000000001,44.8843537414966,43.58974358974359,41.23931623931624,2026-10-09 18:29:13
2026-10-09,COCHINSHIP,Capital Goods,1230.0,1335.49,1428.5839999999998,1481.761,1293.8216586446997,1350.7770016166698,-56.95534297197037,-44.91605161022052,1476.780293181681,1335.49,1194.199706818319,22.938144329896915,-20.95115681233933,2.994199935268436,32.41,SELL,10.755181910421818,-14.482372691662004,2.17407213406091,3.25493612078978,-34.92063492063492,0.0,12.305531866507478,12.72367324256738,6.378205128205129,1.0,95.0,32.2367324256738,40.17094017094017,42.52136752136752,2026-10-09 18:29:13
2026-10-09,JSL,Metals & Mining,709.05,739.6274999999999,733.326,746.28325,732.0012169424751,734.8438050249234,-2.8425880824482874,1.7552557917551423,770.3711852737465,739.6274999999999,708.8838147262534,36.333985649054085,-9.479126771351975,2.0495161043231147,32.41,SELL,-1.9445181842314807,-1.5525053304904055,1.7647768569515725,2.7854171073972243,-19.79072398190046,0.0,13.803911535618854,10.77777777777778,6.826923076923077,1.0,70.0,37.77777777777777,45.72649572649573,45.51282051282051,2026-10-09 18:29:13
2026-10-09,GODREJPROP,Realty,1550.0,1659.59,1878.618,1823.9145,1619.4525123300937,1710.831035150359,-91.37852282026527,-88.91523054146876,1809.855784178392,1659.59,1509.324215821608,25.86383852206636,-16.53653545851058,2.170120609342819,32.38,SELL,12.007989660439431,-17.373781148429035,1.947240586662884,2.498617511520739,-34.09863945578231,6.0,11.666723520382057,7.90909090909091,5.801282051282051,1.0,30.0,49.090909090909086,36.965811965811966,38.67521367521368,2026-10-09 18:29:13
2026-10-09,SUNDARMFIN,Financial Services,4113.6,4502.074999999999,4555.062,4767.698,4342.170491268743,4453.760470544867,-111.5899792761238,-62.30640244010697,4922.532589700561,4502.074999999999,4081.617410299437,20.585430968726143,-12.994923857868011,1.6017168282479912,32.15,SELL,-3.8224489795918415,0.5933958035390319,1.531143215771284,3.386849197088403,-27.089684509039348,0.0,13.943942236625162,10.283673469387756,6.9230769230769225,1.0,55.00000000000001,47.83673469387755,46.36752136752137,46.15384615384615,2026-10-09 18:29:13
2026-10-09,ALKEM,Healthcare,5279.0,5263.075,5359.9,5477.3625,5266.807755954695,5284.184296614497,-17.37654065980223,-26.65137966374406,5462.926069549303,5263.075,5063.223930450697,40.6015037593985,2.7242654212881856,1.5841957391546675,31.96,SELL,-1.2390392680137197,-7.950608510260282,1.3000068121904482,2.4294373934457285,-11.030589028398074,0.0,11.882369662857466,11.72093023255814,5.352564102564102,3.0,100.0,17.209302325581397,38.034188034188034,35.68376068376068,2026-10-09 18:29:13
2026-10-09,NAVA,Power,549.1,553.6274999999999,561.332,585.211,555.5307311210344,556.9159172666738,-1.385186145639409,-2.0268995205849984,571.2259292062163,553.6274999999999,536.0290707937836,43.79699248120304,-2.147375924440875,1.879056098097422,31.93,SELL,-4.404413032235832,-8.806117414898873,1.7326711187041723,2.879387048937219,-25.73708412226129,4.0,10.651373017226677,9.088235294117649,5.192307692307692,3.0,45.0,45.88235294117647,34.401709401709404,34.61538461538461,2026-10-09 18:29:13
2026-10-09,GMDCLTD,Metals & Mining,462.15,526.46,554.243,590.0425,498.35687090966746,523.9509178614378,-25.594046951770338,-18.5088274014678,601.5168458254379,526.46,451.4031541745621,9.735269000853904,-19.563136367592023,1.7107851384924295,31.7,SELL,-5.231153685964173,-5.262719626946455,1.7869943548390337,3.265791873386808,-40.12825495530509,4.0,11.46119733924612,9.666666666666666,5.5769230769230775,1.0,70.0,26.666666666666664,38.24786324786324,37.17948717948718,2026-10-09 18:29:13
2026-10-09,NTPCGREEN,Power,92.6,90.596,90.6832,95.15915,91.03403496336848,90.8659810029529,0.1680539604155768,0.1661973315321393,96.19458027116112,90.596,84.99741972883889,58.18843509906994,5.191412018630004,1.9569023239964616,31.57,SELL,-8.98425439950602,-14.135922330097095,1.5600330389673736,3.173403270595496,-22.80116715298042,8.0,7.761498663937689,7.088235294117647,3.717948717948718,5.0,45.0,25.88235294117647,25.0,24.786324786324787,2026-10-09 18:29:13
2026-10-09,BEL,Capital Goods,368.15,388.77,398.684,417.5955,382.39484130072026,390.1004361873125,-7.705594886592223,-5.595449272916383,408.9601070094408,388.77,368.5798929905592,26.947754353803774,-9.322660098522173,1.7030291112348737,31.55,SELL,-5.206649734472412,-2.7823821927539627,1.3438936652063849,1.9993791350575252,-22.24099693737459,0.0,12.324975837170957,12.291330925257016,5.929487179487179,1.0,95.0,27.91330925257016,41.452991452991455,39.52991452991453,2026-10-09 18:29:13
2026-10-09,FORTIS,Healthcare,786.25,838.7950000000001,888.189,907.1405,802.8085229111309,839.9667954096502,-37.158272498519295,-31.082003456038983,947.1246960792904,838.7950000000001,730.4653039207096,28.120201798640053,-14.07103825136612,2.226092382008328,31.37,SELL,8.02450776277437,-11.904530901329204,1.6974462881540058,3.5639336815807394,-28.801050439192245,0.0,12.633748365455682,11.58139534883721,6.153846153846153,1.0,100.0,15.813953488372093,40.81196581196581,41.02564102564102,2026-10-09 18:29:13
2026-10-09,MAZDOCK,Capital Goods,2010.0,2168.535,2371.418,2422.715,2102.683594492823,2205.484482215215,-102.80088772239196,-93.08295385191988,2378.7940409846096,2168.535,1958.27595901539,20.053238686779068,-16.55596147459316,1.8503482172423025,31.2,SELL,2.981210855949889,-10.267045041111832,1.7051503384258635,2.476901208244493,-31.392292726217697,0.0,12.124054806981636,12.336899138649626,5.737179487179486,1.0,95.0,28.368991386496248,38.88888888888889,38.24786324786324,2026-10-09 18:29:13
2026-10-09,NUVOCO,Construction Materials,317.1,327.795,331.611,327.10225,326.1041156719646,328.50981787417953,-2.4057022022149117,-1.107792377483526,344.0843539660509,327.795,311.5056460339491,42.57105943152454,-5.272591486183709,2.230263017743549,31.18,SELL,11.462774680223031,-16.856269113149846,1.9773031109339336,3.4171284407802864,-27.90724110492213,6.0,11.806526806526804,6.536363636363638,5.833333333333334,1.0,5.0,60.36363636363637,37.39316239316239,38.88888888888889,2026-10-09 18:29:13
2026-10-09,LT,Construction,3703.3,3810.9899999999993,3941.006,3959.666,3753.257741817472,3825.783320073206,-72.52557825573376,-60.87239089035917,3995.1333068935446,3810.9899999999993,3626.846693106454,37.29903536977494,-5.590679651251717,1.4661984503147505,31.08,SELL,-1.4927981227689235,-0.8642130385629998,1.139165222815652,1.894063595789083,-16.592342342342338,0.0,14.225766103814884,8.961538461538462,6.8910256410256405,1.0,20.0,69.61538461538461,46.58119658119658,45.94017094017094,2026-10-09 18:29:13
2026-10-09,ZEEL,Media Entertainment & Publication,69.97,75.697,89.3674,90.98835,73.44130660944116,79.04205751784772,-5.600750908406567,-5.62397436204215,82.90059004064945,75.697,68.49340995935056,26.809651474530757,-18.364251545910623,2.1840631236677948,30.64,SELL,9.544358421119426,-14.196242171189976,3.3110088208009696,3.541313624206293,-40.878749471905365,0.0,12.157484791631132,9.166666666666666,6.314102564102565,3.0,25.0,66.66666666666666,39.31623931623932,42.0940170940171,2026-10-09 18:29:13
2026-10-09,TARIL,Capital Goods,290.65,281.0625,291.574,297.8062,283.4355448631648,286.01255898876246,-2.577014125597657,-4.600787317654066,293.680985812884,281.0625,268.444014187116,57.39726027397257,-2.10508588750421,2.1097124267422616,30.12,SELL,5.559502664298388,-33.19469424460433,1.9279839443212092,3.988596987048728,-42.00917797286513,4.0,6.787082835863324,11.444429008057796,2.884615384615385,5.0,95.0,19.44429008057794,14.529914529914532,19.230769230769237,2026-10-09 18:29:13
2026-10-09,MGL,Oil Gas & Consumable Fuels,1042.8,1064.655,1091.676,1095.18375,1052.6613555501383,1066.8870362023663,-14.225680652227766,-12.794148066424828,1102.8152976375084,1064.655,1026.4947023624916,33.30472103004294,-3.827354053306276,1.0980722609928486,29.87,SELL,9.384760299439796,-13.630313943474516,1.2659078220396,2.3282097649186246,-21.91103789126855,0.0,12.291488998806072,11.323529411764708,5.256410256410256,1.0,65.0,48.23529411764706,39.95726495726496,35.04273504273504,2026-10-09 18:29:13
2026-10-09,GALLANTT,Capital Goods,503.75,535.0575000000001,564.974,617.675,525.5667263484067,540.9055577073998,-15.338831358993048,-13.060043711872366,565.0405351155146,535.0575000000001,505.0744648844857,24.61988304093572,-9.576377670077186,1.5205505164397508,29.83,SELL,-16.302809030623642,0.654121863799273,2.3323012412246418,3.694434597660407,-46.86181434599156,0.0,11.214622775598384,12.071825507085302,5.544871794871795,1.0,95.0,25.71825507085302,35.8974358974359,36.965811965811966,2026-10-09 18:29:13
2026-10-09,IDBI,Financial Services,83.09,83.69850000000001,85.0344,87.1984,84.41396081035484,84.64305801731155,-0.229097206956709,-0.2965299248638283,86.79304715673297,83.69850000000001,80.60395284326705,50.10183299389002,1.8759195684158847,1.7475869030496534,29.73,SELL,10.24874269403291,-20.096542212589892,2.3078810949933626,3.080136856764616,-29.81077884777834,0.0,10.367047586559782,9.200680272108844,5.160256410256411,5.0,55.00000000000001,37.006802721088434,32.05128205128205,34.401709401709404,2026-10-09 18:29:13
2026-10-09,JUBLFOOD,Consumer Services,422.75,466.7175,479.219,475.694,452.8064446455479,464.6625003499949,-11.856055704447044,-6.5270197792427656,508.1450178696696,466.7175,425.2899821303305,20.52651659671885,-11.177644710578836,2.421854079479317,29.72,SELL,10.246701090074572,-19.98667554963358,2.191372466424987,3.581143870913238,-33.425196850393704,6.0,10.381317869122748,6.886956521739132,5.448717948717948,1.0,15.0,53.869565217391305,32.26495726495727,36.32478632478632,2026-10-09 18:29:13
2026-10-09,SRF,Chemicals,2519.5,2497.59,2554.664,2681.2425,2491.428017396551,2514.5040425289358,-23.07602513238453,-27.2811220912022,2569.8602792519832,2497.59,2425.319720748017,51.0548523206751,-0.0198412698412697,1.3275811169461056,29.52,SELL,3.568641944889328,-15.029817054681438,1.655774993734256,2.129674255095966,-21.510903426791277,0.0,10.695718915231108,9.333333333333334,4.487179487179487,5.0,60.0,33.33333333333333,33.11965811965812,29.914529914529915,2026-10-09 18:29:13
2026-10-09,RITES,Construction,198.66,203.497,213.18920000000003,214.99655,201.99229554906643,205.6215141775786,-3.629218628512177,-3.636624826635269,213.6739711138782,203.497,193.32002888612183,41.45903926649392,-5.906313645621186,2.366759718571162,29.31,SELL,6.267152337707693,-14.083427464902377,1.8007506271002207,3.723878557765603,-23.504043126684635,0.0,11.596281767013476,9.076923076923078,5.641025641025641,3.0,20.0,70.76923076923077,36.32478632478632,37.60683760683761,2026-10-09 18:29:13
2026-10-09,MAXHEALTH,Healthcare,883.8,989.9125,1012.973,1028.8895000000002,939.2797944442492,976.2287927867682,-36.94899834251908,-22.631561927422496,1121.983469259156,989.9125,857.841530740844,18.29501915708815,-14.8144578313253,1.8689447813390017,29.27,SELL,5.5092174467406885,-13.34322366698666,1.7226081514811726,3.728623153266737,-27.6700220967346,0.0,11.550798794701231,11.209302325581396,5.512820512820514,1.0,100.0,12.093023255813954,36.53846153846153,36.75213675213676,2026-10-09 18:29:13
2026-10-09,JPPOWER,Power,14.53,15.4325,16.533,16.84645,15.064707282378697,15.591389120230978,-0.5266818378522835,-0.4553585124468394,16.630513706976963,15.4325,14.234486293023036,39.39393939393939,-11.402439024390244,2.226625283113977,29.0,SELL,0.3041362530413538,-8.388888888888902,1.9109778324400877,3.937665912889588,-40.69387755102041,0.0,12.067428506452895,9.911764705882351,6.0256410256410255,1.0,45.0,54.11764705882352,39.1025641025641,40.17094017094017,2026-10-09 18:29:13
2026-10-09,BHARTIARTL,Telecommunication,1805.1,1810.065,1874.452,1903.9085,1801.939927070892,1821.8578153154767,-19.91788824458536,-25.386276080473216,1880.893696979324,1810.065,1739.2363030206757,35.62581486310302,-0.5290130600099308,1.5024114364931709,28.76,SELL,-0.9454232917920024,-11.08968177434908,1.4238466390141598,1.897401805994128,-16.98781329041159,0.0,10.932969469554836,10.111111111111112,4.711538461538461,3.0,50.0,51.11111111111112,34.61538461538461,31.41025641025641,2026-10-09 18:29:13
2026-10-09,M&M,Automobile and Auto Components,2796.2,2971.205,3201.454,3259.309,2890.647311919884,3000.976846114436,-110.32953419455224,-95.43384706411432,3196.8712694287574,2971.205,2745.5387305712425,22.280017338534904,-11.231746031746038,1.298895176538488,27.77,SELL,-1.5606990436434989,-10.95832511482432,1.383821573528918,2.122012527205287,-27.18039532279487,0.0,10.82193416339758,11.525868725868726,4.423076923076923,1.0,80.0,35.25868725868726,33.547008547008545,29.48717948717949,2026-10-09 18:29:13
2026-10-09,IGIL,Services,309.05,319.0675,333.25300000000004,336.93925,316.70232126033983,321.93389993477206,-5.231578674432228,-4.608099872861863,334.1134393018064,319.0675,304.0215606981936,34.31232091690548,-0.786516853932584,1.90311123834704,27.53,SELL,-5.158020274299336,-7.300014570887359,1.791645509684401,3.1305613978320643,-20.40947720834406,0.0,10.993632383876283,10.115384615384617,5.416666666666666,1.0,75.0,26.15384615384616,35.68376068376068,36.11111111111111,2026-10-09 18:29:13
2026-10-09,ABBOTINDIA,Healthcare,26000.0,26459.0,26660.4,26845.125,26329.752087968307,26438.46066636556,-108.70857839725068,-12.126655895712878,27717.63585302741,26459.0,25200.364146972588,33.67609254498714,3.07234886025769,1.708395478509413,27.41,SELL,-1.1411992263056114,-11.9855346995006,1.264002657070218,2.2568681318681323,-15.185124775729896,0.0,10.696401159815792,11.255813953488373,4.455128205128205,1.0,100.0,12.55813953488372,32.9059829059829,29.700854700854705,2026-10-09 18:29:13
2026-10-09,TIINDIA,Automobile and Auto Components,2213.0,2478.12,2665.75,2731.568,2389.9933130309137,2505.1754183699904,-115.18210533907676,-97.2824628651827,2736.203720402636,2478.12,2220.036279597364,22.4201824401368,-17.37296045999328,2.435512177667526,27.0,SELL,-3.24153863077995,-13.385852617758086,2.122883034446045,3.599832160609382,-33.64715759174862,0.0,9.690374665984423,11.246332046332046,5.064102564102564,1.0,80.0,32.463320463320464,29.914529914529915,33.76068376068376,2026-10-09 18:29:13
2026-10-09,GILLETTE,Fast Moving Consumer Goods,7100.5,7117.475,7358.64,7834.9175,7105.796080974224,7181.223241596475,-75.427160622251,-106.17085249150745,7402.0939465530655,7117.475,6832.856053446935,51.28564749883124,-5.067183635269734,1.3683312774649845,26.74,SELL,-2.004034094606022,-15.082318448353629,1.077959579507329,2.2946070196263846,-26.90446777846407,0.0,9.34811529933481,9.153846153846157,3.2371794871794872,5.0,40.0,51.53846153846154,29.059829059829063,21.581196581196583,2026-10-09 18:29:13
2026-10-09,NATCOPHARM,Healthcare,789.4,820.4424999999999,857.748,937.8085,815.6494731005631,829.4033475485207,-13.753874447957628,-12.624244455638122,848.1095481373064,820.4424999999999,792.7754518626933,39.78723404255321,-4.465690427205615,1.147402897338487,26.18,SELL,-25.771944806508163,-0.6915213469633197,1.3547823015262468,2.7217778421224086,-35.6537332898598,0.0,10.433793848427994,11.767441860465118,2.980769230769231,1.0,100.0,17.674418604651162,26.923076923076923,19.871794871794872,2026-10-09 18:29:13
2026-10-09,BLUESTARCO,Consumer Durables,1574.0,1532.175,1529.578,1692.886,1533.7220483511885,1529.2620569117878,4.45999143940071,0.7361618614242735,1594.0921220261564,1532.175,1470.2578779738435,54.45147679324894,8.037614112155932,2.808283795798914,26.16,SELL,-9.787575645300729,-24.477874276261367,2.1845596999958308,3.1639135959339275,-22.573663239706832,8.0,4.825231678890216,4.966666666666668,3.3653846153846154,5.0,35.0,14.666666666666668,13.247863247863249,22.43589743589744,2026-10-09 18:29:13
2026-10-09,NTPC,Power,312.0,323.785,332.22,357.3385,319.21174523359707,324.4760604195972,-5.26431518600009,-4.3198413559970135,336.9136388439531,323.785,310.65636115604684,36.74630261660983,-6.726457399103136,1.1752755967369382,25.9,SELL,-11.586262194307084,-1.3126491646777927,1.0093536665412528,1.837225274725276,-24.710424710424704,0.0,11.19142645971914,9.088235294117649,4.615384615384615,1.0,45.0,45.88235294117647,37.82051282051282,30.76923076923077,2026-10-09 18:29:13
2026-10-09,JSWCEMENT,Construction Materials,112.43,115.071,122.596,124.1732,113.65441250543452,116.71644168492897,-3.062029179494459,-3.2680405464691336,120.53876929402368,115.071,109.60323070597632,34.64132434089518,-6.851698425849206,1.1583447485724432,25.71,SELL,-3.994316387748664,-10.32957310329572,1.171861327657681,2.775060037356577,-21.59693165969316,0.0,10.28927170390585,8.572727272727274,3.846153846153846,3.0,5.0,80.72727272727273,32.47863247863248,25.64102564102564,2026-10-09 18:29:13
2026-10-09,HDFCAMC,Financial Services,2262.5,2357.21,2472.0040000000004,2583.0185,2320.5732563119554,2379.117715025118,-58.54445871316239,-54.975050180059,2495.3496532118056,2357.21,2219.0703467881945,34.44380624162359,-7.274590163934425,1.7459195468632682,25.57,SELL,-3.6268409860596975,-9.434730317328144,1.6763094208293254,2.496606156274664,-23.750947847333396,0.0,10.679686167491043,8.857823129251702,5.032051282051282,1.0,55.00000000000001,33.578231292517,33.97435897435898,33.547008547008545,2026-10-09 18:29:13
2026-10-09,CANFINHOME,Financial Services,718.15,749.1625,786.8430000000001,852.34175,734.236391592,755.2658409249123,-21.02944933291224,-20.320148099642942,798.7495406987838,749.1625,699.5754593012163,26.4349863334635,-8.736815351378823,1.1549648352903594,25.56,SELL,-4.490480182014133,-7.74924820726347,1.2076896249846545,2.56910116270974,-26.07822954194545,0.0,11.104667690033542,9.0687074829932,4.391025641025641,1.0,55.00000000000001,35.68707482993197,35.47008547008547,29.27350427350428,2026-10-09 18:29:13
2026-10-09,MPHASIS,Information Technology,2360.0,2277.41,2375.1240000000003,2395.8445,2286.299842332128,2306.119386027933,-19.81954369580535,-35.38867835081439,2388.992339670274,2277.41,2165.827660329726,57.912904938927234,2.275189599133265,1.8878404050332216,25.45,SELL,0.1786625829504728,-15.41555922706701,1.8687107453942573,2.839285714285713,-20.67226890756303,0.0,9.675649553698332,6.130434782608695,4.647435897435897,5.0,10.0,51.30434782608695,30.55555555555556,30.982905982905983,2026-10-09 18:29:13
2026-10-09,ESCORTS,Capital Goods,2730.5,2798.91,2953.4440000000004,3154.117,2779.1532965351807,2833.749939763606,-54.59664322842536,-59.0714105091253,2932.626950073182,2798.91,2665.193049926818,43.95859361056579,-8.654489495517193,1.913355405899096,25.36,SELL,-1.5133191697989878,-21.66385025347719,1.4508998269709572,3.046799382635311,-31.52866242038217,0.0,7.654670532719313,11.500555709919425,3.205128205128205,3.0,95.0,20.00555709919422,20.51282051282051,21.36752136752137,2026-10-09 18:29:13
2026-10-09,FACT,Chemicals,729.4,762.6075,795.1729999999999,832.4525,749.7960918336508,768.2030349039896,-18.4069430703388,-15.408253237523496,810.5235480203947,762.6075,714.6914519796052,40.81309398099259,-7.248219735503558,2.176387408174516,25.24,SELL,-3.252629004646601,-12.877828552551884,2.1619203263957285,3.3838967448783746,-31.097676176081613,0.0,9.904201489567344,9.333333333333334,4.999999999999999,1.0,60.0,33.33333333333333,30.982905982905983,33.33333333333333,2026-10-09 18:29:13
2026-10-09,HDFCLIFE,Financial Services,556.65,539.0550000000001,540.38,616.803,541.2255499254632,540.360397985649,0.8651519398141545,-1.274754846926599,567.960998284829,539.0550000000001,510.1490017151712,52.698863636363605,8.297665369649799,2.3498251858456523,25.21,SELL,-10.780544877151932,-27.472826086956527,1.7156782116511666,2.8839614530802886,-29.40393151553583,8.0,3.5482972312240606,6.389795918367348,2.275641025641025,5.0,55.00000000000001,8.89795918367347,10.042735042735044,15.17094017094017,2026-10-09 18:29:13
2026-10-09,TENNIND,Automobile and Auto Components,473.7,504.645,527.64,551.35825,492.88506743949006,506.99176774348615,-14.106700303996092,-11.026044279194313,537.7495059741032,504.645,471.5404940258968,32.5296442687747,-8.622685185185187,1.8125765452723896,25.02,SELL,-7.512315270935954,,1.739514576754626,3.317349739135681,,4.0,5.705128205128205,9.351351351351353,4.967948717948718,1.0,80.0,13.513513513513514,33.33333333333333,33.11965811965812,2026-10-09 18:29:13
2026-10-09,SUZLON,Capital Goods,37.6,40.8675,44.5858,48.79495000000001,39.311269355560334,41.49500082516298,-2.183731469602648,-1.9865487994501736,45.4804560108349,40.8675,36.2545439891651,18.87640449438201,-17.271727172717277,1.9444493239202227,24.99,SELL,2.871354284422356,-23.193787981093863,1.957075558019461,3.1325987841945304,-38.86178861788617,0.0,8.426573426573427,11.559460961378162,4.006410256410256,1.0,95.0,20.594609613781607,22.64957264957265,26.70940170940171,2026-10-09 18:29:13
2026-10-09,ULTRACEMCO,Construction Materials,10675.0,10874.95,11332.18,11685.04,10788.002439417663,10969.406600877335,-181.4041614596717,-163.7531195979355,11269.53037670974,10874.95,10480.36962329026,41.73573866406631,-2.064220183486243,1.511230304556966,24.85,SELL,-5.119365681289323,-7.874476987447698,1.1984504610186284,1.904315824690532,-18.573607932875667,0.0,10.819716868497354,8.445454545454545,4.583333333333333,1.0,5.0,79.45454545454545,34.82905982905983,30.55555555555556,2026-10-09 18:29:13
2026-10-09,ICICIAMC,Financial Services,3030.3,3118.965,3107.672,,3094.814604310731,3107.2110093611213,-12.396405050390513,0.8821722568322032,3255.3068501607645,3118.965,2982.623149839235,27.850326469111124,0.8922923256201143,1.3366471944852023,24.79,SELL,-3.5438742516886945,,1.5450963900970605,2.542181113609684,,0.0,9.166666666666666,8.663265306122451,5.961538461538462,1.0,55.00000000000001,31.63265306122449,42.0940170940171,39.74358974358975,2026-10-09 18:29:13
2026-10-09,COROMANDEL,Chemicals,1703.4,1868.565,1954.862,2048.619,1794.4062400776966,1861.3455479451768,-66.93930786748024,-47.64315846611455,2072.4624177064866,1868.565,1664.667582293513,21.258008153756577,-13.211392469557238,2.23138552114519,24.72,SELL,-7.793005671077513,-9.00568976774554,1.6306393239212635,3.67751891175632,-31.836734693877546,0.0,9.377792938768549,9.5,4.83974358974359,1.0,60.0,35.0,31.41025641025641,32.26495726495727,2026-10-09 18:29:13
2026-10-09,KFINTECH,Financial Services,842.35,877.865,917.731,934.2795,862.1089534628759,883.075578247638,-20.966624784762075,-18.21892316073409,934.6588200863138,877.865,821.0711799136863,28.20193981596617,-7.230176211453743,2.1413907479003327,24.68,SELL,0.6254418882906343,-16.113529198404052,2.224232325476618,3.0683716473471323,-30.67078189300412,0.0,9.800955142418555,8.947619047619048,4.935897435897435,1.0,55.00000000000001,34.476190476190474,29.700854700854705,32.9059829059829,2026-10-09 18:29:13
2026-10-09,NHPC,Power,72.99,74.588,75.9914,77.58120000000001,73.3836972476942,74.52042058320444,-1.13672333551024,-0.922809459420362,78.29262356919953,74.588,70.88337643080045,32.38434163701061,-4.824618594340857,1.1752198047669056,24.67,SELL,-1.04302477183833,-11.051212938005383,1.068159005219687,1.9738516039379173,-17.169768497503412,0.0,10.9472397521178,8.61764705882353,4.102564102564103,1.0,45.0,41.1764705882353,34.18803418803419,27.350427350427356,2026-10-09 18:29:13
2026-10-09,MFSL,Financial Services,1309.7,1441.275,1499.1740000000002,1611.3509999999997,1385.0995605954297,1438.7897049228784,-53.69014432744893,-39.26174195274959,1614.237604720152,1441.275,1268.3123952798485,22.045301637138365,-10.81375553285665,3.147793222158985,24.54,SELL,-5.546101972647632,-3.92332841848837,2.1359579324422477,4.128535433414415,-30.79524438573316,0.0,11.80902837000398,9.45374149659864,2.282051282051282,1.0,55.00000000000001,39.53741496598639,39.52991452991453,41.88034188034188,2026-10-09 18:29:13
2026-10-09,BPCL,Oil Gas & Consumable Fuels,287.8,303.0725,311.31800000000004,322.88525,298.24404435312283,303.6567293617848,-5.412685008661981,-3.642216329893203,318.92442915372993,303.0725,287.22057084627005,25.236294896030216,-5.188601548344584,1.527671574776083,24.49,SELL,1.9288829251928876,-17.274707323713578,1.3450998881754697,2.6159039015189083,-26.5160219583812,0.0,9.78645744499403,9.794117647058824,3.9102564102564106,1.0,65.0,32.94117647058823,29.48717948717949,26.06837606837607,2026-10-09 18:29:13
2026-10-09,RELIANCE,Oil Gas & Consumable Fuels,1170.3,1217.64,1271.792,1354.698,1200.62734435802,1227.4272677901677,-26.799923432147807,-25.127672869628142,1280.4397116989965,1217.64,1154.8402883010033,38.18947368421049,-8.498827208756843,1.4401969680759363,24.22,SELL,-3.92491467576791,-12.783727352327068,1.278994501764958,1.9067150059203344,-27.391735947388018,0.0,9.676331798283018,9.794117647058824,3.75,1.0,65.0,32.94117647058823,30.34188034188034,25.0,2026-10-09 18:29:13
2026-10-09,RHIM,Capital Goods,369.1,376.0975,381.178,401.32950000000005,375.16475757184674,376.8395322633671,-1.6747746915203263,-0.507649730401552,394.9255159393203,376.0975,357.26948406067976,50.30581039755355,-2.0695144600689663,1.6751251486338208,24.04,SELL,-3.742069144114979,-22.65917602996256,1.8100857435592712,3.7610790726477528,-27.385402321463705,0.0,6.916652453237818,11.202139483189775,2.916666666666667,3.0,95.0,17.02139483189775,17.52136752136752,19.444444444444446,2026-10-09 18:29:13
2026-10-09,ITI,Telecommunication,240.13,250.369,266.51559999999995,283.16275,245.8606278613941,253.5125471111965,-7.651919249802432,-7.392293782629986,265.49201404099006,250.369,235.24598595900991,34.9860724233983,-10.214993456720878,1.6550812195471702,24.0,SELL,1.2933458294283051,-17.370030581039764,1.2634282947095894,3.3169533169533154,-35.59608421617273,0.0,9.552788674739892,9.666666666666666,3.782051282051282,1.0,50.0,46.66666666666666,28.63247863247863,25.213675213675213,2026-10-09 18:29:13
2026-10-09,BDL,Capital Goods,1075.9,1130.55,1234.826,1310.757,1104.9952581763011,1152.3537958345837,-47.35853765828233,-45.2849176237423,1217.0847998145382,1130.55,1044.0152001854617,25.792218210990782,-11.673918397504291,2.06927592669459,23.84,SELL,-3.786588198853969,-19.13965898737472,1.8221021849650367,2.889939319904933,-34.13125994857352,0.0,7.6236852578316,11.339955543206448,3.8782051282051286,1.0,95.0,18.399555432064464,22.00854700854701,25.85470085470086,2026-10-09 18:29:13
2026-10-09,HBLENGINE,Capital Goods,719.05,757.4825,720.663,757.51,754.9903800815097,746.4145044336467,8.575875647862972,16.091878626870653,818.1812754580318,757.4825,696.7837245419681,40.03891997081,-1.5134913025612984,2.676891398731388,23.82,SELL,1.7957820004176115,-26.01679481991096,2.287461006055856,4.087734808825137,-35.91354723707665,0.0,7.540053442492466,11.021533759377604,4.262820512820513,1.0,95.0,15.215337593776049,17.94871794871795,28.418803418803417,2026-10-09 18:29:13
2026-10-09,POWERGRID,Power,249.15,261.90500000000003,266.813,283.547,256.4987248047184,261.35198270001695,-4.853257895298555,-3.2854250194970573,276.7451978990931,261.90500000000003,247.06480210090692,28.91326021934198,-6.2817378220801245,1.707783289914604,23.63,SELL,-9.86942513142276,-7.725694444444442,1.3281594981090268,2.213239299332012,-23.326665640867816,0.0,9.683040536699073,8.61764705882353,4.326923076923077,1.0,45.0,41.1764705882353,31.1965811965812,28.846153846153843,2026-10-09 18:29:13
2026-10-09,AAVAS,Financial Services,1193.0,1255.9,1309.066,1349.8575,1228.911246005919,1260.1801500167269,-31.268904010807773,-27.006482727991976,1337.4712023488082,1255.9,1174.328797651192,35.32991672005127,-7.540881965434387,1.7422535919942244,23.62,SELL,6.9627056975109625,-21.58229766595938,1.8146392552884012,3.791761465692733,-32.67114396974999,0.0,9.54073568707715,8.781632653061227,4.294871794871795,1.0,55.00000000000001,32.816326530612244,28.205128205128204,28.63247863247863,2026-10-09 18:29:13
2026-10-09,PINELABS,Financial Services,163.07,180.06,168.2236,179.4,172.83950774332226,173.3904334679008,-0.5509257245785477,1.875842676189348,202.8154079171024,180.06,157.3045920828976,26.46628757108043,-6.859721270276453,4.864424294165718,23.34,SELL,-3.108749071375505,,3.709841054837187,5.275560889714318,,0.0,9.487179487179484,8.86734693877551,3.9871794871794863,1.0,55.00000000000001,33.6734693877551,42.94871794871795,46.58119658119658,2026-10-09 18:29:13
2026-10-09,GPIL,Capital Goods,206.47,227.3645,236.9474,260.3908,218.3170226265159,227.04405960832185,-8.727036981805924,-6.632685581956971,252.6641005585276,227.3645,202.0648994414724,25.987193169690546,-18.40420486879545,1.88150330491193,23.3,SELL,-13.67995784296504,-12.82242327479156,2.119075802722577,3.3706038234541187,-35.478125000000006,0.0,7.200523054181589,11.120450125034733,3.9743589743589753,1.0,95.0,16.204501250347317,21.581196581196583,26.495726495726498,2026-10-09 18:29:13
2026-10-09,ICICIGI,Financial Services,1690.2,1533.41,1573.22,1760.5475,1586.407459090498,1565.0516154277584,21.35584366273952,0.9654430533778324,1673.9211405959795,1533.41,1392.8988594040206,73.7661273807086,14.66757123473541,2.448938823106524,23.2,SELL,-15.201371036846613,-26.06096832038254,2.24174140109592,2.903291241949391,-18.14615719889583,8.0,3.295013929160271,6.304081632653062,2.596153846153846,3.0,55.00000000000001,8.040816326530612,9.18803418803419,17.307692307692307,2026-10-09 18:29:13
2026-10-09,TORNTPOWER,Power,1188.6,1252.34,1277.438,1404.9405,1232.3378076520664,1251.66061758114,-19.322809929073628,-16.006246713793733,1311.847112356828,1252.34,1192.8328876431715,30.45657015590201,-8.96836945699626,1.0742033709366623,22.94,SELL,-12.30323115161558,-5.547293277810816,1.3888158444574017,2.407995000120191,-34.839098733622066,0.0,9.626414236170334,8.5,3.814102564102564,1.0,45.0,40.0,31.62393162393162,25.427350427350422,2026-10-09 18:29:13
2026-10-09,TATACONSUM,Fast Moving Consumer Goods,955.0,978.7175,1026.809,1108.36925,967.9802344889406,987.8964686618104,-19.916234172869736,-20.558147390234048,1017.8212119654232,978.7175,939.6137880345768,36.48648648648649,-4.595404595404595,1.2815197337609443,22.68,SELL,-5.0912494150678445,-15.315240083507309,1.275180700579415,1.9102468212415853,-25.547672877523976,0.0,8.37085678549093,8.461538461538462,2.852564102564102,3.0,40.0,44.61538461538461,26.70940170940171,19.017094017094017,2026-10-09 18:29:13
2026-10-09,APOLLOTYRE,Automobile and Auto Components,400.05,405.535,424.354,439.02725,403.9101851740343,410.23210021434977,-6.321915040315503,-7.150616720012328,419.22356995336736,405.535,391.8464300466327,43.02938960060287,-5.257548845470694,1.593034816832256,22.51,SELL,-5.640908048612713,-19.226616939837083,1.3177677055962094,2.780009641651935,-25.985198889916735,0.0,6.917107282960942,10.064864864864866,2.532051282051282,3.0,80.0,20.64864864864865,20.299145299145295,16.88034188034188,2026-10-09 18:29:13
2026-10-09,BRITANNIA,Fast Moving Consumer Goods,4825.0,4898.145,5186.358,5530.9445,4848.346944258478,4955.461427204615,-107.11448294613638,-111.405520424409,5074.139455355199,4898.145,4722.1505446448,37.92573981016192,-5.2062868369351705,1.1910804613535,22.47,SELL,-9.482527482348734,-12.99716519199382,1.194996384800597,1.827091043671352,-23.058523361505344,0.0,8.029507078287564,9.0,2.435897435897436,3.0,40.0,50.0,26.06837606837607,16.23931623931624,2026-10-09 18:29:13
2026-10-09,LTTS,Information Technology,3270.1,3262.59,3429.752,3544.0635,3243.7848671794677,3300.237632403064,-56.45276522359609,-64.92946565863588,3405.1047512216337,3262.59,3120.0752487783666,44.57223001402524,-2.791319857312724,1.887669087263183,22.07,SELL,0.3642501776830009,-17.73030707610147,1.5708851513941997,3.235375064982724,-30.806178586542533,0.0,9.059810108590597,5.782608695652175,4.230769230769231,3.0,10.0,47.82608695652174,27.56410256410257,28.205128205128204,2026-10-09 18:29:13
2026-10-09,MRF,Automobile and Auto Components,122090.0,124519.25,129275.8,134034.175,123746.04401031933,125610.03095446588,-1863.9869441465416,-1893.6531846491384,127779.5862354857,124519.25,121258.9137645143,31.31524008350732,-4.851342399563574,0.7628486744160353,21.89,SELL,-3.611424276587749,-19.01679717100277,0.87665874172385,1.1507904005242036,-25.372860635696824,0.0,7.791801694240718,10.452509652509654,0.641025641025641,3.0,80.0,24.52509652509653,22.43589743589744,4.273504273504273,2026-10-09 18:29:13
2026-10-09,RECLTD,Financial Services,300.0,304.6075,324.10900000000004,346.07300000000004,300.49074036160334,307.92395287045605,-7.433212508852705,-8.001097714658025,320.50120199663587,304.6075,288.71379800336405,42.2879177377892,-4.610492845786962,1.8666880623096944,21.89,SELL,-7.237706114110598,-16.17879746835442,1.688716239972096,2.5214285714285705,-22.74014936904456,0.0,7.387799192677241,7.942176870748302,3.557692307692307,3.0,55.00000000000001,24.421768707483,23.29059829059829,23.717948717948715,2026-10-09 18:29:13
2026-10-09,TATAPOWER,Power,342.15,359.45500000000004,367.112,385.125,351.7974152409537,358.5044531718497,-6.707037930896036,-4.413051611685315,379.973692376519,359.45500000000004,338.93630762348107,23.127572016460903,-7.527027027027033,1.431848310425555,21.85,SELL,-7.443980250664639,-10.5359765051395,1.2606342084385205,2.225423268825285,-26.403527640352763,0.0,9.13252601057479,8.029411764705882,3.6858974358974352,1.0,45.0,35.294117647058826,30.128205128205128,24.57264957264957,2026-10-09 18:29:13
2026-10-09,DOMS,Fast Moving Consumer Goods,2059.4,2093.33,2172.18,2291.63,2080.4784128215965,2113.1087327935124,-32.630319971915924,-33.16237131943421,2156.284623591685,2093.33,2030.3753764083149,42.022940563086536,-5.997809019536248,1.288145274300056,21.7,SELL,-7.738295722465461,-14.411810654585222,0.9765170260327246,2.011681627103596,-25.2486388384755,0.0,7.832622661890955,8.846153846153845,2.019230769230769,3.0,40.0,48.46153846153846,25.85470085470086,13.461538461538462,2026-10-09 18:29:13
2026-10-09,CEATLTD,Automobile and Auto Components,3262.3,3323.1200000000003,3454.168,3543.337,3296.862099550786,3343.738948516795,-46.87684896600922,-46.4349476880335,3461.900016762595,3323.1200000000003,3184.3399832374057,30.955014749262546,-0.9382970970484572,1.5204659108945615,21.66,SELL,-6.454345248178905,-17.760071487080197,1.745899623437613,2.4272971304206923,-26.49166291122127,0.0,7.019898800386606,10.471042471042471,3.173076923076923,1.0,80.0,24.71042471042471,21.36752136752137,21.153846153846157,2026-10-09 18:29:13
2026-10-09,ELECON,Capital Goods,416.4,437.37000000000006,433.539,454.48475,438.4095740022405,438.1881784404941,0.2213955617463057,3.4782574724093074,484.9551193015964,437.37000000000006,389.7848806984037,48.578199052132696,-0.7153075822603716,3.525994813240269,21.61,SELL,0.3693994280266732,-24.477718999372367,2.606624690137247,5.092116097159324,-33.482428115015985,0.0,7.6087327306839505,11.261044734648516,1.7435897435897427,1.0,95.0,17.610447346485135,18.37606837606838,31.62393162393162,2026-10-09 18:29:13
2026-10-09,SAMMAANCAP,Financial Services,126.44,138.8635,148.6098,152.2131,134.49863936832068,140.18006963640323,-5.681430268082551,-4.784321734093201,151.25754148010287,138.8635,126.46945851989712,16.124031007751938,-15.779657630053956,1.540090545464549,21.59,SELL,0.1964636542239661,-19.444005686305488,1.771748277235305,3.216093460478146,-34.47006996631251,0.0,8.503951333219627,8.491836734693878,3.58974358974359,1.0,55.00000000000001,29.918367346938773,26.282051282051285,23.93162393162393,2026-10-09 18:29:13
2026-10-09,KAYNES,Capital Goods,3264.0,3463.49,3640.714,3636.685,3407.537239431002,3487.873430037696,-80.33619060669389,-55.64285369807692,3692.151983584469,3463.49,3234.828016415532,37.56687140875768,-9.70954356846473,2.6771546955274723,21.57,SELL,-7.705680830393213,-45.73468620819241,2.9138053290975403,4.221157212885155,-57.63789746917586,6.0,2.6156120302461763,10.162406223951098,1.794871794871795,1.0,95.0,6.624062239510975,3.205128205128205,11.965811965811966,2026-10-09 18:29:13
2026-10-09,COLPAL,Fast Moving Consumer Goods,1817.8,1821.36,1886.946,2029.0795,1796.807689057809,1827.9253598176865,-31.117670759877228,-30.32200247721447,1926.1964821997576,1821.36,1716.5235178002422,38.898756660746,0.9888888888888836,2.166855951748912,21.45,SELL,-4.5673833245936,-17.292310489001995,1.7669809002917565,2.6763120255253616,-21.979484098029967,0.0,7.926033316277219,8.384615384615385,4.134615384615385,1.0,40.0,43.84615384615385,24.57264957264957,27.56410256410257,2026-10-09 18:29:13
2026-10-09,INDIACEM,Construction Materials,297.45,322.17,354.03799999999995,393.7155,308.30087211242176,325.8145138896044,-17.51364177718267,-16.12358912665306,365.283209601064,322.17,279.0567903989359,19.193233571893305,-15.38899160859053,2.122394774651208,21.44,SELL,-6.420439502250464,-12.055237621298833,1.77190808160619,3.752131210527581,-38.7710992177851,0.0,9.041105236227189,6.881818181818182,4.519230769230769,1.0,5.0,63.81818181818181,29.27350427350428,30.128205128205128,2026-10-09 18:29:13
2026-10-09,PFC,Financial Services,327.8,335.845,360.115,399.35425,329.1054960187117,339.4224839626769,-10.316987943965216,-10.891283574349613,358.6773155106813,335.845,313.01268448931864,34.554973821989535,-6.715993170176427,1.2350746959577874,20.99,SELL,-14.78510714713277,-11.77491323748141,1.6874073035072767,2.255295040529939,-32.62076053442959,0.0,7.457160725453408,7.744897959183675,2.7884615384615388,3.0,55.00000000000001,22.44897959183673,22.22222222222222,18.58974358974359,2026-10-09 18:29:13
2026-10-09,MUTHOOTFIN,Financial Services,2624.7,2755.6600000000003,2875.536,3283.7635,2702.535507875586,2777.6938550913587,-75.15834721577266,-60.74660006282902,2921.557436927101,2755.6600000000003,2589.7625630728994,27.523888658080537,-6.760213143872118,1.667857650646233,20.63,SELL,-17.229469357462968,-9.117407384191068,2.0472428655870627,2.32244229272461,-36.74659597541873,0.0,7.799420092103019,7.889115646258505,3.942307692307693,1.0,55.00000000000001,23.891156462585037,23.93162393162393,26.282051282051285,2026-10-09 18:29:13
2026-10-09,ONGC,Oil Gas & Consumable Fuels,221.27,230.5745,234.5824,256.1913,226.04645994468,230.0707323103639,-4.024272365683913,-2.871749378806261,243.2386383025932,230.5745,217.9103616974068,31.944879423739422,-5.448252286129396,1.2564641500627132,20.52,SELL,-17.338003502626975,-8.3673073189672,1.0674140848501266,1.955271194210048,-28.042276422764225,0.0,8.132980840297913,9.205882352941178,2.17948717948718,1.0,65.0,27.05882352941176,25.427350427350422,14.529914529914532,2026-10-09 18:29:13
2026-10-09,LEMONTREE,Consumer Services,110.43,106.60150000000002,107.8408,117.79355,108.33580143034068,107.59042929554258,0.7453721347980888,-0.0177976264984928,111.97125653666671,106.60150000000002,101.2317434633333,60.96345514950167,4.012432890647077,1.5327334891864322,20.45,SELL,-7.148502678493019,-37.17765894236482,1.3658505858698011,2.7050102844723884,-36.60734787600458,8.0,3.182841548695207,3.791304347826087,0.4807692307692307,5.0,15.0,22.913043478260867,5.555555555555555,3.205128205128205,2026-10-09 18:29:13
2026-10-09,CANBK,Financial Services,119.59,121.7855,125.6146,135.6733,120.08770438456284,122.18150290633535,-2.093798521772513,-1.853230138540464,127.50060454847664,121.7855,116.07039545152335,38.23694553621564,-3.6186331399097327,1.2759557174891487,20.42,SELL,-10.424599468352602,-10.687679083094547,1.1828991561858242,2.197985975893828,-26.58235619129473,0.0,8.374665984422082,8.097278911564628,2.948717948717949,1.0,55.00000000000001,25.972789115646258,27.136752136752136,19.65811965811966,2026-10-09 18:29:13
2026-10-09,JKTYRE,Automobile and Auto Components,333.4,343.7525,367.77,424.19875,339.5880331374144,349.09767602556883,-9.509642888154474,-9.54067123832289,358.9698887724731,343.7525,328.5351112275269,37.79648048967098,-6.414035087719306,1.5999066754650946,20.26,SELL,-13.853069916006143,-17.7639751552795,1.528848257082368,2.709101036935471,-45.51397287138421,0.0,5.338961851156973,9.867181467181467,2.0512820512820515,3.0,80.0,18.671814671814676,16.23931623931624,13.675213675213676,2026-10-09 18:29:13
2026-10-09,WHIRLPOOL,Consumer Durables,816.75,817.5625,805.1010000000001,837.9305,841.4100145815537,825.6989726987234,15.711041882830273,18.114771191826208,957.9841990091968,817.5625,677.1408009908033,63.8939542712863,2.7358490566037785,5.256505720163824,20.14,SELL,-4.80695323124224,-41.59471813103098,3.4192023626209584,6.416546416546415,-43.16283924843424,8.0,3.644152595372108,5.5,0.0,3.0,35.0,20.0,4.05982905982906,27.77777777777778,2026-10-09 18:29:13
2026-10-09,CHOLAHLDNG,Financial Services,1400.4,1442.56,1508.304,,1411.1057419462036,1447.3867118758362,-36.28096992963265,-35.46361913403739,1557.7691261005098,1442.56,1327.35087389949,33.82574615616524,-8.506468051744399,1.5129650191210822,20.1,SELL,-6.585873423919686,,1.5053028583623138,3.292426653609174,,0.0,6.346153846153846,7.846938775510205,4.903846153846154,1.0,55.00000000000001,23.46938775510204,35.04273504273504,32.69230769230769,2026-10-09 18:29:13
2026-10-09,IOB,Financial Services,30.58,31.6805,32.7412,33.984750000000005,31.207787362316832,31.80326258764773,-0.5954752253308939,-0.5277504848952201,33.19713720811901,31.6805,30.163862791880995,32.37250554323724,-7.277137659187383,1.2548798402351962,20.02,SELL,-3.1658437409236018,-17.57725587144623,1.1347078728754254,2.3030925908623767,-26.84210526315789,0.0,8.279208596281766,8.339455782312927,2.4038461538461537,1.0,55.00000000000001,28.39455782312925,25.64102564102564,16.025641025641026,2026-10-09 18:29:13
2026-10-09,JMFINANCIL,Financial Services,117.82,124.5435,126.5648,129.50065,123.5707498608358,125.06776899810176,-1.4970191372659514,-0.8073338513500234,130.3441107663877,124.5435,118.74288923361227,31.926683716965087,-7.030695178726432,1.9379095890301508,19.92,SELL,-0.3335919317300262,-23.3518286498419,1.6945211977342307,2.862720372481024,-35.44109589041097,0.0,7.668713400420717,7.9843537414966,3.269230769230769,1.0,55.00000000000001,24.843537414965983,19.444444444444446,21.7948717948718,2026-10-09 18:29:13
2026-10-09,TRIDENT,Textiles,21.96,22.7865,23.801,25.03835,22.435216975115697,22.963674751503685,-0.5284577763879881,-0.4808214794716518,23.877637021643267,22.7865,21.695362978356734,34.01015228426401,-7.692307692307687,1.3017286079783223,19.73,SELL,-4.864433811802227,-17.468004150812867,0.91099590058193,2.3093937028363225,-29.023917259211373,0.0,7.729376314742168,11.0,0.0,1.0,90.0,20.0,23.717948717948715,10.897435897435898,2026-10-09 18:29:13
2026-10-09,CHAMBLFERT,Chemicals,374.3,408.74,423.824,444.64175,398.9159044299098,409.15411511695874,-10.238210687048934,-6.9831527403562745,435.3371427036802,408.74,382.1428572963199,18.96024464831808,-9.93743984600578,1.4162766298281118,19.59,SELL,-9.958060006452309,-14.263772271144791,1.3034420756748015,2.4292965917331397,-28.29501915708812,0.0,7.476547842401501,8.416666666666666,2.692307692307692,1.0,60.0,24.166666666666664,23.504273504273502,17.94871794871795,2026-10-09 18:29:13
2026-10-09,JAINREC,Metals & Mining,288.7,285.5425,294.37100000000004,374.54925,287.6214325757104,288.9690148971434,-1.3475823214329807,-2.467881405351173,301.85440314496026,285.5425,269.2305968550398,55.64114182147711,-2.4167652526618344,2.937906294072779,19.52,SELL,-33.32958633093524,-20.4319828280118,2.5057193656992616,4.449750111336534,-51.39321491708056,0.0,3.839956791176304,8.111111111111112,2.564102564102564,5.0,70.0,11.11111111111111,5.3418803418803416,17.094017094017094,2026-10-09 18:29:13
2026-10-09,MARUTI,Automobile and Auto Components,11420.0,11947.45,12935.24,13845.57,11695.769406743932,12121.599628580643,-425.8302218367117,-405.0305057937976,12710.157773244951,11947.45,11184.74222675505,33.9596054485674,-9.494373117768262,1.5693057224051326,19.46,SELL,-7.065137479782379,-19.23199795540221,1.2892458015263966,1.96584938704028,-34.254461715601614,0.0,6.441298538859514,9.677220077220078,2.339743589743589,1.0,80.0,16.772200772200772,19.017094017094017,15.598290598290598,2026-10-09 18:29:13
2026-10-09,AWL,Fast Moving Consumer Goods,182.18,182.7695,188.6016,195.54875,182.4845919204458,184.32903192625545,-1.8444400058096164,-2.3221688924028427,189.6628850060728,182.7695,175.87611499392727,43.00699300699304,-2.8476962457337884,1.7298952203817617,19.42,SELL,4.771482847245512,-31.835696110505275,1.481071433018522,2.8868622869062004,-35.60268646164722,0.0,6.727329580988117,7.76923076923077,1.923076923076923,3.0,40.0,37.69230769230769,14.957264957264956,12.82051282051282,2026-10-09 18:29:13
2026-10-09,IGL,Oil Gas & Consumable Fuels,146.15,146.33249999999998,149.4576,161.97375,144.7641768045684,146.64611087954927,-1.881934074980876,-1.923488211697188,153.1850949752453,146.33249999999998,139.47990502475463,45.86904353788139,-4.427151451739464,1.5903967134677206,19.38,SELL,-0.2977731745209655,-28.412735300952814,1.5068184982300554,2.743756414642491,-34.608501118568235,0.0,6.217636022514072,8.5,1.6666666666666663,3.0,65.0,20.0,15.17094017094017,11.11111111111111,2026-10-09 18:29:13
2026-10-09,SBICARD,Financial Services,562.0,604.9275,632.528,682.5980000000001,579.7105036956397,603.1681006257093,-23.4575969300696,-17.86498341056797,679.2829866485167,604.9275,530.5720133514833,15.803605677023342,-15.918611609814482,2.0875606880001127,19.34,SELL,-0.484171322160154,-24.732394366197184,1.9046792886599964,2.709710218607015,-41.76165803108808,0.0,7.298140883506736,7.743537414965989,3.301282051282051,1.0,55.00000000000001,22.435374149659864,17.735042735042736,22.00854700854701,2026-10-09 18:29:13
2026-10-09,SHREECEM,Construction Materials,22080.0,22185.5,23761.8,25134.525,22099.33944599492,22598.55293236227,-499.2134863673528,-564.50304464961,22846.901223878045,22185.5,21524.098776121955,43.38422391857506,-3.790849673202612,1.5659103190602524,19.29,SELL,-4.926108374384242,-17.21179624664879,1.4522835679572266,2.288755175983437,-27.09262010896484,0.0,7.94320313832509,5.20909090909091,3.141025641025641,3.0,5.0,47.09090909090909,24.145299145299145,20.94017094017094,2026-10-09 18:29:13
2026-10-09,SBILIFE,Financial Services,1684.6,1721.9149999999995,1765.672,1875.542,1716.3708552138771,1730.419843511028,-14.048988297150572,-12.183610608412678,1785.460467352499,1721.9149999999995,1658.3695326475004,40.858944050433394,0.0356294536816959,1.7452899982929166,19.23,SELL,-11.061019081568467,-13.860682372055244,1.3806306859565751,2.6343684808602297,-20.98499061913697,0.0,7.302859741884132,7.815646258503403,3.108974358974359,1.0,55.00000000000001,23.156462585034014,22.863247863247864,20.726495726495727,2026-10-09 18:29:13
2026-10-09,ABREL,Realty,1022.3,1176.47,1305.4979999999998,1348.1125,1111.1213557093367,1190.9872292705254,-79.86587356118866,-65.38821550639572,1359.5440442668294,1176.47,993.3959557331708,10.925985261134286,-23.58920696614097,1.8909575559496128,19.22,SELL,8.612364442333575,-26.821333333333342,1.770722144201008,4.665949329942289,-46.58829676071056,0.0,8.480072772755701,6.090909090909091,3.653846153846153,1.0,30.0,30.909090909090907,23.07692307692308,24.35897435897436,2026-10-09 18:29:13
2026-10-09,GICRE,Financial Services,312.6,332.2175,345.93800000000005,368.939,322.9846620649928,333.044994168314,-10.060332103321173,-7.920869156611918,358.500940353997,332.2175,305.93405964600294,25.28957528957528,-10.66018862532151,1.9218767193006687,19.08,SELL,-10.22566086395873,-8.286128309840601,1.286910295272754,2.7556896078968998,-25.20636439765521,0.0,9.24981522542498,8.471428571428573,0.3589743589743595,1.0,55.00000000000001,29.714285714285715,30.76923076923077,29.059829059829063,2026-10-09 18:29:13
2026-10-09,MSUMI,Automobile and Auto Components,33.55,34.634,37.2444,40.3129,33.94916689761948,35.059679927379456,-1.1105130297599786,-1.1046577901696129,36.81784884767034,34.634,32.45015115232966,31.27208480565365,-8.632897603485844,1.4036710583043068,18.63,SELL,-5.5469556243549984,-23.16894018887723,1.5225205576826646,2.367468596976792,-37.39503638738572,0.0,6.235715504008186,9.65868725868726,1.7307692307692306,1.0,80.0,16.586872586872587,16.45299145299145,11.538461538461538,2026-10-09 18:29:13
2026-10-09,BANKBARODA,Financial Services,235.8,233.576,239.5228,268.71675,233.5030108238945,235.21453018527907,-1.7115193613845747,-2.489077402160933,239.26919224116676,233.576,227.8828077588333,51.69558359621453,0.7261853908586247,1.2227049033174953,18.44,SELL,-14.269149938401338,-18.75,1.2392923739306307,2.0416818126741774,-27.557603686635947,0.0,5.128034567058957,7.252380952380953,1.0576923076923077,5.0,55.00000000000001,17.523809523809522,15.384615384615383,7.051282051282051,2026-10-09 18:29:13
2026-10-09,DMART,Consumer Services,3516.8,3716.38,3832.276,3989.7125,3666.240666844969,3732.051485875455,-65.81081903048607,-46.64724616531683,3909.374416063223,3716.38,3523.385583936777,35.559410234171736,-5.842034805890217,1.8359765832082475,18.44,SELL,-14.84618201794544,-10.486044273339756,1.525518529173491,2.732394709476148,-24.272179155900087,0.0,7.71089885724032,6.269565217391305,3.461538461538461,1.0,15.0,47.69565217391305,24.35897435897436,23.07692307692308,2026-10-09 18:29:13
2026-10-09,IEX,Financial Services,104.78,110.0705,118.3528,124.6929,107.34978293344037,111.2938484128356,-3.9440654793952343,-3.643479929155921,118.43659064208488,110.0705,101.70440935791513,24.05247813411077,-11.165748198389148,1.5623542854587544,18.2,SELL,-9.966007416563649,-16.763088350832078,1.571151678181009,2.350503094919969,-34.62282398452612,0.0,6.692591960884644,7.753061224489797,2.756410256410257,1.0,55.00000000000001,22.53061224489796,19.65811965811966,18.37606837606838,2026-10-09 18:29:13
2026-10-09,CROMPTON,Consumer Durables,205.11,217.841,234.3696,252.6934,212.0592304024639,220.1123608810712,-8.0531304786073,-7.637111061642773,235.55636698373323,217.841,200.12563301626676,25.74388362353983,-11.954842032967028,1.7361937656863584,18.13,SELL,-5.75086364560049,-18.37381203801479,1.9551985399206009,2.7796931263363933,-33.94202898550724,0.0,7.065381772698845,6.566666666666666,3.493589743589743,1.0,35.0,30.666666666666664,21.153846153846157,23.29059829059829,2026-10-09 18:29:13
2026-10-09,TATAINVEST,Financial Services,599.25,651.9875,653.883,660.2407499999999,627.1197454733388,640.4771238421299,-13.35737836879116,-7.258430182446054,725.2115819963643,651.9875,578.7634180036356,8.693910256410263,-3.159340659340648,3.4287328401726507,18.09,SELL,0.4602713178294415,-22.117190434456003,2.208025021259812,2.992431014959174,-49.41757406938465,0.0,8.11330945477287,8.199319727891156,0.7756410256410247,1.0,55.00000000000001,26.99319727891157,21.7948717948718,31.837606837606835,2026-10-09 18:29:13
2026-10-09,IOC,Oil Gas & Consumable Fuels,126.35,133.4085,136.7288,147.7909,131.0939122924359,133.48870864825642,-2.3947963558205174,-1.6230243249061211,140.2582814794177,133.4085,126.55871852058232,27.330779054916945,-6.821533923303836,1.5478660334356578,18.06,SELL,-6.278339727938609,-19.901031419543315,1.2644542837802837,2.234722143705128,-33.133996613039805,0.0,6.549434305531867,8.264705882352942,2.243589743589744,1.0,65.0,17.647058823529413,18.58974358974359,14.957264957264956,2026-10-09 18:29:13
2026-10-09,BAJAJHFL,Financial Services,81.51,83.093,84.0826,86.53994999999999,82.65812381995714,83.1666290696765,-0.508505249719363,-0.4795937694687404,85.16577185380443,83.093,81.02022814619558,32.99916457811193,-1.700434153400865,1.3939417794530438,17.93,SELL,-0.5681145697715606,-23.56473478300427,1.0437631618541403,2.1040363145626277,-28.153371529308057,0.0,7.551879015293649,7.836054421768708,1.5384615384615383,1.0,55.00000000000001,23.36054421768708,18.803418803418804,10.256410256410255,2026-10-09 18:29:13
2026-10-09,CESC,Power,133.23,138.22650000000002,149.6432,161.131,134.81939440228842,139.9866420294713,-5.167247627182888,-5.059202768018946,148.88887314356631,138.22650000000002,127.5641268564337,34.561011904761884,-10.984165163359394,1.5713110543938562,17.93,SELL,-6.390206383796948,-18.806982432732923,1.4222099032035018,2.597012684830744,-34.85085574572128,0.0,6.857354028085736,7.4411764705882355,2.628205128205128,1.0,45.0,29.411764705882355,20.085470085470085,17.52136752136752,2026-10-09 18:29:13
2026-10-09,IRB,Construction,17.48,18.0275,18.8624,20.42295,17.611503893778533,18.09945760070563,-0.4879537069270974,-0.5034708903782327,19.807267873687717,18.0275,16.247732126312286,38.207547169811306,-8.337703198741476,2.312085500416607,17.83,SELL,-8.07067812798472,-14.823008849557528,1.6151508618504913,3.452925792742726,-27.01461377870563,0.0,7.596054352151913,7.038461538461539,0.1987179487179489,3.0,20.0,50.38461538461539,24.786324786324787,27.99145299145299,2026-10-09 18:29:13
2026-10-09,HUDCO,Financial Services,159.75,168.29149999999998,180.7258,196.00210000000004,164.3972558680654,170.41061938475823,-6.013363516692834,-5.468724385228125,180.38150853249712,168.29149999999998,156.20149146750285,29.133425034387912,-8.896492728828054,1.817108329258013,17.82,SELL,-2.135602525391167,-24.8893945139679,1.4750833620488368,3.3346747149564044,-35.28458578083856,0.0,6.796691113764285,7.554421768707484,2.4679487179487176,1.0,55.00000000000001,20.544217687074827,16.666666666666664,16.45299145299145,2026-10-09 18:29:13
2026-10-09,VOLTAS,Consumer Durables,1033.7,1102.115,1186.75,1324.0435,1073.86471787557,1114.5640896546606,-40.6993717790906,-37.52523221036344,1184.5515344402677,1102.115,1019.6784655597324,35.963636363636354,-9.62580870781604,1.921190019229983,17.73,SELL,-9.487666034155597,-16.174855385516594,1.6819869233577958,3.007918849071988,-34.67930489731438,0.0,6.96617203934277,6.433333333333335,3.333333333333333,1.0,35.0,29.333333333333336,20.726495726495727,22.22222222222222,2026-10-09 18:29:13
2026-10-09,JWL,Capital Goods,214.4,227.428,241.6296,272.7968,223.58075545227828,229.9550503179809,-6.374294865702609,-5.876434361241359,241.0325203013935,227.428,213.82347969860643,35.68177680684509,-11.041035641674611,2.154327558650776,17.48,SELL,-11.084620181197955,-25.193642956333907,1.6306932995727572,3.622401385927507,-40.15352407536636,0.0,4.05867303428279,10.336343428730205,2.083333333333333,1.0,95.0,8.363434287302027,11.324786324786324,13.88888888888889,2026-10-09 18:29:13
2026-10-09,NCC,Construction,125.06,132.426,140.008,147.96015,128.82664268204243,133.6158582478552,-4.789215565812782,-4.017566725335459,143.58669871421287,132.426,121.2653012857871,29.32511133949984,-13.94756760476158,1.9231466397454016,17.37,SELL,1.0674462877345636,-30.543874404261285,1.9496468802301947,3.453199607045758,-42.4349827387802,0.0,6.442606174313492,7.26923076923077,2.66025641025641,1.0,20.0,52.69230769230769,13.88888888888889,17.735042735042736,2026-10-09 18:29:13
2026-10-09,UPL,Chemicals,488.45,539.38,561.762,636.83525,516.9040765605905,538.257278255665,-21.35320169507452,-15.030676025520828,599.1484690680455,539.38,479.61153093195446,13.33600320384457,-15.155462914712537,2.0655884615276707,17.31,SELL,-9.918000780944949,-21.0580344921982,1.865484063823071,3.023412251582993,-39.86087170647624,0.0,5.426800841434988,7.833333333333333,3.0448717948717947,1.0,60.0,18.33333333333333,16.025641025641026,20.299145299145295,2026-10-09 18:29:13
2026-10-09,HINDUNILVR,Fast Moving Consumer Goods,1856.7,1906.295,1984.408,2175.6525,1880.310396219842,1918.5871384098432,-38.27674219000119,-36.84499356955754,1991.481420340986,1906.295,1821.1085796590128,38.58745074264931,-4.539845758354755,1.335300701175482,17.24,SELL,-7.7181208053691215,-19.512195121951216,1.541321478144865,1.8192799821495909,-30.38767246550689,0.0,6.181988742964354,7.846153846153847,2.2115384615384617,1.0,40.0,38.46153846153847,18.16239316239316,14.743589743589745,2026-10-09 18:29:13
2026-10-09,LTM,Information Technology,4070.0,4119.4400000000005,4393.952,4604.6140000000005,4043.565888279689,4159.623614677716,-116.05772639802716,-112.85964881532274,4410.4160156512,4119.4400000000005,3828.463984348801,38.0156596938179,-7.751586582048953,1.8888920685810804,17.08,SELL,-2.0561574176431563,-22.342010693312297,2.066994840269034,3.3106353106353126,-36.69803250641574,0.0,7.3810904542611855,5.173913043478262,3.525641025641025,1.0,10.0,41.73913043478261,19.230769230769237,23.504273504273502,2026-10-09 18:29:13
2026-10-09,ICICIPRULI,Financial Services,460.55,466.44000000000005,488.343,549.15525,460.5512666515236,470.0347623485693,-9.483495697045669,-9.977882617968223,497.55932214116143,466.44000000000005,435.3206778588387,28.144544822793605,-0.4216216216216151,1.9610598516405529,16.82,SELL,-13.349335302806498,-21.68544013350021,1.6678024611634985,2.6932084309133484,-34.84012450481041,0.0,4.512195121951219,7.000680272108845,2.3076923076923075,3.0,55.00000000000001,15.006802721088436,13.675213675213676,15.384615384615383,2026-10-09 18:29:13
2026-10-09,SYNGENE,Healthcare,347.4,371.125,389.062,448.7225,362.6911254932329,373.91496698019233,-11.223841486959486,-9.269154070555256,395.1970956602073,371.125,347.0529043397927,35.93242365172188,-10.18614270941056,1.737495676084043,16.61,SELL,-2.8818443804034533,-41.08391608391608,1.6426380809312378,3.1088082901554404,-48.83275646218426,0.0,4.36500085280573,10.511627906976743,0.7371794871794872,1.0,100.0,5.116279069767442,4.700854700854701,4.914529914529915,2026-10-09 18:29:13
2026-10-09,ITCHOTELS,Consumer Services,154.52,157.8695,161.582,167.8439,158.2045403813375,159.22341166846155,-1.0188712871240568,-0.8084922141973838,165.03504761562095,157.8695,150.70395238437902,43.9031339031339,-0.5086600991565216,1.7258952666504668,16.46,SELL,3.22495721995526,-27.620102450505325,1.6308916833552782,2.860471136422466,-31.818382385385867,0.0,7.226334640968788,5.513043478260871,2.724358974358974,1.0,15.0,40.1304347826087,17.307692307692307,18.16239316239316,2026-10-09 18:29:13
2026-10-09,HAVELLS,Consumer Durables,1041.5,1075.85,1179.83,1257.392,1059.271140296749,1097.555898707549,-38.284758410799896,-39.52659012814941,1140.6486517078902,1075.85,1011.0513482921098,31.35002051702909,-7.042127811495902,1.9305753236513967,16.23,SELL,-8.536585365853666,-23.86295331596874,1.506975464748907,2.453192510801733,-31.48026315789474,0.0,5.178634373756325,5.9,2.1474358974358974,3.0,35.0,24.0,14.316239316239315,14.316239316239315,2026-10-09 18:29:13
2026-10-09,JIOFIN,Financial Services,214.62,222.81,237.1292,247.2823,218.27632180947097,224.6207812062335,-6.344459396762517,-5.828903959579528,237.39050320406687,222.81,208.22949679593316,30.337368014421884,-7.090909090909092,1.4852444623447316,16.18,SELL,-5.553755164870777,-24.005867014341582,1.5952023407975215,2.28110813797143,-32.26447845983904,0.0,6.010517937347205,7.279591836734695,1.891025641025641,1.0,55.00000000000001,17.79591836734694,15.81196581196581,12.606837606837606,2026-10-09 18:29:13
2026-10-09,TMPV,Automobile and Auto Components,279.9,292.40500000000003,312.9,343.04100000000005,285.62833767019384,295.1117061828795,-9.483368512685672,-9.080800577872258,314.65077783718965,292.40500000000003,270.1592221628104,30.78778135048229,-7.6237623762376305,2.0683754231799103,16.18,SELL,-8.454070201643017,-26.51079136690647,1.6263890306997066,2.74460266421681,-62.16033527105584,0.0,4.445960543521519,8.775289575289575,1.9551282051282053,1.0,80.0,7.752895752895753,12.393162393162394,13.034188034188036,2026-10-09 18:29:13
2026-10-09,TRENT,Consumer Services,2918.2,2755.445,2868.47,3515.6985,2784.194368688787,2792.654619180802,-8.460250492014893,-42.17125087020842,2971.0319879387107,2755.445,2539.8580120612896,57.140691328077615,3.482269503546087,3.1458816438461983,16.05,SELL,-28.460947503201027,-40.7306827343319,2.0386128131654067,2.690503930994645,-40.54197229013855,8.0,0.7781568025470463,2.273913043478261,0.0,5.0,15.0,7.739130434782608,1.7094017094017095,6.837606837606838,2026-10-09 18:29:13
2026-10-09,HINDPETRO,Oil Gas & Consumable Fuels,326.0,348.27000000000004,363.951,394.77075,342.4636283076442,350.40042797068173,-7.936799663037505,-6.387799585073083,366.8557727137732,348.27000000000004,329.68422728622687,27.551020408163268,-6.563485239323585,1.8638454351265308,16.03,SELL,-4.73575840768703,-28.32059491840529,1.6246825309743345,2.8790534618755483,-35.88356770577244,0.0,5.0267780999488325,8.147058823529411,1.858974358974359,1.0,65.0,16.470588235294116,13.034188034188036,12.393162393162394,2026-10-09 18:29:13
2026-10-09,GODFRYPHLP,Fast Moving Consumer Goods,1813.2,1918.2,2052.57,2155.8435,1878.364521857009,1939.5549843810245,-61.19046252401517,-53.13941980402332,2047.962487483304,1918.2,1788.4375125166962,30.131936360108654,-8.35481425322213,2.162183844231265,16.0,SELL,0.2193857199840554,-35.33650752798868,2.2517357303912924,2.979735904950996,-47.98623063683305,0.0,5.496332935357325,7.0,2.5,1.0,40.0,30.0,9.615384615384617,16.666666666666664,2026-10-09 18:29:13
2026-10-09,EIHOTEL,Consumer Services,291.3,297.2375,300.948,319.00725,296.4947385141241,297.92887576259506,-1.434137248470904,-1.0160880280916964,313.3750950402924,297.2375,281.0999049597076,21.58119658119662,0.6739243131155925,2.0669364943792585,15.97,SELL,-3.75854214123007,-25.277918140474988,1.945313480290907,2.3932126918738623,-29.629182268389897,0.0,6.132696571720962,5.765217391304348,3.0769230769230766,1.0,15.0,42.65217391304348,15.598290598290598,20.51282051282051,2026-10-09 18:29:13
2026-10-09,WAAREEENER,Capital Goods,2323.0,2454.02,2572.93,2869.325,2396.703665654285,2469.218053966145,-72.51438831185942,-65.41348538272176,2631.719884192641,2454.02,2276.3201158073584,22.494792872020355,-9.540498442367609,1.916294281820932,15.95,SELL,-17.727999999999998,-25.04373177842566,1.5132280294742029,2.596703769755856,-37.53361299343874,0.0,3.3978054465859344,10.175743262017228,1.3782051282051284,1.0,95.0,6.757432620172271,8.974358974358974,9.18803418803419,2026-10-09 18:29:13
2026-10-09,NBCC,Construction,74.46,80.014,85.9834,95.2376,77.80817783818108,80.95381464652127,-3.1456368083401856,-2.78651600331558,86.3928215377567,80.014,73.63517846224329,28.258488499452252,-10.933014354066984,1.7023071792029782,15.81,SELL,-3.076749690071001,-26.89561373682421,1.3537382068651405,2.8721077472084677,-40.834326579261024,0.0,6.055546079936324,7.153846153846155,1.6025641025641024,1.0,20.0,51.53846153846154,14.743589743589745,10.683760683760685,2026-10-09 18:29:13
2026-10-09,SOBHA,Realty,1161.7,1208.845,1265.562,1370.014,1200.425511006822,1223.172350951365,-22.7468399445429,-21.66961153315505,1250.75826758918,1208.845,1166.93173241082,30.57371096586779,-5.514436762911745,1.1219890439476097,15.34,SELL,-2.85493230174082,-24.197053851726647,1.2164068180663492,3.1419471464233446,-32.92725173210162,0.0,6.944965603502189,6.272727272727273,1.1217948717948718,1.0,30.0,32.72727272727273,16.88034188034188,7.478632478632479,2026-10-09 18:29:13
2026-10-09,JKCEMENT,Construction Materials,4874.0,4972.4,5150.77,5389.6875,4977.447019226765,5025.667141348119,-48.2201221213536,-52.15291671854296,5217.97249974609,4972.4,4726.827500253909,42.09215442092155,-2.3344354273118872,2.4922659626743044,15.26,SELL,-10.331506603180308,-15.408085430968722,1.7414590701434278,3.1310451960841785,-27.947372311331208,0.0,6.869407015748479,5.318181818181819,0.0705128205128202,3.0,5.0,48.18181818181819,20.94017094017094,27.136752136752136,2026-10-09 18:29:13
2026-10-09,EIDPARRY,Fast Moving Consumer Goods,688.9,698.8325,753.6210000000001,817.09,695.3520610604593,714.344414835395,-18.992353774935737,-20.55216428292808,725.4403792247874,698.8325,672.2246207752125,45.50304878048779,-8.959957711114052,1.648848267682212,15.22,SELL,-9.186039598073602,-27.973215127794017,1.6376998158623146,2.5584264769923104,-38.38103756708408,0.0,3.904372050713514,6.846153846153846,1.4743589743589745,3.0,40.0,28.46153846153846,10.47008547008547,9.82905982905983,2026-10-09 18:29:13
2026-10-09,HCLTECH,Information Technology,1216.7,1233.485,1289.52,1343.843,1219.686114956845,1241.9630505654495,-22.276935608604845,-18.483222385752924,1291.973371313844,1233.485,1174.9966286861563,43.521462639109714,-1.0652138559115176,1.8301298439545723,15.02,SELL,-12.594113620807668,-17.265954000647877,1.6499073966370983,2.850215453979736,-31.64990730857816,0.0,5.852009778839047,5.347826086956522,2.8205128205128207,1.0,10.0,43.47826086956522,17.094017094017094,18.803418803418804,2026-10-09 18:29:13
2026-10-09,RAILTEL,Telecommunication,248.15,258.265,272.161,306.02655,255.8874057490176,261.7282748588092,-5.840869109791555,-5.45918138045435,269.6326873545129,258.265,246.89731264548703,36.76355066771406,-5.9325246398787,1.9540072525391083,14.99,SELL,-6.410346524214527,-27.97836375929682,1.570916615120393,3.631156270688808,-38.08632734530938,0.0,4.556768434817216,7.666666666666666,1.7628205128205126,1.0,50.0,26.666666666666664,11.965811965811966,11.752136752136751,2026-10-09 18:29:13
2026-10-09,TCS,Information Technology,2156.0,2119.37,2254.222,2490.4165,2106.719233836324,2148.7577189837466,-42.03848514742276,-51.58564471223755,2237.7412820789696,2119.37,2000.9987179210304,57.95880149812735,-2.3550724637681157,1.7264152741996537,14.86,SELL,-11.86698968427633,-25.23534871386901,1.8827498211438345,2.5947521865889223,-35.64179104477611,0.0,3.941838649155722,4.217391304347827,1.698717948717949,5.0,10.0,32.173913043478265,11.11111111111111,11.324786324786324,2026-10-09 18:29:13
2026-10-09,SWIGGY,Consumer Services,234.2,260.7875,272.8954,288.4069,248.685116919118,259.1141133180837,-10.42899639896578,-7.429314247870023,294.64332240216083,260.7875,226.9316775978392,24.95164410058028,-17.170645446507514,2.2586585761286857,14.78,SELL,-0.7023230686115545,-31.494595601938123,2.222002193180623,4.225631328534831,-49.081421893684094,0.0,5.730229120473022,5.03913043478261,3.0128205128205128,1.0,15.0,35.39130434782609,12.606837606837606,20.085470085470085,2026-10-09 18:29:13
2026-10-09,DABUR,Fast Moving Consumer Goods,386.7,383.3925,392.712,446.44,382.8119548475578,385.3876701917594,-2.575715344201626,-3.497202706730673,393.9078158974023,383.3925,372.87718410259765,42.93971924029726,4.077513120710541,1.5395063139247438,14.71,SELL,-12.229373902867168,-25.491754420822577,1.2206168922840492,2.084487790461412,-27.584269662921347,0.0,3.8107339814656886,7.0,0.8974358974358975,3.0,40.0,30.0,10.683760683760685,5.982905982905983,2026-10-09 18:29:13
2026-10-09,TECHNOE,Construction,954.9,988.7324999999998,991.414,,981.5077443753122,987.609607730782,-6.101863355469732,-1.550758500342799,1034.70680947365,988.7324999999998,942.75819052635,33.83265568157498,-3.0853547143002147,2.1746785989296904,14.6,SELL,-10.526803932480057,,2.203712394451685,3.657077031252336,,0.0,3.846153846153846,5.0769230769230775,4.679487179487179,1.0,20.0,30.76923076923077,27.350427350427356,31.1965811965812,2026-10-09 18:29:13
2026-10-09,UCOBANK,Financial Services,23.25,23.522,24.7858,26.44875,23.355268030424917,23.81339652865812,-0.4581284982332043,-0.5008080192940992,24.235821443104385,23.522,22.80817855689561,43.13186813186812,-3.044203502919096,1.146789804663087,14.51,SELL,-6.7129629629629655,-27.99285288862417,1.156716473814629,2.1013824884792625,-32.01754385964913,0.0,4.311728921485019,6.649659863945579,0.5448717948717949,3.0,55.00000000000001,11.496598639455785,11.538461538461538,3.632478632478633,2026-10-09 18:29:13
2026-10-09,PATANJALI,Fast Moving Consumer Goods,360.45,369.9825,358.362,442.573,365.7347536541285,365.2338023587244,0.5009512954040929,3.7747836034478106,416.1915134178684,369.9825,323.7734865821316,47.22575180008471,5.703812316715529,3.289033359372464,14.17,SELL,-27.008857112367945,-40.845801262648095,2.08195457750038,3.911776945484809,-41.299568439052194,8.0,0.7895275456251066,4.384615384615385,0.0,1.0,40.0,3.846153846153846,1.9230769230769231,8.333333333333332,2026-10-09 18:29:13
2026-10-09,RAMCOCEM,Construction Materials,807.55,855.3100000000001,886.4240000000001,965.04025,841.1572169492838,858.2133050934502,-17.056088144166438,-13.580048077162772,898.0210807759448,855.3100000000001,812.5989192240553,26.686656671664124,-6.840860587183483,1.2253484499402547,14.11,SELL,-12.26277372262773,-15.021940516821052,1.451681368420591,2.763650194149853,-33.50761630300536,0.0,6.658707146512024,4.463636363636364,1.9871794871794872,1.0,5.0,39.63636363636364,19.871794871794872,13.247863247863249,2026-10-09 18:29:13
2026-10-09,TATACHEM,Chemicals,589.75,649.89,648.93,700.9815,620.2839297248368,636.5571388570052,-16.273209132168404,-9.259097184957977,756.3128932632701,649.89,543.4671067367299,8.797770700636988,-2.2054556006964487,5.686254514494272,14.02,SELL,-6.211899066285975,-30.57634089221454,3.388705249763576,3.6722582207957335,-37.55955532027527,0.0,4.300130763545398,7.916666666666668,0.8076923076923075,1.0,60.0,19.166666666666668,9.82905982905983,32.05128205128205,2026-10-09 18:29:13
2026-10-09,IREDA,Financial Services,104.4,110.16750000000002,114.2008,123.90765,108.63669876604573,110.85646749786092,-2.219768731815208,-1.6784785081488909,115.89930553898937,110.16750000000002,104.43569446101068,28.80341880341884,-6.777390838467712,2.054223567665395,13.99,SELL,-8.378245957863783,-26.810176125244624,1.5154610503957866,3.061713191023536,-34.21550094517958,0.0,4.391778952754562,6.768027210884355,1.8269230769230769,1.0,55.00000000000001,12.68027210884354,11.752136752136751,12.17948717948718,2026-10-09 18:29:13
2026-10-09,SJVN,Power,55.27,61.142,64.42,71.20685,58.32371708199689,61.02393870032414,-2.700221618327248,-2.073544831035389,68.67442422708956,61.142,53.609575772910425,11.319073083778989,-17.359449760765543,1.2953707795334597,13.86,SELL,-6.633593196314658,-25.15623224633564,1.0536189678617147,2.728165628473211,-40.02821180555555,0.0,5.201148445050884,6.852941176470589,0.8012820512820512,1.0,45.0,23.52941176470588,14.102564102564102,5.3418803418803416,2026-10-09 18:29:13
2026-10-09,CENTRALBK,Financial Services,30.1,30.676,30.867600000000003,33.91375,30.40327002725427,30.63067353841022,-0.227403511155952,-0.1553674974906675,31.80519906407862,30.676,29.54680093592137,31.17782909930717,-1.5696533682145075,1.436929773854172,13.36,SELL,-12.517660356032778,-22.503128911138926,1.1256878621259432,1.8580920740389184,-26.441837732160312,0.0,4.520666325544375,6.908163265306124,0.9294871794871796,1.0,55.00000000000001,14.081632653061224,13.461538461538462,6.196581196581197,2026-10-09 18:29:13
2026-10-09,INOXWIND,Capital Goods,66.65,72.2485,73.7458,90.33825,69.07403013292875,71.51006234533051,-2.436032212401756,-1.5613844819503335,80.79667746041387,72.2485,63.70032253958613,30.41296796603632,-13.877761984752546,2.9726804331493586,13.29,SELL,-12.484105883712882,-51.85373608903021,2.465504689538009,4.377880184331798,-58.16070307595731,0.0,1.2735800784581277,9.863989997221452,1.1538461538461535,1.0,95.0,3.639899972214504,1.4957264957264955,7.6923076923076925,2026-10-09 18:29:13
2026-10-09,BSOFT,Information Technology,285.3,277.9925,293.25699999999995,345.521,277.4499107448067,281.2245799788219,-3.774669234015221,-5.162725017020675,288.69248893260107,277.9925,267.29251106739895,54.51197053407002,2.922077922077926,1.7605812328594168,13.17,SELL,-23.99136418836865,-24.42983632948753,1.944256609072765,2.885433879124729,-39.810126582278485,0.0,3.36659275683666,3.521739130434783,1.282051282051282,5.0,10.0,25.217391304347824,6.837606837606838,8.547008547008547,2026-10-09 18:29:13
2026-10-09,UTIAMC,Financial Services,877.7,897.9375,897.1419999999999,969.69025,888.7013218757963,893.881536488311,-5.180214612514646,-3.1349362167427337,927.854523405883,897.9375,868.020476594117,42.242152466367706,-2.575202575202573,1.2754267453950188,13.11,SELL,-6.674612634088195,-27.189294089108103,1.170532814688862,2.415403896547797,-37.707594038325055,0.0,4.576837796349991,6.823809523809524,0.7051282051282052,1.0,55.00000000000001,13.238095238095235,12.82051282051282,4.700854700854701,2026-10-09 18:29:13
2026-10-09,ITC,Fast Moving Consumer Goods,266.0,264.05,269.546,300.32275000000004,263.90952280131904,265.34589574240255,-1.4363729410835049,-1.6005852891256291,272.79299719778334,264.05,255.30700280221672,52.87267080745342,1.9938650306748464,2.1387455954670416,12.97,SELL,-12.87816167961646,-36.34496919917864,1.6079735173407554,2.479860365198711,-37.61726078799249,0.0,1.929330831769856,5.0769230769230775,0.9615384615384616,5.0,40.0,10.76923076923077,3.8461538461538463,6.41025641025641,2026-10-09 18:29:13
2026-10-09,GODREJCP,Fast Moving Consumer Goods,860.5,864.865,919.346,1057.84625,862.6454928673726,877.7602555623234,-15.114762694950857,-19.267065986351408,889.2445449203788,864.865,840.4854550796213,42.2,-0.3820328779810089,1.310379883666329,12.89,SELL,-19.54610984513789,-26.607839809944,1.894669023776404,1.9859716111895056,-32.451526807441724,0.0,2.867587696855989,6.153846153846153,0.8653846153846153,3.0,40.0,21.538461538461537,7.264957264957266,5.769230769230769,2026-10-09 18:29:13
2026-10-09,BLS,Consumer Services,216.23,224.1795,240.4084,263.5921,220.7996355941274,227.1293386057252,-6.329703011597786,-6.363701527349522,236.37750928539447,224.1795,211.9814907146055,38.468448237143456,-8.551490801437932,1.5664321868144455,12.63,SELL,-20.205444962905773,-25.133858267716537,2.1461532577837628,2.879539643633432,-39.768802228412255,0.0,3.164136676331798,5.021739130434783,1.4423076923076923,3.0,15.0,35.21739130434783,8.11965811965812,9.615384615384617,2026-10-09 18:29:13
2026-10-09,BATAINDIA,Consumer Durables,613.25,627.4,671.842,738.0042500000001,619.9159555305433,636.6580759455621,-16.742120415018803,-17.204500200948434,653.6474860952964,627.4,601.1525139047036,34.13552881570618,-7.230920505256777,1.006739975017035,12.4,SELL,-5.723212383725052,-37.986921999065856,1.3788480782340895,2.050550346514475,-50.464458804523424,0.0,3.538916368184661,5.633333333333333,0.2243589743589743,3.0,35.0,21.33333333333333,5.769230769230769,1.4957264957264955,2026-10-09 18:29:13
2026-10-09,FORCEMOT,Automobile and Auto Components,16900.0,17223.15,17670.96,,17009.184327329625,17241.684951736035,-232.50062440640977,-215.0200802742238,17970.50020326188,17223.15,16475.799796738123,39.691444600280505,-2.621722846441943,1.8423319024828992,12.2,SELL,-20.158550396376,,1.6701770424526492,2.4281487743026204,,0.0,1.08974358974359,8.54054054054054,1.5705128205128205,1.0,80.0,5.405405405405405,10.897435897435898,10.47008547008547,2026-10-09 18:29:13
2026-10-09,VMM,Consumer Services,97.5,101.526,105.1268,116.0254,100.34771680010186,102.3359213580272,-1.988204557925343,-1.66135112301539,106.4315860747592,101.526,96.6204139252408,40.5435181784796,-5.504942818375658,1.9601350654029277,12.15,SELL,-10.884295394116128,-26.985242445537597,2.137247115693412,3.2483516483516475,-35.93113418320411,0.0,3.6566604127579736,5.1173913043478265,2.371794871794872,1.0,15.0,36.173913043478265,10.256410256410255,15.81196581196581,2026-10-09 18:29:13
2026-10-09,EMAMILTD,Fast Moving Consumer Goods,369.45,377.97,386.65100000000007,431.70275,376.6569779308418,379.6344185026179,-2.9774405717760715,-2.3251421573902946,395.39371040305633,377.97,360.5462895969436,50.69348127600556,0.0948252506095759,1.7649675205365298,12.04,SELL,-12.856458183560992,-31.86246955218288,1.7402557914849552,3.02669992073159,-34.026785714285715,0.0,2.354084939450793,5.6923076923076925,0.9935897435897436,3.0,40.0,16.923076923076923,6.623931623931624,6.623931623931624,2026-10-09 18:29:13
2026-10-09,BRIGADE,Realty,548.8,595.0,612.061,679.905,574.0868340312055,594.4116530960118,-20.32481906480632,-14.078113548979822,657.3830526918656,595.0,532.6169473081344,19.67554076539099,-17.212249208025344,1.7285072996315167,11.84,SELL,-4.324211405890943,-34.03111196466296,2.5643724977178803,3.523271553519368,-48.6791041286763,0.0,4.450849963045085,4.2727272727272725,2.1153846153846154,1.0,30.0,12.727272727272728,8.76068376068376,14.102564102564102,2026-10-09 18:29:13
2026-10-09,SIGNATURE,Realty,710.05,750.3525,779.329,850.4022499999999,735.2516999332172,753.1509999478249,-17.89930001460766,-12.949983956709506,799.0686863838406,750.3525,701.6363136161593,32.3418674698795,-9.754702592780884,1.4996679482800366,11.65,SELL,-5.306319343945976,-28.611691971997452,1.6859948932324478,4.243664933053006,-38.465204957102,0.0,4.690545227130593,4.454545454545455,1.5064102564102564,1.0,30.0,14.545454545454549,12.17948717948718,10.042735042735044,2026-10-09 18:29:13
2026-10-09,TTML,Telecommunication,32.89,35.0085,36.993,41.3626,34.333736497141444,35.38106365541823,-1.0473271582767865,-0.9125756045203924,37.04665473820264,35.0085,32.970345261797355,32.070707070707115,-8.967616938832002,2.178574481787471,11.62,SELL,-10.366003438958485,-34.85091947866452,1.754545545820487,3.6702428006775847,-45.25632490013315,0.0,2.6530786286883847,6.555555555555556,1.4102564102564104,1.0,50.0,15.555555555555555,5.982905982905983,9.401709401709402,2026-10-09 18:29:13
2026-10-09,VEDL,Metals & Mining,264.0,261.4175,268.58,459.76025,260.71664007790326,263.6345890347027,-2.917948956799421,-3.165957937538465,272.2572550465169,261.4175,250.57774495348312,47.61589403973509,-3.119266055045866,2.4227155967743754,11.05,SELL,-62.29553645688939,-46.978557504873294,2.046535458194968,2.8598484848484884,-66.7924528301887,0.0,0.3705725169139803,7.555555555555556,0.1282051282051282,3.0,70.0,5.555555555555555,0.4273504273504274,0.8547008547008548,2026-10-09 18:29:13
2026-10-09,INTELLECT,Information Technology,584.1,632.4575,673.11,740.5540000000001,608.637020254833,635.4055390085358,-26.76851875370278,-22.1883073503239,699.2968303298214,632.4575,565.6181696701785,30.68008539188773,-14.71747700394217,1.980572551786248,10.89,SELL,0.9484897125346504,-42.25375626043406,1.6511757071908215,3.952356494729376,-53.06925919974288,0.0,5.193984876911706,3.6086956521739126,1.08974358974359,1.0,10.0,26.08695652173913,6.41025641025641,7.264957264957266,2026-10-09 18:29:13
2026-10-09,PIIND,Chemicals,2118.2,2290.105,2447.048,2836.2525,2238.8807411880057,2314.9879615720424,-76.10722038403674,-60.625739467604106,2466.5656349422634,2290.105,2113.6443650577366,28.99628252788098,-11.52046783625732,2.282747776785013,10.65,SELL,-16.7535627389642,-35.01207500067838,1.963161600382056,3.1165275098803544,-44.73636150173499,0.0,1.664449371766445,6.666666666666668,1.314102564102564,1.0,60.0,6.666666666666666,3.632478632478633,8.76068376068376,2026-10-09 18:29:13
2026-10-09,IRCON,Construction,104.56,108.352,117.8908,137.83825000000002,107.32739715880815,110.76369948082365,-3.4363023220154645,-3.620126391862676,115.93901827569611,108.352,100.7649817243039,43.64029814859342,-9.141466805700382,3.944310286527642,10.43,SELL,-12.963514519731955,-30.989491085134013,2.4719673716864587,4.463602579516888,-43.917614245869984,0.0,2.5023594291886977,4.923076923076923,0.0,3.0,20.0,29.230769230769223,7.478632478632479,22.64957264957265,2026-10-09 18:29:13
2026-10-09,DALBHARAT,Construction Materials,1598.6,1692.0849999999998,1770.5559999999998,,1660.7993351298028,1702.2702519635318,-41.47091683372901,-34.256722308174886,1793.0601668272484,1692.0849999999998,1591.1098331727512,22.444143534190857,-7.787263497923402,1.812033006723238,10.34,SELL,-11.552064912098192,,1.5316809563193858,2.8730496327143413,,0.0,3.3974358974358974,2.3181818181818183,3.621794871794872,1.0,5.0,18.181818181818183,26.495726495726498,24.145299145299145,2026-10-09 18:29:13
2026-10-09,HDFCBANK,Financial Services,707.25,717.705,721.451,809.3745,711.4178037926238,716.5963546203111,-5.178550827687332,-3.1546385073316103,746.4371917386253,717.705,688.9728082613748,40.84778420038538,2.932615339834088,1.5322931944793887,10.19,SELL,-13.858595760323489,-29.179469097869337,1.3477589272695578,2.1819926273796884,-30.695737383635468,0.0,2.55944055944056,6.026530612244899,0.6089743589743589,1.0,55.00000000000001,5.26530612244898,8.333333333333332,4.05982905982906,2026-10-09 18:29:13
2026-10-09,AFCONS,Construction,242.04,252.3385,268.37339999999995,308.50485000000003,247.57920319549328,256.59282652626166,-9.013623330768382,-8.580520327586694,269.16395724725203,252.3385,235.513042752748,23.11178247734145,-11.712566113441548,2.0252563425886105,10.13,SELL,-7.751810401579995,-37.708379639919976,1.955142195361741,2.805616545081095,-49.51188986232791,0.0,2.937802035363011,4.846153846153847,1.346153846153846,1.0,20.0,28.46153846153846,4.914529914529915,8.974358974358974,2026-10-09 18:29:13
2026-10-09,INFY,Information Technology,1023.4,1025.9375,1094.573,1250.93125,1017.4883435918084,1040.9012881302815,-23.41294453847297,-25.577456087562933,1073.2224689591285,1025.9375,978.6525310408718,43.10344827586204,-1.1207729468599048,1.774999989806573,10.1,SELL,-19.62561283613133,-27.162571524739143,1.875153214191484,2.5562550601636,-40.77546296296296,0.0,2.6167491045539824,3.2608695652173907,1.2179487179487178,3.0,10.0,22.60869565217391,7.051282051282051,8.11965811965812,2026-10-09 18:29:13
2026-10-09,UBL,Fast Moving Consumer Goods,1168.2,1215.485,1299.436,1430.925,1194.9815487588671,1230.2153355881867,-35.23378682931934,-33.77853776660343,1285.0565693596252,1215.485,1145.913430640375,35.15151515151517,-7.7761111549696,1.835820350047554,9.89,SELL,-16.304710992315407,-30.81257250179528,1.4839965384361598,3.3384694401643538,-36.64859002169197,0.0,2.208937404059355,5.846153846153847,0.8333333333333333,1.0,40.0,18.46153846153846,6.196581196581197,5.555555555555555,2026-10-09 18:29:13
2026-10-09,RPOWER,Power,20.01,20.5555,21.9598,25.96415,20.243678421402667,20.84756158946324,-0.6038831680605696,-0.649022072164436,21.875411879035926,20.5555,19.23558812096408,35.92964824120605,-9.08677873693775,1.5930324798925173,9.66,SELL,-12.318255250403876,-50.5354294827979,1.5830192944149497,3.483972299564505,-60.555884092253095,0.0,1.379043720507135,5.088235294117648,0.1923076923076923,3.0,45.0,5.88235294117647,2.1367521367521367,1.282051282051282,2026-10-09 18:29:13
2026-10-09,IRCTC,Consumer Services,458.8,459.27,479.599,542.5135,456.7926782133449,463.7541705090677,-6.961492295722735,-7.728255091117516,473.7922297839012,459.27,444.7477702160988,30.296377607025207,-2.279020234291796,1.3271220466168108,9.42,SELL,-11.938490214352282,-34.69486488354413,1.257509198628912,2.249657491592976,-37.641862045531774,0.0,2.3596566035590425,3.7434782608695656,0.3205128205128205,3.0,15.0,22.43478260869565,5.128205128205128,2.1367521367521367,2026-10-09 18:29:13
2026-10-09,ZENSARTECH,Information Technology,448.55,436.3625,464.173,538.7107500000001,440.34963053308894,445.333402524856,-4.983771991767014,-8.459180204609094,453.75931988487895,436.3625,418.9656801151211,56.47058823529414,2.6547659915322264,2.003797182421064,9.41,SELL,-18.04456571168713,-40.395554967588296,1.918472869249755,3.3106677070560684,-45.43187347931873,0.0,1.1770424697253965,2.6521739130434785,0.5769230769230769,5.0,10.0,16.52173913043478,2.564102564102564,3.8461538461538463,2026-10-09 18:29:13
2026-10-09,ZFCVINDIA,Automobile and Auto Components,2082.2,2331.77,2474.468,10068.937,2235.334501576186,2373.129714588593,-137.79521301240675,-131.94270693316182,2597.469577879325,2331.77,2066.0704221206747,12.701908957415498,-15.696991781043778,1.519420536673314,9.38,SELL,-82.5652746035044,-80.11532385466035,1.679693148260288,2.922389780040344,-87.5055505550555,0.0,0.0655523338450167,8.27953667953668,0.032051282051282,1.0,80.0,2.795366795366795,0.2136752136752137,0.2136752136752137,2026-10-09 18:29:13
2026-10-09,WIPRO,Information Technology,162.57,163.38299999999998,173.9698,199.27505,161.82429294941045,165.65209163087076,-3.827798681460308,-4.186045785369588,170.54318847149705,163.38299999999998,156.22281152850292,42.11111111111108,-2.65269461077845,1.3567217129177582,9.24,SELL,-15.691672401927036,-28.690228690228693,1.3268878115758491,2.271988330301673,-40.47235444891981,0.0,2.4455057137983967,3.347826086956522,0.4487179487179487,3.0,10.0,23.47826086956522,7.905982905982905,2.9914529914529915,2026-10-09 18:29:13
2026-10-09,INDIAMART,Consumer Services,1606.8,1635.145,1706.942,1986.1125,1619.273183592785,1652.2726962905142,-32.99951269772919,-34.3316544817032,1696.1584575317615,1635.145,1574.1315424682384,37.80111179740575,-3.893773551049717,1.5576599332621168,8.92,SELL,-19.60194730813287,-31.713150640505926,1.3488554233003929,2.274262953874605,-36.387030365414304,0.0,1.8441639661151852,3.695652173913044,0.3846153846153846,3.0,15.0,21.956521739130437,4.487179487179487,2.564102564102564,2026-10-09 18:29:13
2026-10-09,ANANDRATHI,Financial Services,2038.7,2157.855,2158.146,2706.005,2127.548985376991,2148.607442320515,-21.058456943524103,-11.209153915160076,2252.7520295136787,2157.855,2062.9579704863213,22.01350161432346,-6.507383289003021,1.427291715325803,8.88,SELL,-34.39752832131823,-28.05975928495369,1.108349903443732,3.102817621873881,-45.41633199464524,0.0,1.9384842799476945,5.848299319727892,0.0961538461538461,1.0,55.00000000000001,3.4829931972789114,2.9914529914529915,0.641025641025641,2026-10-09 18:29:13
2026-10-09,IRFC,Financial Services,74.7,78.8005,83.1824,98.40515,77.34058247046373,79.52186716639127,-2.1812846959275447,-1.884121709965482,83.07021452268754,78.8005,74.53078547731246,26.38888888888893,-8.219683007740509,1.493331069281984,8.85,SELL,-17.096350217369327,-33.38748984565394,1.069081546008608,2.386689615605279,-45.5420281402639,0.0,1.7984535789413834,5.796598639455784,0.2564102564102564,1.0,55.00000000000001,2.965986394557823,4.273504273504273,1.7094017094017095,2026-10-09 18:29:13
2026-10-09,SWANCORP,Chemicals,261.5,285.5725,294.233,343.52625,274.7864791594919,283.38071585631366,-8.594236696821781,-5.850946019353752,314.0394794859351,285.5725,257.1055205140649,26.02150537634415,-5.816675670808569,2.5445934047133,8.81,SELL,-16.2734422262553,-41.331072488342514,1.5887279096439455,3.966129472821632,-47.02188006482982,0.0,1.2225254420376372,6.583333333333333,0.0,1.0,60.0,5.833333333333332,2.7777777777777777,5.128205128205128,2026-10-09 18:29:13
2026-10-09,AMBUJACEM,Construction Materials,351.5,375.6950000000001,400.467,451.88950000000006,364.9165297830927,378.69553797986464,-13.77900819677194,-11.49261487990205,406.2315510064522,375.6950000000001,345.1584489935479,31.48893360160966,-11.460957178841314,1.9443814798883503,7.9,SELL,-10.844991606043642,-30.994455994455997,1.5152576121532018,2.8500304816094304,-40.29723991507432,0.0,2.923986582523168,2.790909090909091,1.1858974358974357,1.0,5.0,22.909090909090907,8.547008547008547,7.905982905982905,2026-10-09 18:29:13
2026-10-09,RVNL,Construction,190.65,201.874,213.72660000000005,266.3902,197.80064550998253,203.627321484156,-5.82667597417344,-4.906354796952755,215.97735144940907,201.874,187.7706485505909,25.39550374687764,-7.898550724637676,2.3848329282355274,6.91,SELL,-24.528988142867536,-36.87252814116215,1.705469559066251,3.048967816867112,-52.42076366358872,0.0,1.1201887543350957,4.115384615384616,0.673076923076923,1.0,20.0,21.153846153846157,2.3504273504273505,4.487179487179487,2026-10-09 18:29:13
2026-10-09,LICI,Financial Services,394.25,397.385,406.062,631.90375,393.09582564446976,399.4662097247365,-6.370384080266774,-5.612406784563005,414.0989431235216,397.385,380.6710568764784,41.328175370728566,-3.251533742331292,1.7193576122876082,6.83,SELL,-48.24870858006803,-55.348407435590815,1.7675427613283512,2.5618262523779336,-57.92198089545867,0.0,0.1567456933310591,5.60748299319728,0.0641025641025641,1.0,55.00000000000001,1.074829931972789,0.641025641025641,0.4273504273504274,2026-10-09 18:29:13
2026-10-09,ACC,Construction Materials,1133.0,1212.81,1275.956,1432.3355,1183.8705850125768,1219.8107308739573,-35.940145861380415,-28.990051732284076,1291.6570845170568,1212.81,1133.9629154829431,11.768255884128152,-9.914924067742705,1.1703327798854783,6.64,SELL,-10.503189227498233,-32.48863940122963,1.14197702808405,2.1397049552389404,-42.97936587820836,0.0,2.801353118426289,2.5545454545454547,0.2884615384615384,1.0,5.0,20.545454545454547,7.6923076923076925,1.9230769230769231,2026-10-09 18:29:13
2026-10-09,FIRSTCRY,Consumer Services,169.17,174.64100000000002,188.418,226.48065,174.41482288667154,178.2306131482634,-3.815790261591843,-3.888278525428452,185.28209195031,174.64100000000002,163.99990804969008,46.723834652594526,-1.9418038488291376,1.9575006089208928,5.63,SELL,-28.453700320708,-49.44348823866896,1.7392589461549444,5.247046504361632,-56.58411394841525,0.0,0.4845073625561431,2.1478260869565218,0.0,3.0,15.0,6.478260869565217,1.0683760683760684,1.0683760683760684,2026-10-09 18:29:13
2026-10-09,TATAELXSI,Information Technology,3130.0,3216.7050000000004,3487.37,4236.825,3143.05892862463,3265.240624901023,-122.1816962763928,-121.78981097261372,3472.177412559358,3216.7050000000004,2961.232587440643,37.183573973373335,-7.478569317174111,1.8560123936271715,5.38,SELL,-21.25202958686632,-35.73794626426206,1.644432951446049,2.7496576905522607,-47.39495798319327,0.0,1.3025754733071804,2.565217391304348,0.5128205128205129,1.0,10.0,15.652173913043477,3.418803418803419,3.418803418803419,2026-10-09 18:29:13
2026-10-09,KEC,Construction,369.85,388.3,417.634,533.8052499999999,375.8597948600101,391.60800051307433,-15.748205653064248,-14.463584302983907,423.45652219191976,388.3,353.14347780808026,34.13284132841328,-5.9384537131230815,2.5861144582297704,4.62,SELL,-28.523608174770978,-50.00616142945164,1.9418945078942391,3.483072287993199,-58.58342665173573,0.0,0.3933140030701006,2.807692307692308,0.4166666666666666,1.0,20.0,8.076923076923077,0.8547008547008548,2.7777777777777777,2026-10-09 18:29:13
2026-10-09,KPITTECH,Information Technology,479.0,518.9675,566.5120000000001,749.289,499.38036348367785,524.8572311922932,-25.47686770861532,-22.84388143112854,576.3472348694867,518.9675,461.5877651305132,26.233183856502222,-13.397215693364672,1.8781094586562928,3.48,SELL,-22.0689177008944,-51.71821305841924,2.2504115658506008,3.4200715776916177,-62.72083430617169,0.0,0.5186195917903235,1.608695652173913,0.3525641025641026,1.0,10.0,6.08695652173913,1.282051282051282,2.3504273504273505,2026-10-09 18:29:13
2026-10-09,AETHER,Chemicals,1748.1,,,,,,,,,,,,,,0.0,SELL,,,,,,0.0,,,,0.0,60.0,,,,2026-10-09 18:29:13
2026-10-09,AVANTIFEED,Fast Moving Consumer Goods,699.1,,,,,,,,,,,,,,0.0,SELL,,,,,,0.0,,,,0.0,40.0,,,,2026-10-09 18:29:13
2026-10-09,AZAD,Capital Goods,2910.2,,,,,,,,,,,,,,0.0,SELL,,,,,,0.0,,,,0.0,95.0,,,,2026-10-09 18:29:13
2026-10-09,BBOX,Information Technology,892.1,,,,,,,,,,,,,,0.0,SELL,,,,,,0.0,,,,0.0,10.0,,,,2026-10-09 18:29:13
2026-10-09,BHARATCOAL,Oil Gas & Consumable Fuels,31.12,,,,,,,,,,,,,,0.0,SELL,,,,,,0.0,,,,0.0,65.0,,,,2026-10-09 18:29:13
2026-10-09,CIEINDIA,Automobile and Auto Components,370.75,381.7675,393.3310000000001,,378.8025959163924,384.4845750131369,-5.681979096744499,-5.3645465500948335,395.2403684477524,381.7675,368.2946315522476,38.38526912181305,-2.8560199135333364,1.500324994432512,0.0,SELL,,,1.8468881726888475,2.673152875445523,,0.0,,,,1.0,80.0,,,,2026-10-09 18:29:13
2026-10-09,CLEANMAX,Power,1323.0,,,,,,,,,,,,,,0.0,SELL,,,,,,0.0,,,,0.0,45.0,,,,2026-10-09 18:29:13
2026-10-09,CMPDI,Services,206.18,,,,,,,,,,,,,,0.0,SELL,,,,,,0.0,,,,0.0,75.0,,,,2026-10-09 18:29:13
2026-10-09,CUPID,Fast Moving Consumer Goods,366.1,,,,,,,,,,,,,,0.0,SELL,,,,,,0.0,,,,0.0,40.0,,,,2026-10-09 18:29:13
2026-10-09,FRACTAL,Information Technology,707.6,,,,,,,,,,,,,,0.0,SELL,,,,,,0.0,,,,0.0,10.0,,,,2026-10-09 18:29:13
2026-10-09,HEGAM,Capital Goods,233.56,,,,238.7818799897065,,,,,,,,,,0.0,SELL,,,,,,0.0,,,,0.0,95.0,,,,2026-10-09 18:29:13
2026-10-09,INOXINDIA,Capital Goods,2056.9,,,,,,,,,,,,,,0.0,SELL,,,,,,0.0,,,,0.0,95.0,,,,2026-10-09 18:29:13
2026-10-09,KIRLOSBROS,Capital Goods,1690.1,,,,,,,,,,,,,,0.0,SELL,,,,,,0.0,,,,0.0,95.0,,,,2026-10-09 18:29:13
2026-10-09,KSB,Capital Goods,784.55,,,,,,,,,,,,,,0.0,SELL,,,,,,0.0,,,,0.0,95.0,,,,2026-10-09 18:29:13
2026-10-09,PFOCUS,Media Entertainment & Publication,261.1,313.5125,300.2684,,295.0271603192536,302.85252767059933,-7.825367351345733,0.1406401506302181,364.33940827960254,313.5125,262.68559172039744,17.518532969176746,-17.45178627884919,3.158858653077908,0.0,SELL,,,,7.153799857744704,,0.0,,,,1.0,25.0,,,,2026-10-09 18:29:13
2026-10-09,PRIVISCL,Chemicals,3424.1,,,,,,,,,,,,,,0.0,SELL,,,,,,0.0,,,,0.0,60.0,,,,2026-10-09 18:29:13
2026-10-09,RUBICON,Healthcare,1548.5,,,,,,,,,,,,,,0.0,SELL,,,,,,0.0,,,,0.0,100.0,,,,2026-10-09 18:29:13
2026-10-09,SANSERA,Automobile and Auto Components,4124.7,,,,,,,,,,,,,,0.0,SELL,,,,,,0.0,,,,0.0,80.0,,,,2026-10-09 18:29:13
2026-10-09,SCHNEIDER,Capital Goods,1176.9,1218.8200000000002,1249.338,,1221.7432298090412,1226.1119196423242,-4.368689833283042,-4.806319650607638,1279.4194476264563,1218.8200000000002,1158.220552373544,44.36229205175603,-1.4156475121460788,2.32648196274452,0.0,SELL,,,2.904675142351528,3.911607977373971,,0.0,,,,3.0,95.0,,,,2026-10-09 18:29:13
2026-10-09,SHRIPISTON,Automobile and Auto Components,4284.5,,,,,,,,,,,,,,0.0,SELL,,,,,,0.0,,,,0.0,80.0,,,,2026-10-09 18:29:13
2026-10-09,TDPOWERSYS,Capital Goods,793.75,,,,,,,,,,,,,,0.0,SELL,,,,,,0.0,,,,0.0,95.0,,,,2026-10-09 18:29:13
2026-10-09,THANGAMAYL,Consumer Durables,4889.5,,,,,,,,,,,,,,0.0,SELL,,,,,,0.0,,,,0.0,35.0,,,,2026-10-09 18:29:13
2026-10-09,VAML,Metals & Mining,371.65,,,,,,,,,,,,,,0.0,SELL,,,,,,0.0,,,,0.0,70.0,,,,2026-10-09 18:29:13
2026-10-09,VEDPOWER,Power,31.59,,,,,,,,,,,,,,0.0,SELL,,,,,,0.0,,,,0.0,45.0,,,,2026-10-09 18:29:13
2026-10-09,VISL,Metals & Mining,29.09,,,,,,,,,,,,,,0.0,SELL,,,,,,0.0,,,,0.0,70.0,,,,2026-10-09 18:29:13
2026-10-09,VOGL,Oil Gas & Consumable Fuels,30.1,,,,,,,,,,,,,,0.0,SELL,,,,,,0.0,,,,0.0,65.0,,,,2026-10-09 18:29:13
