trade_date,symbol,industry,close,sma_20,sma_50,sma_200,ema_12,ema_26,macd,macd_signal,bollinger_upper,bollinger_middle,bollinger_lower,rsi_14,return_20d,volatility_20d,score,recommendation,return_6m_ex_1m,return_11m_ex_1m,volatility_60d,atr_14_pct,distance_52w_high_pct,trend_score,momentum_score,industry_relative_score,volatility_score,confirmation_score,industry_rank_pct,peer_rank_pct,universe_momentum_rank_pct,risk_adjusted_momentum_rank_pct,updated_at
2026-10-07,CPPLUS,Capital Goods,4064.9,3742.145,3631.908,2607.3195,3841.267208789373,3746.177268567,95.08994022237356,58.205463711559815,4120.2122481255965,3742.145,3364.0777518744026,69.71036585365854,8.31357083855151,3.0114016037971543,97.21,BUY,104.00903133432458,172.09695189129636,2.849516547984853,4.279845225501945,-2.9602043495905783,30.0,29.88199758550534,19.33273131425396,15.0,3.0,95.0,98.3273131425396,99.78308026030368,100.0,2026-10-07 19:03:41
2026-10-07,BHEL,Capital Goods,448.5,425.8375,421.144,348.5984,429.617378908514,425.8873847570977,3.729994151416293,1.2093858058682403,449.3949745094381,425.8375,402.28002549056185,67.53006475485662,6.418317712658683,2.2801307533183808,97.02,BUY,75.50073277967759,64.98909257912663,2.0607741945314464,2.967829272177095,-1.633951091128416,30.0,28.92932071896148,18.32245068074465,14.77223427331887,5.0,95.0,88.22450680744652,96.96312364425162,98.4815618221258,2026-10-07 19:03:41
2026-10-07,SAILIFE,Healthcare,1561.8,1578.51,1495.236,1152.65925,1559.0069851073836,1545.892825285266,13.114159822117472,24.827930664051944,1659.8649959647137,1578.51,1497.1550040352863,54.23982069480763,-1.1268675614079515,2.185936613649284,96.04,BUY,67.71290954321707,72.14103330254792,2.055326178187962,3.158443554140829,-7.967000589275197,30.0,28.882454511786293,19.348837209302328,14.804772234273315,3.0,100.0,93.48837209302326,97.39696312364426,98.69848156182212,2026-10-07 19:03:41
2026-10-07,APARINDS,Capital Goods,18160.0,17760.95,16991.48,12696.02,17849.06419147209,17589.982785878652,259.08140559343883,297.33550376936074,18874.00789795924,17760.95,16647.89210204077,59.93771753068328,2.436823104693131,2.779372225849618,95.97,BUY,75.34977352793155,88.304599254175,2.81491917539932,4.316000629326621,-5.735790293277965,30.0,29.4620486650538,18.86704640177827,14.642082429501084,3.0,95.0,93.6704640177827,98.4815618221258,97.61388286334056,2026-10-07 19:03:41
2026-10-07,RRKABEL,Capital Goods,2722.5,2497.435,2643.376,1958.243,2587.5906891736463,2570.8678610718,16.722828101846062,-22.375506076436125,2715.8586277463864,2497.435,2279.011372253613,73.1717747683535,14.050521553349247,2.271459602925362,95.88,BUY,84.26940982129449,74.11138701667257,2.6481079574197834,3.3254624163715074,-8.757289362557819,30.0,29.3787630284112,18.75868296749097,14.739696312364424,3.0,95.0,92.5868296749097,97.83080260303689,98.2646420824295,2026-10-07 19:03:41
2026-10-07,SYRMA,Capital Goods,1746.7,1674.645,1538.656,1114.058,1702.5080140191562,1643.9790370459905,58.52897697316598,62.8525481180702,1830.0790946815505,1674.645,1519.2109053184497,67.94149017217734,6.844873990702238,3.2590903818257257,95.46,BUY,80.24737167594309,77.0394217335844,3.040729589687367,4.854869181885845,-4.164380555250736,30.0,29.47246658425961,18.89649902750764,14.088937093275486,3.0,95.0,93.9649902750764,98.0477223427332,93.92624728850323,2026-10-07 19:03:41
2026-10-07,LAURUSLABS,Healthcare,2052.8,1982.575,1897.226,1368.2614999999998,2000.155588997692,1957.73583959564,42.41974940205205,44.138758318480896,2066.357547485452,1982.575,1898.792452514548,73.61333760820779,9.383492300314389,1.7046759161994132,95.35,BUY,73.88017388017387,89.6223012315144,1.767303716479296,2.384895891326135,-0.6004261088514262,30.0,29.475929604494223,19.906976744186046,14.967462039045554,1.0,100.0,99.06976744186046,98.69848156182212,99.78308026030368,2026-10-07 19:03:41
2026-10-07,WELSPUNLIV,Textiles,235.86,219.9745,194.511,150.8992,227.5162981374948,216.1261740429747,11.390124094520104,10.968857748195669,242.7003873719441,219.9745,197.24861262805587,76.13097121164192,11.28096249115358,2.283127939129256,95.33,BUY,77.06351902173911,57.52058623555185,2.2452298098854424,4.193165437123716,-3.9266802443991833,30.0,28.75579454670508,19.0,14.57700650759219,3.0,90.0,100.0,96.31236442516268,97.18004338394792,2026-10-07 19:03:41
2026-10-07,AEGISLOG,Oil Gas & Consumable Fuels,1460.2,1370.07,1333.954,934.48525,1382.5026718053332,1359.5571920950276,22.945479710305563,18.92084865099389,1478.8902786829133,1370.07,1261.2497213170866,56.70173057346454,16.471245114461187,3.531699040346211,95.14,BUY,112.63915627354146,64.95032790078568,3.4747914769711867,4.923004676463108,-4.480931510433706,30.0,29.149713098393065,17.0,13.991323210412146,5.0,70.0,100.0,98.91540130151844,93.27548806941432,2026-10-07 19:03:41
2026-10-07,WELCORP,Capital Goods,2704.6,2660.1400000000003,2305.748,1387.1272499999998,2666.0289821854167,2570.651903520058,95.37707866535855,129.32825112861815,2917.922383947521,2660.1400000000003,2402.3576160524794,59.82048944674286,4.107163478193909,4.614759321262917,94.43,BUY,200.32460004637144,179.71710845975272,3.782569253963179,5.673402985389972,-6.737931034482758,30.0,30.0,19.5,11.934924078091104,3.0,95.0,100.0,100.0,99.56616052060735,2026-10-07 19:03:41
2026-10-07,GLAND,Healthcare,3150.6,2937.79,2841.384,2168.219,2961.321078088682,2916.68616930158,44.63490878710218,36.09782668704345,3073.9665711358766,2937.79,2801.613428864124,72.31404958677689,5.927445113135854,2.1436054480726017,94.25,BUY,72.49411764705881,53.86714240738799,2.1930815011552443,2.8309800400830705,-0.6433301797540203,30.0,28.45211653063089,19.25581395348837,14.544468546637743,2.0,100.0,92.55813953488372,95.44468546637744,96.96312364425162,2026-10-07 19:03:41
2026-10-07,SONACOMS,Automobile and Auto Components,810.5,805.15,800.0160000000001,617.3785,810.4079856309372,804.2020146289584,6.20597100197881,7.0491798461329065,838.0086926734639,805.15,772.2913073265361,59.67668488160291,2.855329949238583,2.0449246435232817,93.38,BUY,54.88810365135455,63.37094937364116,1.9140480264801376,3.1827795893187614,-3.969194312796209,30.0,28.23691868155124,17.434920634920633,14.707158351409978,3.0,80.0,94.34920634920634,95.01084598698482,98.0477223427332,2026-10-07 19:03:41
2026-10-07,KIRLOSENG,Capital Goods,2230.8,2194.12,2162.6780000000003,1752.1215,2226.1537974889266,2197.430015518983,28.723781969943506,20.78244895698333,2365.828144060868,2194.12,2022.411855939132,61.90118824265166,2.574949420636385,3.806530128105572,93.31,BUY,55.45749788195424,116.5945307889042,2.8988465800558654,4.786879786879786,-17.985294117647054,26.0,29.02126390619063,18.8375937760489,14.446854663774404,5.0,95.0,93.37593776048902,99.34924078091106,96.31236442516268,2026-10-07 19:03:41
2026-10-07,REDINGTON,Services,406.5,398.0675,366.384,278.33475000000004,402.59649826211455,389.6587070788061,12.937791183308434,14.722736214726371,420.55539791490753,398.0675,375.57960208509246,60.12134583563155,7.4828133262824,2.277420767023166,92.33,BUY,79.13832199546485,43.58081979891723,2.7206447068699435,3.557371287998592,-3.0989272943980906,30.0,27.96971781194838,17.5,13.86117136659436,3.0,75.0,100.0,94.5770065075922,92.40780911062907,2026-10-07 19:03:41
2026-10-07,DIVISLAB,Healthcare,9588.0,9417.05,8935.0,7083.295,9420.318472459516,9268.527299091154,151.79117336836134,191.1547135031036,9723.16726339286,9417.05,9110.932736607136,64.95132127955493,2.93075684380033,1.5268834150961932,91.64,BUY,56.33052740079023,36.73929376408716,1.822781593496512,2.074393587222122,-1.5605749486652942,30.0,26.758468767886257,17.534883720930235,14.349240780911064,3.0,100.0,75.34883720930233,90.67245119305856,95.66160520607376,2026-10-07 19:03:41
2026-10-07,NAVINFLUOR,Chemicals,8490.0,8436.15,8292.57,7041.2975,8395.930316451813,8386.209259716106,9.721056735706952,23.65591610892537,8821.579097855294,8436.15,8050.720902144704,60.03044140030441,-1.3192305457081388,1.9071459280404564,91.2,BUY,46.45729933253466,71.94783796817232,2.487836934734506,2.629143530203601,-5.134365048326717,30.0,28.021720832471587,15.666666666666666,14.511930585683295,3.0,60.0,96.66666666666666,95.66160520607376,96.74620390455532,2026-10-07 19:03:41
2026-10-07,CHENNPETRO,Oil Gas & Consumable Fuels,1612.3,1448.595,1389.58,1098.81825,1439.027909444383,1422.4779787022271,16.549930742155766,10.310284501583784,1620.6579074067683,1448.595,1276.5320925932317,64.4214799778557,12.73248496713746,4.8710412947426205,91.02,BUY,48.0552581944232,64.090395480226,4.061518701122116,4.839581432027006,-3.886736214605069,30.0,27.938435195828983,16.176470588235293,11.908893709327549,5.0,70.0,91.76470588235291,94.36008676789588,79.39262472885032,2026-10-07 19:03:41
2026-10-07,AJANTPHARM,Healthcare,3569.8,3544.05,3541.9039999999995,3115.2385000000004,3553.01464255314,3544.404781062104,8.6098614910361,7.310462899332455,3609.888830327988,3544.05,3478.211169672012,55.5820348304308,1.5994990892531868,1.283769306767159,90.68,BUY,26.34649746563105,40.35485700396988,1.3420719778564536,2.548562144337818,-5.958904109589036,30.0,24.43654255907576,16.930232558139533,14.316702819956618,5.0,100.0,69.30232558139535,86.33405639913232,95.44468546637744,2026-10-07 19:03:41
2026-10-07,WOCKPHARMA,Healthcare,2150.4,2167.24,2028.222,1663.8765,2149.813025086429,2115.433123408044,34.37990167838507,49.931164029502725,2334.8650376977284,2167.24,1999.614962302272,58.82514035327948,-2.608695652173909,3.0450051499114417,90.2,BUY,63.96106444775882,61.77677949035705,2.691935222364275,4.458638924319729,-11.224868926227138,26.0,28.37921995469215,19.02325581395349,13.796095444685466,3.0,100.0,90.23255813953487,95.87852494577008,91.97396963123644,2026-10-07 19:03:41
2026-10-07,IPCALAB,Healthcare,1938.5,1961.36,1893.53,1636.3645,1950.4183505967744,1941.9352443703524,8.483106226422024,17.53786727693158,2013.193149319885,1961.36,1909.5268506801149,47.86115007012622,-1.051503241284257,1.180153020740823,89.92,BUY,34.979395604395606,52.478857940879806,1.8330282886025424,3.0012159622683248,-4.882237487733077,30.0,26.34192515066543,17.90697674418605,14.674620390455532,1.0,100.0,79.06976744186048,91.5401301518438,97.83080260303689,2026-10-07 19:03:41
2026-10-07,FINCABLES,Capital Goods,1483.5,1423.2,1276.559,1008.92325,1445.4006298896156,1390.0499505036798,55.35067938593579,58.229135951809255,1526.8044502193857,1423.2,1319.5955497806144,71.01147028154327,20.90464547677262,2.7858290923647373,89.84,BUY,50.79090459713296,54.60247070003168,3.242914617045214,3.4373344889017305,-0.9679572763684918,30.0,27.80308882165927,17.892886913031397,13.145336225596528,1.0,95.0,83.92886913031397,93.27548806941432,87.63557483731019,2026-10-07 19:03:41
2026-10-07,BELRISE,Automobile and Auto Components,246.31,237.3435,237.8096,210.37870000000004,239.8125636870681,238.2650616523294,1.5475020347387272,1.5333429191580132,253.53420854403907,237.3435,221.1527914559609,63.1963896669779,6.956446219983503,2.0575536713524905,89.73,BUY,23.576981269890982,57.01690420947963,1.956175302156049,3.590423218128143,-8.161819537658454,30.0,24.92759882834482,16.04126984126984,13.76355748373102,5.0,80.0,80.4126984126984,90.23861171366592,91.75704989154012,2026-10-07 19:03:41
2026-10-07,LALPATHLAB,Healthcare,1945.1,1935.745,1919.53,1601.4365,1953.322281266812,1933.7660002034263,19.55628106338532,18.80959152455927,1996.946770700179,1935.745,1874.5432292998207,58.67884750527053,2.271412797728578,1.0303239279562817,89.5,BUY,38.83753604969312,21.54463649899656,1.422534429167892,3.2759975616384023,-4.586480918277247,30.0,24.19020638638648,16.41860465116279,13.893709327548809,5.0,100.0,64.1860465116279,79.82646420824295,92.62472885032538,2026-10-07 19:03:41
2026-10-07,PTCIL,Capital Goods,24685.0,22612.5,21120.28,18311.12,22751.061972371102,22277.75858715641,473.3033852146873,416.210527314297,24066.5813703426,22612.5,21158.418629657404,68.53265479219678,3.9149652704693727,2.892677503285751,89.3,BUY,53.2081779606532,39.888464925154096,2.6462568168910634,3.308834167655314,-0.463709677419355,30.0,26.789693667001742,17.65337593776049,12.852494577006508,2.0,95.0,81.5337593776049,91.1062906724512,85.68329718004338,2026-10-07 19:03:41
2026-10-07,HONASA,Fast Moving Consumer Goods,477.05,464.755,469.0760000000001,374.36,460.7495974278987,464.319924224332,-3.570326796433278,-3.83280287220856,497.627383225857,464.755,431.882616774143,52.489559910054616,1.7381104713158455,2.9883817979128304,89.21,SELL,54.543963254593166,69.2597915918074,2.2163942451950662,4.13254076392112,-6.42408787759906,30.0,28.344503176840096,11.846153846153848,14.023861171366594,5.0,20.0,98.46153846153848,96.09544468546638,93.49240780911065,2026-10-07 19:03:41
2026-10-07,AUROPHARMA,Healthcare,1682.0,1691.1349999999998,1652.69,1422.3,1687.9614581587186,1678.0498093242998,9.911648834418884,15.210568898726002,1735.588371194119,1691.1349999999998,1646.6816288058806,58.41242450388266,1.3253012048192847,1.3237628762397722,88.89,BUY,23.32885705759473,49.94104308390022,1.483649587845944,2.157295736368272,-3.3333333333333326,30.0,24.53021725642221,16.88372093023256,14.479392624728847,3.0,100.0,68.83720930232559,89.15401301518439,96.529284164859,2026-10-07 19:03:41
2026-10-07,MCX,Financial Services,3362.6,3281.5150000000003,3113.1980000000003,2761.717,3281.8659263987984,3246.137159489245,35.72876690955354,45.81651658376163,3419.1445145059324,3281.5150000000003,3143.885485494068,58.480842482635005,0.97291453966728,2.076744150082091,88.45,BUY,28.49744998038446,79.93737296050102,2.2581255806330374,3.459270462482265,-3.4124202906876566,30.0,26.466824747127376,14.606382978723406,14.38177874186551,3.0,55.00000000000001,91.06382978723404,94.79392624728852,95.87852494577008,2026-10-07 19:03:41
2026-10-07,CAPLIPOINT,Healthcare,2649.1,2722.58,2638.522,2126.4995,2702.592933052681,2693.8118105789613,8.781122473719734,30.23850265768212,2904.893825442205,2722.58,2540.266174557795,54.77670183552536,-5.859985785358923,2.701344808548057,88.42,BUY,79.13453572111405,38.428958384634335,2.54208476089266,4.2734190048372245,-11.401337792642142,26.0,27.464751744736933,18.32558139534884,13.63340563991323,3.0,100.0,83.25581395348837,93.49240780911065,90.88937093275489,2026-10-07 19:03:41
2026-10-07,RKFORGE,Automobile and Auto Components,716.4,709.4399999999999,713.742,589.85575,711.2415360705862,710.0514272265464,1.1901088440398553,1.036592156179158,733.3585371846233,709.4399999999999,685.5214628153766,59.82206405693952,1.437168141592915,1.951887609872122,88.37,BUY,38.11212927382008,28.58453352903405,2.3467697544593618,3.319673765653666,-7.298136645962727,30.0,24.884311075412075,16.022222222222222,12.462039045553146,5.0,80.0,80.22222222222223,85.24945770065075,83.08026030368764,2026-10-07 19:03:41
2026-10-07,ACMESOLAR,Power,436.15,430.835,402.681,311.4108,436.0799948926715,425.5153335265974,10.56466136607412,12.407433397271568,468.35747186335766,430.835,393.3125281366424,57.57196495619523,5.566985356408094,2.635461626829513,87.2,BUY,49.15254237288136,44.83714483714483,2.1453027619097824,4.818951540263016,-8.54476829524009,30.0,27.178388829835843,13.647058823529411,13.373101952277658,3.0,40.0,96.47058823529412,91.75704989154012,89.15401301518439,2026-10-07 19:03:41
2026-10-07,ANTHEM,Healthcare,887.05,900.2950000000001,883.9169999999999,752.2335,880.8018969372055,887.8333863750024,-7.0314894377969495,-2.765094144705296,970.2942323266224,900.2950000000001,830.2957676733779,44.15619879847076,-4.97589716122121,1.9495993878468263,86.27,BUY,40.786796292109415,30.20840593852372,1.8642375440825043,3.0917084719012453,-9.257838473735358,30.0,25.30425999586361,16.790697674418606,13.177874186550977,1.0,100.0,67.90697674418604,86.11713665943601,87.85249457700651,2026-10-07 19:03:41
2026-10-07,VIJAYA,Healthcare,1462.4,1491.3,1465.164,1201.855,1473.3391789024436,1478.399855784389,-5.060676881945483,5.026598487993695,1579.0094485698362,1491.3,1403.5905514301635,52.90012033694346,-2.3439065108514123,2.2798064507813542,85.99,BUY,66.16959715112398,50.1005227181343,2.018792757462455,3.920170365739293,-8.232931726907623,22.0,28.0061372414158,18.69767441860465,14.28416485900217,3.0,100.0,86.97674418604652,93.92624728850323,95.22776572668111,2026-10-07 19:03:41
2026-10-07,BALRAMCHIN,Fast Moving Consumer Goods,706.6,679.8625,665.299,540.00875,678.9030572010396,674.9906145040724,3.9124426969672186,3.169344635306148,714.0429480122234,679.8625,645.6820519877765,56.87285223367697,-0.6956643946314234,2.0093899611680546,85.81,SELL,42.27441285537703,47.076988606112245,3.632010744825186,3.594678743277667,-9.520455855048338,30.0,26.77751537917667,11.307692307692308,12.72234273318872,5.0,20.0,93.07692307692308,90.88937093275489,84.81561822125813,2026-10-07 19:03:41
2026-10-07,CGPOWER,Capital Goods,894.5,888.0799999999999,881.4820000000001,796.459,885.5037185113711,885.9882729488388,-0.4845544374677502,-1.939032973076094,932.5446565736562,888.0799999999999,843.6153434263437,61.32946452123452,-0.0558659217877122,2.1862081197645886,85.42,BUY,29.63771278917504,21.2739893834218,2.147950618001373,2.7425537011898093,-8.808237333061475,30.0,23.135110696403743,16.02347874409558,11.258134490238612,5.0,95.0,65.23478744095583,76.57266811279827,75.05422993492408,2026-10-07 19:03:41
2026-10-07,SHYAMMETL,Capital Goods,1067.3,1073.495,1044.818,921.87675,1064.2511220670926,1062.6303273014282,1.6207947656644135,7.718360722862253,1116.8438408149443,1073.495,1030.146159185056,54.53264443400656,-1.385937355631528,1.6035425883347214,84.9,BUY,34.10120845921449,17.550344827586194,1.5733226773144866,3.2632410220717167,-7.029616724738686,30.0,23.256604989634983,16.111836621283693,12.52711496746204,3.0,95.0,66.1183662128369,76.13882863340564,83.51409978308027,2026-10-07 19:03:41
2026-10-07,CARBORUNIV,Capital Goods,1256.7,1180.545,1136.7859999999998,980.993,1230.461252848604,1188.5760199133542,41.88523293524986,35.385687942160104,1358.926477383958,1180.545,1002.163522616042,72.86510590858418,13.831521739130448,2.7274938042136503,84.81,BUY,36.58713379643612,22.187398681508697,2.393517351444832,4.7869135718264415,-8.196362042515892,30.0,23.99584437571845,16.78091136426785,11.030368763557483,3.0,95.0,72.80911364267851,79.60954446854663,73.53579175704989,2026-10-07 19:03:41
2026-10-07,JSWINFRA,Services,353.9,348.9,339.708,293.79900000000004,354.49759689781064,348.55330885072,5.9442880470907085,5.63052659994508,375.4014994610489,348.9,322.39850053895105,66.28374497415274,6.966903430557636,2.5991039970353453,84.62,BUY,39.55242645209957,12.728503723764394,2.040080835824147,3.678399870827109,-5.752330226364855,30.0,23.136899923524968,15.80769230769231,10.672451193058569,5.0,75.0,83.0769230769231,75.48806941431671,71.14967462039046,2026-10-07 19:03:41
2026-10-07,SOLARINDS,Chemicals,20050.0,19983.05,19761.46,16330.0,19712.33561599758,19820.203407762736,-107.86779176515483,-119.89116469420271,22573.227598056383,19983.05,17392.872401943612,60.46977421704297,-8.656036446469251,3.847765862969647,83.96,BUY,61.204239645192814,54.26947701604201,2.729555302786449,3.408621303883149,-11.674008810572689,26.0,28.12760267614508,15.75,9.080260303687636,5.0,60.0,97.5,94.14316702819956,87.20173535791757,2026-10-07 19:03:41
2026-10-07,NUVAMA,Financial Services,1825.9,1722.255,1739.0379999999998,1531.4565000000002,1743.5652179909894,1738.1099864983144,5.455231492675011,-12.837419453324925,1852.409264341648,1722.255,1592.1007356583525,66.79431072210068,-0.3547260423488296,2.3590157939450664,83.79,BUY,54.59809264305176,25.61228725612285,2.17359724683024,3.473825041271232,-11.62149080348499,26.0,25.53683066312028,14.372340425531917,12.885032537960951,5.0,55.00000000000001,88.72340425531917,88.28633405639913,85.90021691973969,2026-10-07 19:03:41
2026-10-07,MOTHERSON,Automobile and Auto Components,159.2,161.5135,162.239,136.5444,160.4764436787258,161.30515995112876,-0.8287162724029713,-0.2867080806263567,166.92504039748988,161.5135,156.1019596025101,51.27642053252811,-1.728395061728405,1.9006114031801733,83.61,BUY,48.43894328468501,50.35553892215568,1.916612922149464,2.787598707824836,-8.120274715761544,22.0,27.52544117434864,16.86984126984127,14.219088937093275,3.0,80.0,88.6984126984127,92.40780911062907,94.79392624728852,2026-10-07 19:03:41
2026-10-07,RBLBANK,Financial Services,412.0,411.68500000000006,396.7710000000001,344.50425,411.1594456886239,406.6645184941599,4.494927194464026,5.499857124482954,426.0487005934114,411.68500000000006,397.3212994065887,53.97219463753724,-0.7228915662650603,2.039918186651285,83.51,BUY,30.23730944523024,27.51192491152485,1.6884677545368647,2.694174757281552,-4.096834264432037,30.0,23.91772441092583,14.03758865248227,12.559652928416488,3.0,55.00000000000001,85.3758865248227,80.4772234273319,83.73101952277658,2026-10-07 19:03:41
2026-10-07,ENGINERSIN,Construction,308.3,291.435,264.5554,228.50655,303.30014293413257,289.1844215737782,14.115721360354373,13.700966324960998,333.02752336658733,291.435,249.84247663341267,74.15103902686269,11.279552427359674,2.8942918129219497,82.86,BUY,38.16374962919016,36.30377524143984,2.5027151897510125,4.488902275149434,-4.075917859365264,30.0,25.49513012779507,12.166666666666666,12.20173535791757,3.0,30.0,91.66666666666666,88.06941431670282,81.34490238611714,2026-10-07 19:03:41
2026-10-07,ZYDUSLIFE,Healthcare,1153.0,1153.185,1143.606,1014.5215,1160.9489096635052,1155.1386757875523,5.81023387595269,8.320779455036265,1215.9403738525157,1153.185,1090.4296261474842,60.80760095011876,-0.3371077880542916,1.499174312087976,82.57,BUY,29.28546692831584,13.572985854079,1.710409325737934,2.5703134679717525,-6.419933446960469,30.0,22.04708745569017,15.906976744186046,11.616052060737529,3.0,100.0,59.06976744186046,72.66811279826464,77.44034707158352,2026-10-07 19:03:41
2026-10-07,CGCL,Financial Services,250.74,259.0455,247.208,204.968,252.73880399707025,253.89188703230568,-1.1530830352354542,1.3241967899924174,278.6576181389132,259.0455,239.43338186108687,44.01700749139505,-9.053318824809564,1.814707853496942,82.54,BUY,69.18520309477756,35.380894800483674,2.6329227017725567,3.297097733565784,-12.770916681161935,26.0,26.899038530909856,14.814893617021278,13.828633405639914,1.0,55.00000000000001,93.14893617021278,92.19088937093277,92.19088937093277,2026-10-07 19:03:41
2026-10-07,JINDALSAW,Capital Goods,281.9,289.0775,284.017,229.51585,282.2930807296342,285.7303373710505,-3.437256641416297,-1.7261234844767523,315.8644660960601,289.0775,262.2905339039399,50.45936395759716,-8.932321111290598,2.615601790359525,82.33,BUY,56.32360471070148,73.1412692111382,2.489139041060906,3.4016621902397,-11.906250000000009,18.0,28.688092501118263,18.39469297026952,14.251626898047723,3.0,95.0,88.94692970269519,96.529284164859,95.01084598698482,2026-10-07 19:03:41
2026-10-07,MAHABANK,Financial Services,84.15,82.1855,81.6244,75.18764999999999,81.78518007472135,82.02681426151666,-0.2416341867953093,-0.2179409142198369,86.18285952321975,82.1855,78.18814047678026,59.06998158379375,-0.9999999999999898,2.40758851639053,82.03,BUY,29.073434449617054,47.09909293171317,1.998608968150369,3.043884220354811,-10.952380952380947,26.0,25.307665299094328,14.515602836879433,13.210412147505425,3.0,55.00000000000001,90.15602836879432,89.3709327548807,88.06941431670282,2026-10-07 19:03:41
2026-10-07,GRANULES,Healthcare,845.3,862.4649999999999,852.75,721.3227499999999,847.0410879259473,852.5500848949107,-5.508996968963402,-1.3526371418147676,911.7773887497964,862.4649999999999,813.1526112502033,52.57704569606799,-2.5366078634843747,2.311530128313685,81.79,BUY,31.723602484472035,47.710255963782,1.795704701824304,3.144699261462543,-8.482650354571541,22.0,25.894214351333023,17.395348837209305,13.503253796095445,3.0,100.0,73.95348837209302,89.80477223427332,90.02169197396964,2026-10-07 19:03:41
2026-10-07,NYKAA,Consumer Services,341.25,334.21750000000003,333.527,285.41845,333.7278552166095,333.28734232328594,0.4405128933235573,-0.1304754511000231,348.9764500054461,334.21750000000003,319.45854999455395,60.81548030407737,2.569882777276833,1.9747469822927144,81.78,SELL,31.67273879296688,29.49332087081824,1.6540866535252368,2.896912611198325,-2.374481476183665,30.0,24.431376887225785,9.434782608695654,12.9175704989154,5.0,10.0,84.34782608695653,82.86334056399133,86.11713665943601,2026-10-07 19:03:41
2026-10-07,ATHERENERG,Automobile and Auto Components,1455.0,1521.72,1497.2480000000005,1016.3695,1468.9371667533126,1494.9027533046462,-25.965586551333672,-9.357743208894904,1688.7713643038917,1521.72,1354.6686356961084,36.80506685432794,-9.022697430125682,2.720680814933073,81.69,BUY,101.83486238532112,123.950233281493,3.2730328069844536,4.308787432498772,-16.571100917431192,18.0,29.816055908537788,18.0,14.869848156182211,1.0,80.0,100.0,99.56616052060735,99.13232104121477,2026-10-07 19:03:41
2026-10-07,USHAMART,Capital Goods,520.25,506.8825,503.88700000000006,464.13675,510.17384603188594,507.18491142982737,2.9889346020585776,2.7667600277658293,539.9538308025642,506.8825,473.8111691974358,65.52888222055513,3.987607435538676,2.124644933880838,81.58,BUY,25.81671356906889,11.80819832554092,1.7471242140403491,3.573144779295668,-4.119056395134546,30.0,21.087455690175123,15.049319255348706,10.44468546637744,5.0,95.0,55.49319255348708,69.63123644251627,69.63123644251627,2026-10-07 19:03:41
2026-10-07,APLAPOLLO,Capital Goods,2135.0,2170.4,2110.506,1991.1345,2159.4037956463203,2153.969686272564,5.434109373756655,19.04880518907968,2251.394710678534,2170.4,2089.405289321466,51.56184922948771,-3.6117381489842,2.063471705442553,81.39,BUY,17.493472584856406,26.078673092009417,1.9434621303264925,2.928404148544666,-7.230381506908845,30.0,21.557647262530605,15.636704640177827,11.193058568329716,3.0,95.0,61.36704640177827,74.40347071583514,74.62039045553145,2026-10-07 19:03:41
2026-10-07,JYOTICNC,Capital Goods,1071.0,1039.125,961.053,831.6882499999999,1050.574930332638,1023.7641910365238,26.81073929611432,31.60519424876368,1125.8286240364312,1039.125,952.421375963569,65.3995229576625,4.933130847989031,2.809133583330338,81.32,BUY,30.912173175979653,15.364284072626976,2.955131764876141,4.510137388288647,-5.605499735589625,30.0,22.808894190302578,15.878994165045846,9.631236442516268,3.0,95.0,63.78994165045846,73.7527114967462,64.20824295010846,2026-10-07 19:03:41
2026-10-07,POWERINDIA,Capital Goods,31610.0,31205.75,32457.7,28573.13,31298.12395328336,31623.549744236843,-325.4257909534863,-466.0848837157787,32354.370568563856,31205.75,30057.129431436144,59.79166666666666,-0.5192761605035456,2.0025168934902267,80.81,BUY,26.524085548670804,76.49026933586127,2.3968555682893,2.8777059700818004,-18.499419878819133,18.0,26.20478954937449,17.417754931925536,14.186550976138829,5.0,95.0,79.17754931925535,93.70932754880694,94.5770065075922,2026-10-07 19:03:41
2026-10-07,ADANIPORTS,Services,1750.1,1769.475,1721.4679999999998,1631.343,1770.011737070157,1756.6458365360245,13.36590053413306,16.9214961357589,1836.8438941184336,1769.475,1702.1061058815662,52.81163138764164,3.29339550256742,2.318360319870823,80.34,BUY,23.08413236248288,17.106797448384658,1.9165591253849663,2.634951472160773,-7.455978002220931,30.0,21.484808403595768,15.346153846153848,10.509761388286332,3.0,75.0,78.46153846153845,72.23427331887203,70.06507592190889,2026-10-07 19:03:41
2026-10-07,CRAFTSMAN,Automobile and Auto Components,10198.0,10871.1,10692.05,8723.47,10524.37804886983,10675.649891575547,-151.27184270571706,-43.57412134646568,11895.07160733674,10871.1,9847.12839266326,29.875717017208416,-9.728246437107202,1.985560007593686,80.34,BUY,68.0749096807491,71.29546137661558,2.046853530626008,3.4222396548342813,-15.009584132011,18.0,28.788750955937875,17.71746031746032,14.837310195227763,1.0,80.0,97.17460317460316,97.18004338394792,98.91540130151844,2026-10-07 19:03:41
2026-10-07,ACUTAAS,Healthcare,3174.2,3276.68,3245.1940000000004,2686.343,3225.064850182099,3249.3307382708745,-24.26588808877568,-6.947509363939588,3466.597872554918,3276.68,3086.7621274450817,39.902878123889614,-0.2325873774201681,2.79418639848308,80.33,BUY,43.21551256553968,85.99941297329028,2.654182536740711,3.7251230906325095,-15.128342245989312,18.0,28.276801131253272,18.930232558139533,14.121475054229936,1.0,100.0,89.30232558139534,96.74620390455532,94.14316702819956,2026-10-07 19:03:41
2026-10-07,TBOTEK,Consumer Services,1704.5,1683.03,1663.944,1435.0215000000003,1684.778107557971,1678.4639299836977,6.314177574273344,8.65391464361664,1730.8867643571507,1683.03,1635.1732356428492,63.94505913773367,-0.0527735428638487,1.5999063274823204,79.7,SELL,54.0264477884177,11.936638388123022,2.0754136706413693,3.5335037505762066,-3.8363892806770106,30.0,23.78246461226197,10.22608695652174,12.689804772234272,3.0,10.0,92.2608695652174,80.6941431670282,84.59869848156181,2026-10-07 19:03:41
2026-10-07,AEGISVOPAK,Oil Gas & Consumable Fuels,294.25,298.2225,286.7316,236.7008,295.4343483208978,292.743798063217,2.6905502576807976,4.234453553659555,314.8007824010336,298.2225,281.64421759896635,48.51321585903084,3.1189766952864906,2.56290393283866,79.63,BUY,67.2348930166941,3.718556325191402,2.57526382487636,4.850103167860179,-8.319052811964479,30.0,22.404673153416606,15.0,11.225596529284166,1.0,70.0,80.0,81.12798264642083,74.83731019522777,2026-10-07 19:03:41
2026-10-07,FLUOROCHEM,Chemicals,4555.9,4539.24,4578.316000000001,3809.8185,4492.515506754391,4523.786954345357,-31.27144759096609,-31.88968560519558,4794.719111516075,4539.24,4283.760888483925,51.631309436722695,0.5606445204723531,1.7628524113601842,79.3,BUY,42.57537334460413,24.83894843608652,2.0522349892649383,2.765174201114408,-8.126802315029547,22.0,24.846160135827347,14.5,12.950108459869847,5.0,60.0,85.0,84.81561822125813,86.33405639913232,2026-10-07 19:03:41
2026-10-07,MOTILALOFS,Financial Services,1067.9,1016.5675,973.09,860.82925,1026.0496122019288,1011.9006501490874,14.148962052841398,11.130528289617176,1071.6093814224882,1016.5675,961.5256185775116,67.10969674279298,1.222748815165886,2.393315982778316,79.11,BUY,47.123501454210114,1.1411294255339932,2.1607443443475285,3.001217342447795,-2.661562300610687,30.0,21.03551038665583,12.887234042553192,10.184381778741866,5.0,55.00000000000001,73.87234042553192,72.45119305856834,67.89587852494577,2026-10-07 19:03:41
2026-10-07,ELGIEQUIP,Capital Goods,602.05,606.5550000000001,605.576,545.23,601.4766523624644,605.6177001500402,-4.141047787575758,-2.679340317906367,631.8035101175808,606.5550000000001,581.3064898824193,54.58473355736916,-6.281133250311333,1.711064740536242,79.09,BUY,33.79870806418004,28.010366826156297,1.882995599536584,2.73411083559742,-7.858891949801039,22.0,24.34809125058318,16.758127257571548,12.982646420824294,3.0,95.0,72.58127257571547,82.646420824295,86.55097613882863,2026-10-07 19:03:41
2026-10-07,GVT&D,Capital Goods,4316.3,4352.49,4312.96,4075.1975,4278.510416507191,4311.468296941539,-32.957880434348226,-27.58421689941745,4676.316593622017,4352.49,4028.663406377984,53.45770795342967,-1.165506503022529,2.9043218306451903,79.03,BUY,15.664365716741436,40.56338947643297,2.397458334032732,2.7285274093883323,-23.60530973451327,26.0,22.48599641192626,16.217421505973885,11.323210412147509,3.0,95.0,67.17421505973883,83.08026030368764,75.48806941431671,2026-10-07 19:03:41
2026-10-07,NEULANDLAB,Healthcare,21655.0,22390.0,22256.54,17041.695,21921.49972943785,22154.438392539872,-232.93866310201705,-118.51058332416238,23999.576603366724,22390.0,20780.42339663328,30.677290836653384,-5.312636641888934,1.9964831101311624,78.61,BUY,71.3810316139767,40.24012872880307,2.282128743999794,3.014810172510473,-10.608875128998974,18.0,27.36409328991732,18.186046511627907,14.05639913232104,1.0,100.0,81.86046511627907,92.62472885032538,93.70932754880694,2026-10-07 19:03:41
2026-10-07,KPIL,Construction,1458.4,1404.89,1377.21,1253.1185,1406.2681627617724,1398.9819473410305,7.28621542074211,4.650895986965406,1464.3488544156628,1404.89,1345.431145584337,61.24625124958347,2.386969952260598,2.048989902444383,78.57,BUY,29.736211031175053,11.422686945500615,1.7210702805289846,3.063043648616882,-2.1208053691275097,30.0,21.63063041397521,11.333333333333336,10.607375271149673,5.0,30.0,83.33333333333334,71.58351409978309,70.71583514099783,2026-10-07 19:03:41
2026-10-07,RADICO,Fast Moving Consumer Goods,4495.0,4436.3550000000005,4498.4980000000005,3544.458,4423.886608615712,4442.980366723087,-19.093758107374924,-14.211393634698211,4614.779042219906,4436.3550000000005,4257.930957780095,51.1511590981264,1.1476147614761567,2.1837710996749213,78.49,SELL,67.39300480500616,42.90711355614209,1.65522601500538,2.895757190529157,-5.30861596797978,22.0,27.53935097229103,11.53846153846154,14.414316702819956,3.0,20.0,95.3846153846154,92.84164859002168,96.09544468546638,2026-10-07 19:03:41
2026-10-07,HSCL,Chemicals,672.95,666.7125,699.91,584.57675,669.1953219820373,674.5622560717244,-5.366934089687106,-7.686351165933599,686.6269717281618,666.7125,646.7980282718381,60.5221932114883,0.0445997175351431,1.5944350316239,78.47,BUY,48.62679955703211,38.0761316872428,2.400929582957357,2.2788787110059125,-17.88285539963391,18.0,26.473866221604432,15.333333333333332,13.66594360086768,5.0,60.0,93.33333333333331,90.02169197396964,91.1062906724512,2026-10-07 19:03:41
2026-10-07,ADANIGREEN,Power,1341.4,1289.7,1314.07,1200.4834999999998,1294.2558040406775,1298.6172260805815,-4.361422039904028,-12.076598039072287,1341.495427556803,1289.7,1237.9045724431971,61.5659519168291,4.145962732919273,2.0813436453474057,78.34,BUY,41.276734339376816,14.139110604332949,2.232232821835071,3.012843724040981,-17.781182960465824,26.0,23.480489247803146,12.470588235294118,11.3882863340564,5.0,40.0,84.70588235294117,76.78958785249458,75.92190889370933,2026-10-07 19:03:41
2026-10-07,DATAPATTNS,Capital Goods,4233.4,4452.795,4507.082,3753.3875,4329.837139211797,4418.656299060111,-88.81915984831448,-67.18072049560703,4906.752904262167,4452.795,3998.837095737833,44.4402468202997,-7.785135488368056,3.1506281455928167,78.29,BUY,46.17272930149521,69.31314623338255,3.159487471595926,3.056476050995821,-15.332000000000011,18.0,27.91586784730005,18.03070297304807,13.34056399132321,1.0,95.0,85.30702973048069,95.22776572668111,88.93709327548807,2026-10-07 19:03:41
2026-10-07,KARURVYSYA,Financial Services,330.1,328.32250000000005,335.631,302.71795000000003,326.6096745661219,329.5333317065072,-2.9236571403852736,-3.1104833389577853,341.1513521453987,328.32250000000005,315.4936478546014,44.96788008565312,-3.394790752121734,1.4988310483182712,78.16,BUY,29.46743366116165,42.38775510204083,2.168572319434076,2.859523088241659,-7.960407082113474,22.0,25.07861536907619,14.509929078014183,13.568329718004335,3.0,55.00000000000001,90.09929078014184,88.50325379609545,90.45553145336224,2026-10-07 19:03:41
2026-10-07,URBANCO,Consumer Services,168.23,166.51000000000002,157.9322,134.29039999999998,165.68749190885467,164.40203773411696,1.2854541747377084,2.1535829225120144,178.1694339485231,166.51000000000002,154.85056605147693,53.135144370408334,-4.447347495172105,3.417039494064468,78.05,SELL,46.75040518638573,17.096669899773676,3.1576845228201345,4.332079381119383,-8.55574278414959,30.0,24.282207290619542,10.35217391304348,10.412147505422992,3.0,10.0,93.52173913043478,80.91106290672451,69.41431670281996,2026-10-07 19:03:41
2026-10-07,ACE,Capital Goods,1249.9,1200.0700000000002,1150.354,966.59925,1222.9409213703038,1193.048616843074,29.89230452722973,29.39828869026487,1298.620827922492,1200.0700000000002,1101.5191720775083,70.84026622296172,12.279913762127205,1.5086712032988403,77.88,BUY,35.89325605264748,1.205035971223034,2.272168921937461,3.2202576206096483,-1.4274447949526703,30.0,20.06023731308108,14.957071408724648,9.859002169197396,3.0,95.0,54.57071408724646,67.89587852494577,65.72668112798264,2026-10-07 19:03:41
2026-10-07,EMCURE,Healthcare,1918.0,1952.055,1928.768,1690.6315,1940.1565904426936,1935.334880385313,4.821710057380642,11.662547540866209,2012.2508374151496,1952.055,1891.85916258485,47.62067785005134,-0.4567157982146574,1.6805354208706658,77.87,BUY,24.185027702615635,44.0765378578369,1.6493080848272563,3.078727841501565,-8.69710096634454,22.0,24.3532280639312,16.790697674418606,13.731019522776572,1.0,100.0,67.90697674418605,87.41865509761388,91.5401301518438,2026-10-07 19:03:41
2026-10-07,BSE,Financial Services,3356.0,3238.365,3345.862,3311.619,3222.5061355688163,3261.0738303107164,-38.56769474190014,-58.23607174841495,3429.0353551048443,3238.365,3047.694644895156,55.81978727674092,-2.617375660147403,2.529825638876848,77.85,BUY,14.334573986520471,39.585721303422304,2.1922389796415467,3.262174357227993,-24.52999910047675,26.0,22.012255243830293,13.160992907801422,11.68112798264642,5.0,55.00000000000001,76.60992907801419,82.21258134490239,77.87418655097615,2026-10-07 19:03:41
2026-10-07,SIEMENS,Capital Goods,3793.0,3836.21,3903.24,3513.1455,3807.559939624095,3845.330109107182,-37.7701694830871,-32.84113323687326,4007.0100357450992,3836.21,3665.409964254901,52.79299014238773,-3.4122740005092966,2.100872750696228,77.78,BUY,30.47900262467192,27.190738134834326,1.7026600310166145,2.5599789085156868,-8.589193618354452,22.0,23.88996253204496,16.459711030841902,12.4295010845987,3.0,95.0,69.597110308419,80.04338394793926,82.86334056399133,2026-10-07 19:03:41
2026-10-07,IDEA,Telecommunication,13.18,14.020999999999995,13.9002,12.2588,13.475291191790175,13.82380233883994,-0.3485111470497628,-0.1997425634530676,15.685197609723748,14.020999999999995,12.356802390276249,36.63366336633664,-15.512820512820513,2.472502522605064,77.56,BUY,71.46118721461188,72.05040091638028,2.379373727987041,3.593106438326469,-16.529449018366048,18.0,28.94666467863653,15.0,14.609544468546638,1.0,50.0,100.0,97.61388286334056,97.39696312364426,2026-10-07 19:03:41
2026-10-07,EMMVEE,Capital Goods,305.8,322.7975,322.732,270.42405,312.58674989620346,319.1243518413769,-6.537601945173492,-3.345895554963469,351.7693461341535,322.7975,293.8256538658465,40.54696789536267,-5.965559655596553,2.603497003461176,76.36,BUY,45.35377463907388,,2.399063254238972,4.148369615995514,,18.0,26.42082429501085,17.69672131147541,13.242950108459867,1.0,95.0,81.9672131147541,91.3232104121475,88.28633405639913,2026-10-07 19:03:41
2026-10-07,ANGELONE,Financial Services,302.0,292.005,292.939,287.30135,289.198626571778,291.34905491451127,-2.150428342733278,-3.096405519713599,310.92084966162025,292.005,273.08915033837974,56.11510791366906,-0.592495062541154,2.0055454835136666,76.05,BUY,21.845153424100783,19.294894751502124,1.9238248161659384,2.806291390728476,-16.215841309474264,26.0,21.54206367147481,12.67163120567376,10.835140997830804,5.0,55.00000000000001,71.71631205673759,72.88503253796095,72.23427331887203,2026-10-07 19:03:41
2026-10-07,ABB,Capital Goods,7005.0,7090.1,7352.49,6578.235,7012.036571722801,7131.042222543302,-119.0056508205007,-121.95487292453856,7486.547593935136,7090.1,6693.652406064864,50.828363154406894,-5.770782889426962,1.9117281769640289,75.86,BUY,19.64155969968516,40.36749384353098,1.833546507918531,2.6526970531253187,-11.603255725913307,18.0,23.33111764168322,16.509169213670464,13.015184381778743,5.0,95.0,70.09169213670464,85.03253796095444,86.76789587852495,2026-10-07 19:03:41
2026-10-07,KAJARIACER,Consumer Durables,1226.2,1217.2050000000002,1217.742,1096.0595,1216.3030313771856,1217.269857537411,-0.9668261602257644,-2.136326426939805,1252.7141967330992,1217.2050000000002,1181.695803266901,52.788305360043296,0.4670217124129516,1.5105629432862744,75.83,BUY,25.281722168881693,1.84865664283953,1.3470434174304788,2.894540624927188,-5.224918843716175,30.0,18.906214678396044,12.166666666666668,9.761388286334055,5.0,35.0,86.66666666666667,62.47288503253796,65.0759219088937,2026-10-07 19:03:41
2026-10-07,CEMPRO,Construction,1137.8,1234.85,1266.316,965.5795,1202.621164818672,1235.222401925664,-32.6012371069919,-21.401059519615416,1334.8553156481937,1234.85,1134.844684351806,32.99545613421881,-13.600121497456152,1.9961284701661093,75.68,BUY,134.46281738501855,53.27544450351469,2.3573865044533093,3.902895311754517,-31.008974048023287,18.0,28.776630385116707,13.0,14.902386117136658,1.0,30.0,100.0,99.13232104121477,99.34924078091106,2026-10-07 19:03:41
2026-10-07,LLOYDSME,Metals & Mining,1844.5,1828.76,1886.564,1593.135,1837.9874429617664,1841.655670464679,-3.6682275029122593,-7.090982569015687,1899.62103227258,1828.76,1757.8989677274194,53.3402489626556,2.3017193566278404,2.1441924423792345,75.4,BUY,26.888007238811152,38.11652397908931,1.997146539590125,2.9121325949734733,-13.2,18.0,24.30119618490604,15.27777777777778,12.81995661605206,5.0,65.0,87.77777777777779,85.68329718004338,85.46637744034707,2026-10-07 19:03:41
2026-10-07,LENSKART,Consumer Services,681.3,684.8125,644.414,533.4010000000001,682.6345479989205,672.8255689309779,9.808979067942689,12.90412080350709,706.0029863211442,684.8125,663.6220136788558,51.7462351810317,-0.9738372093023306,1.8543440907585225,75.27,SELL,36.14948812245302,,1.6311931794479035,3.380092679960584,,26.0,24.273318872017352,8.391304347826086,13.600867678958783,3.0,10.0,73.91304347826086,87.63557483731019,90.67245119305856,2026-10-07 19:03:41
2026-10-07,ADANIENSOL,Power,1318.8,1360.5400000000002,1483.86,1287.953,1344.3704985592387,1386.9915150334923,-42.621016474253565,-47.93212651141696,1440.7208849775925,1360.5400000000002,1280.359115022408,45.46539379474939,-5.149597238204839,1.9990555466599016,75.13,BUY,42.18994300701062,45.974214259824976,2.161214991066958,3.469062784349409,-26.282839575181672,18.0,26.67166239400513,13.764705882352942,13.698481561822126,3.0,40.0,97.64705882352942,90.45553145336224,91.3232104121475,2026-10-07 19:03:41
2026-10-07,PNBHOUSING,Financial Services,1131.0,1125.565,1134.0739999999998,992.78175,1114.4259368052865,1124.0477618077553,-9.621825002468997,-8.956099862638757,1182.734122140521,1125.565,1068.395877859479,49.42352036894697,-4.322815328652396,2.04185792289548,75.02,BUY,42.65614485838381,24.765930126798995,1.6647365364667444,3.153972464317291,-6.644655385885267,22.0,24.83227919638692,14.135460992907802,13.04772234273319,1.0,55.00000000000001,86.35460992907801,84.59869848156181,86.98481561822126,2026-10-07 19:03:41
2026-10-07,PETRONET,Oil Gas & Consumable Fuels,297.0,287.26000000000005,286.367,281.63305,289.6290306689572,288.0837936284626,1.5452370404946123,0.4991271094177588,296.00580200047494,287.26000000000005,278.51419799952515,64.43798449612397,2.07939508506616,1.492875816197287,73.61,HOLD,13.193462203363191,2.1269053527118054,1.3508115517948849,2.083934583934587,-9.00735294117646,30.0,16.721395212374528,13.235294117647058,8.655097613882862,5.0,70.0,62.35294117647059,53.79609544468546,57.70065075921909,2026-10-07 19:03:41
2026-10-07,SAIL,Metals & Mining,174.31,179.56300000000002,179.4882,168.77445000000003,178.9941212101143,180.13431107719347,-1.1401898670791866,-0.3077479539897032,189.01670347925224,179.56300000000002,170.1092965207478,50.97786927431806,-7.232570516232039,2.2017325581736453,73.01,HOLD,22.66267763649963,43.59722728931046,2.1578226632557183,3.5384413647278663,-16.876490224129704,18.0,24.05301306809164,15.166666666666666,12.787418655097612,3.0,65.0,86.66666666666666,86.76789587852495,85.24945770065075,2026-10-07 19:03:41
2026-10-07,BOSCHLTD,Automobile and Auto Components,44410.0,47194.25,46402.7,39144.875,46177.61980770445,46657.3243967338,-479.7045890293448,-11.14078674967098,49972.52715452712,47194.25,44415.97284547288,34.21976919217259,-7.527329515877145,1.7211528896918442,72.91,HOLD,39.92827256425582,25.826390755173342,1.7101884265911944,2.6755556985234987,-11.18,18.0,24.6396486958362,15.961904761904762,13.308026030368763,1.0,80.0,79.61904761904762,84.3817787418655,88.72017353579176,2026-10-07 19:03:41
2026-10-07,ABDL,Fast Moving Consumer Goods,694.25,667.7099999999999,635.599,565.09125,690.1344698458055,667.1634124178822,22.971057427923256,21.17937927014804,751.0557895252011,667.7099999999999,584.3642104747987,61.220567035079306,15.708333333333323,2.7536330273196725,72.86,SELL,42.67836257309943,-4.605880512980908,2.3101145818454825,4.340243839703687,-7.8999734677633215,30.0,19.07116987557176,9.615384615384617,9.175704989154012,5.0,20.0,76.15384615384616,66.81127982646422,61.17136659436009,2026-10-07 19:03:41
2026-10-07,PVRINOX,Media Entertainment & Publication,1343.8,1257.125,1215.68,1053.7795,1259.882056284711,1243.8063547790764,16.075701505634697,17.303647925837335,1359.8250102495765,1257.125,1154.4249897504235,59.64532871972318,16.195417207090344,3.4820896301643285,72.56,SELL,30.68526702518504,-1.112006446414182,2.6299810867010365,4.093402504624413,-2.254873436136162,30.0,18.92534786519232,12.5,8.134490238611713,3.0,25.0,100.0,63.34056399132321,54.229934924078094,2026-10-07 19:03:41
2026-10-07,FEDERALBNK,Financial Services,323.5,331.17,344.833,304.985,325.57692022704714,332.27759798395414,-6.700677756906998,-6.34657692310685,350.8233752290657,331.17,311.51662477093424,34.698996655518414,-5.409356725146197,1.3477351268975228,72.36,HOLD,26.33517495395949,46.07555044504068,1.648075278540671,2.656215500110403,-12.967446865751953,18.0,24.88944788876009,14.32127659574468,14.15401301518438,1.0,55.00000000000001,88.2127659574468,88.72017353579176,94.36008676789588,2026-10-07 19:03:41
2026-10-07,NETWEB,Information Technology,4685.4,4718.375,4898.698,4032.9255,4686.860726974136,4768.752789637439,-81.89206266330257,-88.89515933841393,5061.324631870286,4718.375,4375.425368129714,56.09563327405649,-9.144851657940666,2.73115873302992,72.13,SELL,60.98831261431628,26.538171008065504,2.9464321955420614,3.189848099567652,-19.39790125580596,18.0,25.90645035616201,10.891304347826088,12.331887201735356,5.0,15.0,93.91304347826087,89.587852494577,82.21258134490239,2026-10-07 19:03:41
2026-10-07,J&KBANK,Financial Services,139.4,144.2145,149.5998,134.00055,142.1088426715868,145.1322610808397,-3.0234184092528835,-2.7698726109810075,151.05102258481438,144.2145,137.3779774151856,30.23923444976077,-5.734379226399778,1.2540962858978055,72.09,HOLD,29.55094991364422,41.87630035937207,2.4067785911928574,2.8074400491904057,-30.90458488228005,18.0,25.06473442963576,14.48581560283688,13.53579175704989,1.0,55.00000000000001,89.8581560283688,87.85249457700651,90.23861171366592,2026-10-07 19:03:41
2026-10-07,IIFL,Financial Services,588.55,603.9975,620.956,540.8145000000001,602.3249702829726,609.005828146346,-6.680857863373376,-4.781568194343357,631.7601685165197,603.9975,576.2348314834802,50.97037793667004,-10.014524883418696,2.200328285069017,72.05,HOLD,48.0054551653597,20.21600664635834,2.1994466971710174,3.256793329854244,-16.517730496453908,18.0,24.75941147895013,13.929787234042552,12.364425162689804,3.0,55.00000000000001,84.29787234042553,83.94793926247289,82.4295010845987,2026-10-07 19:03:41
2026-10-07,GRAPHITE,Capital Goods,834.05,810.5550000000001,748.6290000000001,679.4372500000001,811.2842076619635,789.6336022923063,21.650605369657228,22.878163106494057,865.5976427991482,810.5550000000001,755.512357200852,55.98184818481847,16.308743550411364,4.2881139492686176,71.86,HOLD,15.155796248332166,15.336844587689669,3.0533849185655675,3.645721822090147,-4.609138216961184,30.0,19.80152084305304,14.728118921922755,4.329718004338394,3.0,95.0,52.28118921922757,68.11279826464208,55.53145336225597,2026-10-07 19:03:41
2026-10-07,OFSS,Information Technology,10576.0,11097.75,11494.98,9266.4325,10759.651425563648,11087.622420676453,-327.9709951128043,-264.54314373964866,12193.062668650036,11097.75,10002.437331349964,33.52152434721242,-10.72845446104499,2.361057385506052,71.84,SELL,71.8398175858629,40.005805515239466,2.105310287680802,3.815917441106549,-15.661881977671454,18.0,27.37624271924044,11.5,13.9587852494577,1.0,15.0,100.0,93.058568329718,93.058568329718,2026-10-07 19:03:41
2026-10-07,NAM-INDIA,Financial Services,1047.2,1125.58,1163.5739999999998,1033.7777500000002,1092.226864883558,1124.4112747642912,-32.184409880733256,-23.589841839557188,1224.0851342503815,1125.58,1027.0748657496183,35.70364854802679,-12.368200836820076,2.072703635596889,71.69,HOLD,38.140892038349314,33.04657031429228,1.9647931386947648,3.009385572410781,-17.51083103584088,18.0,25.18972060160357,14.383687943262414,13.112798264642082,1.0,55.00000000000001,88.83687943262412,86.55097613882863,87.41865509761388,2026-10-07 19:03:41
2026-10-07,MINDACORP,Automobile and Auto Components,639.45,680.345,701.409,610.9997500000001,668.8652836252901,681.4588292284541,-12.593545603163989,-9.010146778911963,716.6218869435485,680.345,644.0681130564516,39.61165048543692,-8.065559629070506,1.9342354621127136,71.34,HOLD,38.02042419481539,23.482386014231736,1.8170536238028088,3.008165499368878,-16.84655396618985,18.0,24.11384679021312,15.56825396825397,12.657266811279824,1.0,80.0,75.6825396825397,81.56182212581345,84.3817787418655,2026-10-07 19:03:41
2026-10-07,TORNTPHARM,Healthcare,4716.2,4878.025,4920.114,4450.652,4829.100790196821,4871.566177579508,-42.46538738268646,-21.619234524522085,5044.451666322275,4878.025,4711.598333677724,43.6703036676745,-4.025234025234026,1.302417533755493,71.12,HOLD,21.073885731379004,34.826782145236514,1.6229318592681754,2.286647240211551,-10.167619047619048,18.0,22.928541539408684,15.72093023255814,13.470715835140997,1.0,100.0,57.2093023255814,81.77874186550976,89.80477223427332,2026-10-07 19:03:41
2026-10-07,AARTIIND,Chemicals,491.25,485.1175,501.504,454.05625,482.1674615474048,489.2425922824687,-7.075130735063851,-7.550516275269016,509.7073839919323,485.1175,460.5276160080677,59.25553319919516,0.1120847768494082,2.075373345803299,71.05,HOLD,21.7342899554676,28.53970741901777,1.9073652041828253,3.1188658669574685,-10.965111010421392,18.0,22.527696947251467,13.583333333333336,11.941431670281997,5.0,60.0,75.83333333333334,77.22342733188721,79.60954446854663,2026-10-07 19:03:41
2026-10-07,ADANIENT,Metals & Mining,2743.0,2937.4800000000005,2979.882,2575.2095,2878.692795133732,2926.525796519974,-47.833001386241904,-31.51870179430783,3120.567929407556,2937.4800000000005,2754.392070592445,39.36298076923077,-7.016949152542374,2.643069044554205,71.03,HOLD,54.45273893386605,19.96635388849417,2.205011756940157,3.061559293786784,-15.469953775038526,18.0,24.96592291894128,14.833333333333332,12.234273318872017,1.0,65.0,83.33333333333333,85.90021691973969,81.56182212581345,2026-10-07 19:03:41
2026-10-07,LODHA,Realty,1109.4,1133.38,1196.353,1022.775,1130.885354951345,1149.1677228208007,-18.28236786945536,-18.558703776515745,1200.1959010384417,1133.38,1066.564098961558,54.03817914831131,-7.54999999999999,2.4871446692249712,70.84,HOLD,72.05209433298134,4.319617551647603,2.479885600459922,3.140693811326588,-17.513662217926317,18.0,22.652827411729056,13.40909090909091,11.77874186550976,5.0,45.0,89.0909090909091,84.1648590021692,78.52494577006507,2026-10-07 19:03:41
2026-10-07,PPLPHARMA,Healthcare,203.01,207.9845,208.6718,174.6936,204.4777310003716,206.55978060849367,-2.0820496081220483,-0.6986787470489495,222.21201000887592,207.9845,193.756989991124,50.63041765169423,-7.579896203223169,2.2862168219961445,70.4,HOLD,51.3494418538929,6.102030708271422,2.0729399875989007,3.3175705630264507,-12.469279523994317,18.0,22.50703425985157,15.76744186046512,11.127982646420824,3.0,100.0,57.674418604651166,76.35574837310195,74.18655097613883,2026-10-07 19:03:41
2026-10-07,PWL,Consumer Services,139.57,130.555,126.078,116.1586,130.57194678488804,129.04874353868715,1.523203246200893,1.293415205957526,141.00274566467178,130.555,120.10725433532824,61.68478260869563,7.634765173131797,3.921964424245325,69.97,SELL,35.89164785553047,,2.978305938854984,4.601889476862612,,22.0,24.143167028199567,7.956521739130435,10.86767895878525,5.0,10.0,69.56521739130434,86.98481561822126,72.45119305856834,2026-10-07 19:03:41
2026-10-07,HAL,Capital Goods,4746.3,4785.014999999999,4823.956,4414.7075,4736.485510834228,4769.72560768183,-33.24009684760222,-29.187540558886617,5031.509037720115,4785.014999999999,4538.520962279884,52.53221456397961,-2.242956005931773,2.056908990290668,69.63,HOLD,29.420857653047623,4.425616102533225,1.6035166759262929,2.2611598207325376,-7.837045379521923,22.0,20.06367147481374,14.737565990552932,9.82646420824295,3.0,95.0,52.37565990552932,67.24511930585683,65.50976138828634,2026-10-07 19:03:41
2026-10-07,EXIDEIND,Automobile and Auto Components,402.95,416.8325,439.626,376.6695,412.8474201316527,421.0511205540361,-8.203700422383463,-7.154365013365858,436.5332153222968,416.8325,397.1317846777032,40.58514628657166,-5.35525543159131,1.64148536721321,69.56,HOLD,42.01807228915664,10.781882260801456,1.6995258348576143,2.961196887242303,-18.82554391619662,18.0,22.73432382125044,15.55873015873016,12.266811279826465,1.0,80.0,75.5873015873016,75.27114967462039,81.77874186550976,2026-10-07 19:03:41
2026-10-07,BEML,Capital Goods,2006.2,2032.075,1947.468,1791.79,2012.617660944098,2004.1702862919176,8.447374652180315,19.823308695611647,2144.796470891768,2032.075,1919.353529108232,51.47941237326711,-4.339118825100119,2.390005879615173,69.53,SELL,36.31425543190253,-7.216448362152528,2.154866543965446,3.192958970049987,-11.84444688564209,26.0,17.55797432555276,14.412475687691026,8.557483731019522,3.0,95.0,49.124756876910254,60.30368763557483,57.04989154013015,2026-10-07 19:03:41
2026-10-07,SCI,Services,285.35,278.2025,286.773,271.3135,279.92530444931265,281.36366086930303,-1.4383564199903844,-3.1995318014972325,293.6431324863663,278.2025,262.76186751363366,65.7021276595745,-2.859574468085102,2.494598968133636,69.29,HOLD,26.890359168241982,12.06176961602672,2.0731254664453966,3.0038298831009533,-22.616949152542364,18.0,21.45361236298224,15.03846153846154,9.793926247288502,5.0,75.0,75.38461538461539,70.28199566160521,65.29284164859001,2026-10-07 19:03:41
2026-10-07,ASAHIINDIA,Automobile and Auto Components,976.25,959.715,940.575,907.562,957.7283149813034,953.928755499618,3.799559481685492,4.705714015217394,984.3671291917028,959.715,935.0628708082976,57.99280810722461,2.262609333263499,1.440590832398076,68.92,HOLD,17.158965559504846,1.7239544535490037,1.4187773250349751,2.528626303274191,-9.101489757914338,26.0,17.382572350669275,13.428571428571429,9.11062906724512,3.0,80.0,54.285714285714285,56.61605206073753,60.73752711496746,2026-10-07 19:03:41
2026-10-07,GABRIEL,Automobile and Auto Components,1346.9,1346.215,1398.062,1130.37875,1344.3950911859154,1355.8758388228598,-11.480747636944445,-11.296957236814595,1444.3057265320308,1346.215,1248.124273467969,54.55840455840456,-1.217455078841212,3.9415937587450536,68.71,HOLD,52.31020316281163,7.507746087232858,3.373860909813437,4.624375550205234,-15.818749999999993,18.0,22.772532477839075,15.438095238095238,9.501084598698482,3.0,80.0,74.38095238095238,77.00650759219089,63.34056399132321,2026-10-07 19:03:41
2026-10-07,KPRMILL,Textiles,1101.3,1110.92,1111.368,994.879,1100.883770596339,1110.5670217490515,-9.6832511527125,-6.587789724684102,1152.5322249243864,1110.92,1069.3077750756138,45.99761051373952,-4.624577812418817,1.8233127265251023,68.51,HOLD,41.09181731684111,9.125195474197412,1.790652305188393,3.12422980633278,-17.44377811094453,18.0,22.257119632919856,15.8,11.453362255965292,1.0,90.0,68.0,73.96963123644251,76.35574837310195,2026-10-07 19:03:41
2026-10-07,COFORGE,Information Technology,1822.2,1810.705,1830.912,1524.4544999999998,1812.4745840504609,1817.1363353633133,-4.661751312852402,-6.709596869404516,1908.7343935511185,1810.705,1712.6756064488816,57.70619272424327,-5.829457364341084,2.2006619491064545,68.43,SELL,61.678413374856575,9.133152624882436,2.32839527191176,3.133574799692681,-9.845636255689694,18.0,23.364276060429702,10.021739130434783,12.039045553145336,5.0,15.0,85.21739130434783,82.4295010845987,80.26030368763557,2026-10-07 19:03:41
2026-10-07,GESHIP,Services,1567.9,1473.05,1391.042,1369.7005,1515.5550481170735,1465.290682967605,50.26436514946863,43.3033237653356,1603.235640731346,1473.05,1342.864359268654,76.16503413475807,13.888283576668847,1.5201871100826565,68.4,HOLD,-6.377306903622692,26.39689936787708,1.7743498467583878,2.782611864823741,-12.797552836484982,26.0,16.131181130387517,13.346153846153848,9.92407809110629,3.0,75.0,58.46153846153846,65.72668112798264,66.16052060737528,2026-10-07 19:03:41
2026-10-07,ABCAPITAL,Financial Services,372.1,388.99,399.586,364.73725,382.93878698309794,389.6915660630416,-6.75277907994365,-4.984660275166838,411.2380655575456,388.99,366.74193444245446,44.91712707182322,-7.72473651580905,2.0313923386462083,68.31,HOLD,30.067459042724053,23.89840881272949,1.810326656980877,2.5943486773908697,-13.605758068260965,18.0,23.41275834371438,13.728368794326242,12.169197396963124,1.0,55.00000000000001,82.28368794326241,77.65726681127983,81.12798264642083,2026-10-07 19:03:41
2026-10-07,ETERNAL,Consumer Services,328.0,326.54,322.207,277.15285,326.50988360006033,325.0996551731428,1.410228426917513,2.6260085038363776,343.25817794151,326.54,309.82182205849006,57.80141843971632,2.244389027431426,1.628864230813348,67.98,SELL,38.99655469422911,-2.003947168665565,1.679285711287681,2.82556620209059,-10.978423123897407,26.0,19.49282144763865,9.104347826086956,10.379609544468549,3.0,10.0,81.04347826086956,67.02819956616052,69.19739696312365,2026-10-07 19:03:41
2026-10-07,MANKIND,Healthcare,2500.0,2403.7850000000003,2414.5959999999995,2298.8875,2469.70031017131,2433.6982622768865,36.00204789442341,23.334849941973403,2623.731130007464,2403.7850000000003,2183.8388699925367,70.91567852437419,7.851596203623812,2.1502415737468965,67.95,SELL,15.373940625464645,-4.85163083462764,1.7296800730018718,2.757142857142861,-5.374716124148371,30.0,14.86466805508126,12.697674418604652,7.386117136659435,3.0,100.0,26.97674418604651,49.457700650759215,49.240780911062906,2026-10-07 19:03:41
2026-10-07,CASTROLIND,Oil Gas & Consumable Fuels,197.15,194.8165,190.4344,186.00725000000003,197.5271486956949,194.50930070698172,3.017847988713129,2.86138024110194,204.8122175567167,194.8165,184.8207824432833,62.55666364460564,4.306650441775584,1.3155213897593303,67.92,SELL,6.213017751479311,-3.037252204046259,1.0458894499017075,2.244121589797471,-4.850386100386094,30.0,13.80954350659657,12.411764705882357,6.702819956616052,5.0,70.0,54.117647058823536,44.251626898047725,44.68546637744035,2026-10-07 19:03:41
2026-10-07,GLENMARK,Healthcare,2282.3,2395.34,2359.798,2205.2965,2354.7524286269927,2375.1190070321686,-20.366578405175915,-0.3599083522938833,2518.990158448021,2395.34,2271.689841551979,37.75177441012855,-6.917084709816868,1.9420236209609376,67.87,HOLD,15.792474344355734,29.445506692160595,1.6587801347206197,2.796364569575802,-10.0606872635561,18.0,21.6322464900847,15.16279069767442,12.071583514099784,1.0,100.0,51.627906976744185,75.70498915401302,80.4772234273319,2026-10-07 19:03:41
2026-10-07,STARHEALTH,Financial Services,553.85,551.2475,568.433,516.01675,547.3731025218194,553.9768785181828,-6.603775996363424,-7.573716530466942,576.0703560848699,551.2475,526.42464391513,54.27372836916622,-2.137998056365409,1.7317995430541664,67.85,HOLD,21.546178170319497,15.861137095935971,1.4323419319797674,3.17130734211171,-11.369819171067364,18.0,21.10477079134822,12.453191489361704,11.29067245119306,5.0,55.00000000000001,69.53191489361701,70.71583514099783,75.27114967462039,2026-10-07 19:03:41
2026-10-07,GROWW,Financial Services,197.75,190.1715,192.6288,184.0485,189.1812413756131,190.4527453265117,-1.271503950898648,-2.1696875647152645,201.19829659547136,190.1715,179.14470340452866,60.51592524348516,1.550865300672721,1.937705472448474,67.44,HOLD,15.010671093194205,,1.9621978823772253,2.943832400216725,,26.0,15.81344902386117,10.925531914893618,9.69631236442516,5.0,55.00000000000001,54.25531914893617,67.67895878524945,64.64208242950107,2026-10-07 19:03:41
2026-10-07,MEDANTA,Healthcare,1294.1,1427.69,1431.57,1237.54375,1382.9991383487793,1411.829690585516,-28.83055223673682,-7.104433207403205,1563.4388842641013,1427.69,1291.9411157358988,34.40587073101892,-9.032756923942076,2.1914337364694885,67.41,HOLD,42.29149523210223,7.081451260381755,1.969784188789456,3.904533763122743,-16.18523316062177,18.0,22.04021913222485,15.627906976744184,10.737527114967463,1.0,100.0,56.27906976744187,73.31887201735357,71.58351409978309,2026-10-07 19:03:41
2026-10-07,KALYANKJIL,Consumer Durables,569.0,578.4449999999999,593.375,461.6925,564.6744915255977,574.4150607551932,-9.740569229595508,-6.849727972265464,623.3992914057147,578.4449999999999,533.4907085942851,45.32967032967034,-3.72250423011844,2.4628606624063667,67.05,HOLD,42.45271797311763,16.74790407486839,2.58712148250291,3.4929701230228503,-12.319901379150943,18.0,23.98199229477997,13.1,10.965292841648589,1.0,35.0,96.0,78.74186550976138,73.10195227765726,2026-10-07 19:03:41
2026-10-07,ENRIN,Capital Goods,3344.0,3210.29,3292.4980000000005,3085.0125,3263.409136037005,3253.485304538801,9.92383149820398,-15.081290577780443,3388.419697278737,3210.29,3032.1603027212627,73.63454389476694,7.114257343284525,2.2387589277109914,66.98,SELL,18.910770170216008,-2.831748011850932,2.428156494518354,3.4652682843472324,-15.7258064516129,26.0,16.37613209498295,13.799527646568492,7.809110629067245,3.0,95.0,42.99527646568491,52.7114967462039,52.060737527114966,2026-10-07 19:03:41
2026-10-07,IDFCFIRSTB,Financial Services,79.54,83.97,84.82,77.68785,82.20776028258341,83.42366496693025,-1.2159046843468388,-0.690715367916838,89.31090471342611,83.97,78.62909528657389,36.89506468615235,-7.982415548357236,1.9464396537672524,66.83,HOLD,41.96136214800261,9.856835170404144,1.6096788304203289,3.018247781888716,-11.237585090949665,18.0,22.58855952787491,13.426241134751775,11.811279826464206,1.0,55.00000000000001,79.26241134751773,74.62039045553145,78.74186550976138,2026-10-07 19:03:41
2026-10-07,IFCI,Financial Services,64.03,75.13449999999999,79.0852,66.69035,70.1637576336097,75.0447991245008,-4.881041490891093,-3.421653500240389,90.97178375833752,75.13449999999999,59.29721624166245,30.89712504329753,-37.537801190127794,3.470701487023018,66.83,SELL,91.57218442932728,75.73236262783844,3.501087076211761,5.161642979853195,-40.437209302325584,10.0,29.470735074142297,15.433333333333335,10.926247288503252,1.0,55.00000000000001,99.33333333333331,98.2646420824295,92.84164859002168,2026-10-07 19:03:41
2026-10-07,ADANIPOWER,Power,196.94,203.858,206.00940000000003,187.9807,201.01242450046004,203.4434283379974,-2.431003837537361,-2.1039771781048247,214.73447311256305,203.858,192.98152688743696,44.5321992709599,-3.692112083720478,2.277759349262212,66.74,HOLD,26.91412470905304,27.45278956757089,2.0530337694569285,3.1449027259934126,-22.52557041699449,18.0,23.43529683374136,12.588235294117649,11.713665943600867,1.0,40.0,85.88235294117646,78.95878524945769,78.09110629067246,2026-10-07 19:03:41
2026-10-07,GLAXO,Healthcare,2634.0,2820.11,2812.684,2512.7755,2778.1618183586243,2810.057217043105,-31.89539868448128,-7.027510358743568,2954.5089019379216,2820.11,2685.7110980620787,31.02800546448087,-10.947325715058495,1.723290090664274,66.72,HOLD,26.058978948265587,12.831368959072352,1.9051872025693013,3.172795314025384,-15.595859903226838,18.0,21.49871820153816,15.581395348837209,10.63991323210412,1.0,100.0,55.81395348837209,70.49891540130152,70.93275488069413,2026-10-07 19:03:41
2026-10-07,TVSMOTOR,Automobile and Auto Components,3926.0,4090.81,4227.44,3766.339,4054.7864621178487,4106.667016411541,-51.88055429369251,-34.65324825263619,4220.57144752244,4090.81,3961.048552477561,40.54770318021203,-4.985479186834462,1.0992615600189544,66.51,HOLD,18.501634268019963,18.36927571097176,1.5952465946255372,2.5345680809256983,-12.454008250641104,18.0,21.00757535676323,14.3968253968254,12.10412147505423,1.0,80.0,63.96825396825397,71.36659436008676,80.6941431670282,2026-10-07 19:03:41
2026-10-07,MEESHO,Consumer Services,236.52,222.1745,207.2878,181.3999,226.516901700562,219.7184810406071,6.798420659954928,6.235968132167546,242.08684208646525,222.1745,202.2621579135348,61.24758220502903,12.467902995720404,3.5548235274044666,65.79,SELL,38.91658358258559,,2.53337067427916,5.028267014568383,,22.0,25.119305856832973,8.82608695652174,4.8438177874186525,5.0,10.0,78.26086956521739,88.93709327548807,78.95878524945769,2026-10-07 19:03:41
2026-10-07,TATATECH,Information Technology,697.6,729.615,777.1419999999999,677.6579999999999,711.7045404434228,735.9633528741333,-24.258812430710464,-23.03679641684499,796.9414716844254,729.615,662.2885283155746,32.03677510608206,-11.1450770602471,1.7405965460391866,65.61,SELL,47.24829744156085,14.302043149021282,2.2716829627460924,3.080459534731324,-21.70594837261504,18.0,24.01497756251473,10.456521739130435,12.136659436008676,1.0,15.0,89.56521739130434,79.17570498915401,80.91106290672451,2026-10-07 19:03:41
2026-10-07,LGEINDIA,Consumer Durables,1780.3,1693.8349999999998,1647.388,1553.3090000000002,1728.7659428280344,1696.1396239939672,32.626318834067206,25.2016595807206,1789.968838174216,1693.8349999999998,1597.7011618257836,75.98223436966168,8.041024396164588,1.3517469758410832,65.29,SELL,18.917155903457285,-1.0255172829824466,1.9180706513299943,2.729876987024658,,26.0,17.000832086806373,10.833333333333334,8.459869848156181,3.0,35.0,73.33333333333333,54.66377440347071,56.399132321041215,2026-10-07 19:03:41
2026-10-07,BAJAJ-AUTO,Automobile and Auto Components,9884.0,11121.9,11496.89,10215.165,10629.167404097305,11040.507594551827,-411.3401904545244,-240.65077998855307,12408.08160295881,11121.9,9835.71839704119,10.200279459711226,-16.237288135593218,1.8956571484461784,65.05,SELL,33.28487559407325,33.57615151854758,1.7564243460102116,2.42888940278661,-20.73777064955894,10.0,24.80099658026752,15.971428571428572,13.275488069414315,1.0,80.0,79.71428571428572,85.46637744034707,88.50325379609545,2026-10-07 19:03:41
2026-10-07,ZENTEC,Capital Goods,1580.2,1666.495,1741.794,1585.4394999999995,1631.006818973594,1680.8727241119489,-49.86590513835472,-44.35656932092876,1793.3025952398898,1666.495,1539.6874047601104,35.333806818181856,-11.946951967012144,1.8406771618763969,64.84,SELL,30.602479518596404,30.830125644563864,2.0985853323645296,2.765020702623538,-22.67945393159465,10.0,24.38104765981598,16.830369547096417,12.62472885032538,1.0,95.0,73.30369547096416,83.29718004338395,84.1648590021692,2026-10-07 19:03:41
2026-10-07,CANHLIFE,Financial Services,146.06,150.20499999999998,150.8238,145.39735000000002,147.5952870414657,149.5767381416388,-1.981451100173104,-1.0081916594692082,157.857273140091,150.20499999999998,142.55272685990897,32.67195767195774,-5.137364421640578,1.4321057591232529,64.66,HOLD,8.486855723452692,33.087861858811564,1.6988297648973627,4.358287200954596,,18.0,20.596226269894327,12.663120567375888,12.39696312364425,1.0,55.00000000000001,71.63120567375886,75.05422993492408,82.646420824295,2026-10-07 19:03:41
2026-10-07,KOTAKBANK,Financial Services,440.0,415.155,407.461,399.85455,419.2470322181773,414.73505465436216,4.511977563815151,2.394602126071548,432.8713884878552,415.155,397.4386115121449,69.11314984709477,4.240701255626633,1.476332269119512,64.65,SELL,17.736791013729025,-0.6878158338012308,1.2958347334507652,2.381493506493506,-2.9126213592233,26.0,16.86026232378277,11.040425531914895,8.752711496746203,2.0,55.00000000000001,55.40425531914894,54.4468546637744,58.35140997830802,2026-10-07 19:03:41
2026-10-07,PHOENIXLTD,Realty,1845.5,1910.41,1917.098,1822.1990000000003,1913.1145251643788,1917.8391132585984,-4.724588094219598,1.2479037046377413,1999.708597855488,1910.41,1821.111402144512,48.660840146602766,-3.1233595800524983,1.5348989928633388,64.64,HOLD,24.91155850003215,14.00058702670972,1.4747403836438862,2.989124124317838,-14.946077979537286,18.0,21.436239544805225,12.681818181818182,11.518438177874186,1.0,45.0,81.81818181818181,70.93275488069413,76.78958785249458,2026-10-07 19:03:41
2026-10-07,ABSLAMC,Financial Services,1015.5,1033.02,1026.11,981.045,1014.363159703408,1024.8293895851368,-10.46622988172885,-8.544524401281375,1108.8488613294978,1033.02,957.191138670502,42.070240295748576,-2.533832421537585,2.691294516502787,64.54,HOLD,12.163446309787762,36.7621499839073,2.230106174086601,4.212210733628755,-17.095273083517025,18.0,21.51421521708808,12.966666666666669,11.06290672451193,1.0,55.00000000000001,74.66666666666666,78.52494577006507,73.7527114967462,2026-10-07 19:03:41
2026-10-07,CYIENT,Information Technology,1115.0,1082.495,998.845,963.663,1096.9957026340078,1069.2580074107502,27.73769522325756,28.77042912306217,1129.553104061872,1082.495,1035.4368959381284,61.76584986386618,0.8684639044689524,1.9899524848438352,64.32,SELL,35.49775564164052,-6.293587344786533,2.418443827355516,4.102498398462527,-8.756137479541737,26.0,17.653409391518487,8.978260869565217,8.68763557483731,3.0,15.0,74.78260869565216,61.60520607375272,57.9175704989154,2026-10-07 19:03:41
2026-10-07,PIRAMALFIN,Financial Services,1981.5,2169.33,2148.212,1939.2585,2086.2396331338155,2135.5158929193203,-49.27625978550486,-21.72657892028502,2387.245957725871,2169.33,1951.4140422741289,31.023159350155552,-12.36178681999115,2.0595533452933465,64.1,HOLD,29.13522925130588,,1.7825221636612594,5.540896146497964,,18.0,22.12581344902386,13.47872340425532,9.494577006507592,1.0,55.00000000000001,79.7872340425532,81.34490238611714,83.29718004338395,2026-10-07 19:03:41
2026-10-07,AIAENG,Capital Goods,3858.0,3950.97,4250.3820000000005,4127.3295,3904.6871934841256,4014.750894029477,-110.06370054535182,-122.15170892754668,4196.149222095498,3950.97,3705.790777904503,54.056574448243694,-8.66477272727273,1.8921182394747265,63.87,SELL,14.96264094552371,28.38547197863884,1.651641485409748,2.978967636821448,-25.52123552123552,10.0,21.1862672008696,15.679494303973328,12.00650759219089,5.0,95.0,61.794943039733255,74.83731019522777,80.04338394793926,2026-10-07 19:03:41
2026-10-07,INDHOTEL,Consumer Services,731.3,725.4825,727.673,688.8125,726.8697312955923,726.0858137915977,0.7839175039945303,0.2341254673668777,745.3607153969571,725.4825,705.6042846030429,56.8060836501901,2.10834962301032,1.2511874011501671,63.74,SELL,20.92710782667116,-3.955179083572336,1.232403907280378,2.2772557676154026,-3.445999471877481,26.0,16.197411392374622,7.760869565217391,8.785249457700651,5.0,10.0,67.6086956521739,52.92841648590022,58.56832971800434,2026-10-07 19:03:41
2026-10-07,MRPL,Oil Gas & Consumable Fuels,182.86,170.453,171.2934,168.05335,171.68187093169877,170.8824740254979,0.7993969062008546,-0.5254490227213953,183.420819440932,170.453,157.48518055906803,69.01248581157775,5.583463248455467,2.857625302094333,63.09,HOLD,-2.2968592824410328,7.534752122032229,3.025147076994251,4.068295807877999,-13.871226037398143,26.0,14.378604306650445,12.647058823529411,7.060737527114967,3.0,70.0,56.47058823529412,49.891540130151846,47.071583514099785,2026-10-07 19:03:41
2026-10-07,BHARATFORG,Automobile and Auto Components,1841.8,1938.485,2031.566,1856.9525,1912.051105641266,1954.2076546233657,-42.1565489820996,-33.72911765685556,2051.7416396334456,1938.485,1825.2283603665544,44.64551313832423,-5.790281329923275,1.8286490684090533,62.79,SELL,17.08368250927812,48.49681141815974,1.8590920238768245,2.8772319004700364,-19.74727668845316,10.0,23.357119151944826,15.031746031746032,13.405639913232104,1.0,80.0,70.31746031746032,87.20173535791757,89.3709327548807,2026-10-07 19:03:41
2026-10-07,NIACL,Financial Services,159.29,181.332,183.2658,163.21535,170.32990421011274,178.50125152626757,-8.171347316154822,-4.821097794641807,212.41875304268493,181.332,150.2452469573151,30.70963743414936,-31.102941176470587,3.781287250794181,62.57,SELL,85.51601710643104,21.247758675245223,3.82159976554046,4.843367443028438,-34.34047815333883,10.0,25.89259827522353,14.124113475177309,11.550976138828633,1.0,55.00000000000001,86.24113475177306,91.97396963123644,77.00650759219089,2026-10-07 19:03:41
2026-10-07,TITAGARH,Capital Goods,799.75,829.1600000000001,835.8040000000001,797.3470000000001,816.6097471283113,826.6025880265454,-9.992840898234135,-6.807960768688988,874.6637719662689,829.1600000000001,783.6562280337313,43.3531746031746,-10.786993139606228,1.3675051328875103,62.44,SELL,36.36505826229764,-3.0739299610894943,1.6618943610312729,2.707989103737776,-17.636457260556128,18.0,18.701521324028068,14.681439288691305,10.05422993492408,1.0,95.0,51.81439288691303,64.8590021691974,67.02819956616052,2026-10-07 19:03:41
2026-10-07,PARADEEP,Chemicals,155.38,154.578,153.0024,136.32184999999998,154.603216399953,154.14542468589997,0.4577917140530303,0.6087253737638654,160.33279516303253,154.578,148.82320483696748,67.95626576955428,-1.645777946575511,1.8079950274574703,62.3,SELL,35.40319103061664,-8.540137481067223,2.5270046475073333,2.756835775885845,-23.07539977226596,22.0,16.98879809149107,11.916666666666666,8.394793926247289,3.0,60.0,59.16666666666666,59.00216919739696,55.9652928416486,2026-10-07 19:03:41
2026-10-07,OBEROIRLTY,Realty,1736.0,1781.64,1821.398,1684.947,1776.2461265148645,1796.2845983748996,-20.038471860035088,-14.131233292090556,1886.067066465176,1781.64,1677.2129335348238,54.75645635828701,-6.035182679296347,1.8966955762406648,62.11,HOLD,23.402855451016503,7.158772781808831,1.7075778083434812,2.8205233706385795,-12.592518000100696,18.0,19.673187084858423,11.772727272727272,9.663774403470716,3.0,45.0,72.72727272727272,66.37744034707158,64.42516268980476,2026-10-07 19:03:41
2026-10-07,ANANTRAJ,Realty,612.15,604.6575,612.277,547.19875,603.7108747607572,605.6156426848398,-1.9047679240826485,-1.5345177646922228,633.6208211784163,604.6575,575.6941788215837,59.040706847586,-4.089306698002348,2.048751006226528,61.93,SELL,37.29557677532653,-2.76719782355227,2.002577459006356,3.114316052321445,-17.68304982182478,18.0,18.99304991077913,12.5,9.436008676789587,3.0,45.0,80.0,65.50976138828634,62.90672451193059,2026-10-07 19:03:41
2026-10-07,CONCORDBIO,Healthcare,1359.7,1450.79,1452.056,1270.285,1409.7921978809538,1435.566292550118,-25.77409466916424,-9.508396851013844,1582.9277733954325,1450.79,1318.6522266045677,39.85772795861177,-5.785753880266076,2.636344476642463,61.45,SELL,37.62260852675534,-2.531123185913764,2.405846069246788,4.14639783985963,-18.46366035020388,18.0,19.09890289595067,14.372093023255816,8.980477223427332,1.0,100.0,43.72093023255814,65.94360086767897,59.869848156182215,2026-10-07 19:03:41
2026-10-07,DEEPAKFERT,Chemicals,1415.4,1342.75,1430.0379999999998,1292.95175,1354.0798669995008,1370.436934965142,-16.357067965641136,-27.56029076383028,1408.659427486374,1342.75,1276.840572513626,62.02683277431723,5.296830828745724,2.562321970667746,61.28,SELL,38.48812973412639,-8.350154757098649,2.1458003325511963,3.669835886877005,-15.800118976799515,18.0,17.419164931148423,12.333333333333336,8.524945770065075,5.0,60.0,63.333333333333336,61.3882863340564,56.83297180043384,2026-10-07 19:03:41
2026-10-07,KEI,Capital Goods,4677.7,4590.59,5091.278,4829.865,4607.23894134277,4751.280570375769,-144.04162903299857,-177.17601736773946,4753.642834834072,4590.59,4427.537165165928,57.85956239128444,-0.5590986394557906,1.7746701355440888,61.03,SELL,17.629938638403143,18.03358481382331,2.553482628041057,2.490692922956643,-20.70350906933379,10.0,20.745540159010343,15.295498749652683,9.989154013015186,5.0,95.0,57.95498749652681,70.06507592190889,66.5943600867679,2026-10-07 19:03:41
2026-10-07,IKS,Information Technology,1737.4,1787.55,1787.7680000000005,1658.3085,1777.1377501074803,1783.0977831976447,-5.960033090164416,1.2599062549080022,1889.607372925317,1787.55,1685.4926270746828,48.57477547832878,-2.8299776286353384,2.281765275147281,60.82,SELL,28.525523990360057,12.302980026801102,2.0365684957664127,3.868670755973621,-11.807106598984763,18.0,21.623675515004013,9.847826086956523,10.3470715835141,1.0,15.0,83.47826086956522,71.8004338394794,68.98047722342733,2026-10-07 19:03:41
2026-10-07,INDUSINDBK,Financial Services,874.9,937.3125,981.488,923.55675,910.3156247745128,939.2989018965636,-28.983277122050595,-24.412453014337853,1019.7500098260176,937.3125,854.8749901739825,32.58754863813228,-12.334669338677362,1.8022365173744024,60.51,SELL,28.27524802849146,25.912978338223347,1.6556756579147445,2.6835720000653147,-18.82915062392726,10.0,23.28780103024852,13.630496453900712,12.592190889370931,1.0,55.00000000000001,81.3049645390071,78.30802603036877,83.94793926247289,2026-10-07 19:03:41
2026-10-07,ICICIBANK,Financial Services,1357.5,1344.635,1395.694,1353.275,1337.1435203399406,1356.3728436266028,-19.229323286662293,-22.978114235246395,1400.9996875268598,1344.635,1288.2703124731402,49.61101137043688,-4.903677758318736,1.1404394945376313,60.41,HOLD,15.57576741919766,4.462712859659423,1.0189955556296897,1.5990528808208349,-8.277027027027028,18.0,17.670609058683763,11.779432624113475,9.956616052060737,3.0,55.00000000000001,62.79432624113476,58.56832971800434,66.37744034707158,2026-10-07 19:03:41
2026-10-07,MANAPPURAM,Financial Services,308.9,318.825,340.088,310.144,315.6864422821068,323.31139469166766,-7.624952409560876,-7.294028113283501,333.0829433078009,318.825,304.56705669219906,41.6030534351145,-5.128992628992646,2.107662539671943,60.29,SELL,30.653846153846143,23.57220807566389,1.962739692585236,3.1078018776302985,-19.040754815882583,10.0,23.529029248091728,13.789361702127662,11.973969631236445,1.0,55.00000000000001,82.89361702127661,77.87418655097615,79.82646420824295,2026-10-07 19:03:41
2026-10-07,VTL,Textiles,536.4,555.0675,580.72,556.59875,545.3238826379784,559.628638668976,-14.304756030997623,-13.772733720389638,591.1621311068051,555.0675,518.9728688931949,37.72995487677889,-9.115554049474762,2.2990042634530425,60.03,SELL,11.396648044692736,36.29528366370474,1.9571312940165453,3.5614413550655177,-22.03488372093023,10.0,21.186238342367645,16.2,11.648590021691971,1.0,90.0,72.0,77.44034707158352,77.65726681127983,2026-10-07 19:03:41
2026-10-07,TEJASNET,Telecommunication,466.7,512.755,522.89,471.853,489.8549131730792,508.4788074734846,-18.623894300405368,-12.933147434077815,582.7405015060406,512.755,442.7694984939594,26.6050583657588,-21.378032345013487,2.0865382130799426,59.92,SELL,44.590935844614464,14.53748601268181,2.6579506654985976,3.4535798463375067,-27.61535478867778,10.0,23.872676289373818,13.88888888888889,11.16052060737527,1.0,50.0,88.88888888888889,78.09110629067246,74.40347071583514,2026-10-07 19:03:41
2026-10-07,CARTRADE,Consumer Services,2914.7,2962.33,2926.826,2392.7965,2925.3112218556275,2939.176597887105,-13.865376031477354,-2.097361621701271,3130.780762445291,2962.33,2793.8792375547087,52.13043478260866,-8.33988490204095,2.498305785573976,59.51,SELL,72.48476486144646,-0.6556291390728552,2.905926548042957,3.961201593891063,-11.420756723902148,14.0,21.48151853437288,10.1,10.932754880694144,3.0,10.0,91.0,80.26030368763557,72.88503253796095,2026-10-07 19:03:41
2026-10-07,TITAN,Consumer Durables,4377.0,4796.535000000001,4935.98,4412.726500000001,4660.225273475056,4783.476563561153,-123.25129008609748,-76.33917860970621,5167.807595413753,4796.535000000001,4425.2624045862485,24.02502199198516,-12.372372372372377,1.5486871112031606,59.05,SELL,18.226136925649406,33.84168288586131,1.260982091759712,2.416201573158392,-15.61108219098849,10.0,22.446113962224217,12.166666666666666,13.43817787418655,1.0,35.0,86.66666666666666,79.39262472885032,89.587852494577,2026-10-07 19:03:41
2026-10-07,PCBL,Chemicals,326.9,331.6575,325.857,299.52275000000003,329.24031692350087,328.4982579799461,0.7420589435547527,2.375433120992889,349.8679445160932,331.6575,313.44705548390687,57.05035971223018,2.9768467475193017,2.217494522165059,58.97,SELL,22.03572528487836,-14.219997294006228,2.976698508957693,3.179216011886552,-17.030456852791886,26.0,13.212749686163791,10.25,6.507592190889372,3.0,60.0,42.5,43.38394793926248,43.38394793926248,2026-10-07 19:03:41
2026-10-07,SHRIRAMFIN,Financial Services,948.0,993.0525,1054.227,1007.57625,977.9121054838968,1004.5952497135912,-26.68314422969433,-24.629575424912773,1046.9940421885892,993.0525,939.1109578114108,41.82489451476793,-8.582449373191903,1.802745500542664,58.88,SELL,12.176724137931028,41.00914324415847,1.869826510991904,2.50113019891501,-17.82959174828812,10.0,21.97926997609554,13.142553191489364,12.754880694143166,1.0,55.00000000000001,76.42553191489361,81.99566160520607,85.03253796095444,2026-10-07 19:03:41
2026-10-07,GAIL,Oil Gas & Consumable Fuels,170.71,172.2015,173.588,166.22404999999998,171.3365345926184,172.18264782749085,-0.8461132348724334,-0.6602665776489269,175.94444156766525,172.2015,168.45855843233477,50.13648771610556,-3.005681818181816,1.061985067918242,58.54,SELL,21.140142517814752,-5.292479108635096,1.394157304748918,1.9431450161928736,-8.64772301600043,18.0,15.93018166426981,13.11764705882353,8.49240780911063,3.0,70.0,61.17647058823529,52.060737527114966,56.61605206073753,2026-10-07 19:03:41
2026-10-07,LTFOODS,Fast Moving Consumer Goods,418.2,422.215,424.639,400.427,413.9547389646417,419.8577308417029,-5.902991877061197,-4.221804419829551,454.3869901058118,422.215,390.0430098941882,50.27760641579271,-6.849315068493156,1.788525204670023,57.83,SELL,15.878598410837563,6.628311159055511,1.9203131460388905,2.866878458700554,-14.77481149378439,18.0,18.225904353305022,9.461538461538462,9.143167028199567,3.0,20.0,74.61538461538461,61.17136659436009,60.95444685466378,2026-10-07 19:03:41
2026-10-07,GODREJIND,Diversified,1029.0,1090.9150000000002,1175.804,1072.60025,1063.9267140034628,1102.4719068193738,-38.54519281591092,-35.612520039539106,1169.2463414453532,1090.9150000000002,1012.5836585546472,20.74033750680458,-11.27780651836523,1.415491107039946,57.51,SELL,38.0926947955611,6.081327498176514,1.6372360975082163,3.1417464945161733,-28.690228690228693,10.0,21.42590820110528,13.5,11.58351409978308,1.0,85.0,50.0,72.0173535791757,77.22342733188721,2026-10-07 19:03:41
2026-10-07,POLYCAB,Capital Goods,8310.0,8247.9,8738.6,8394.1875,8217.55292571251,8385.111462731636,-167.55853701912565,-189.9335204146658,8525.782140863124,8247.9,7970.017859136874,57.68446799836934,0.5931485292337557,1.219552427995972,57.46,SELL,17.780615864907045,5.799872530274053,1.7533858194707042,1.9326972666322848,-17.934031206794387,10.0,18.482745020705973,14.44581828285635,9.533622559652928,5.0,95.0,49.45818282856349,61.82212581344903,63.55748373101952,2026-10-07 19:03:41
2026-10-07,COHANCE,Healthcare,455.45,448.4375,447.353,415.18975,452.06293112972014,450.45463949448686,1.608291635233286,1.2764639959437891,468.433996403591,448.4375,428.441003596409,60.39741219963032,1.312423534645757,2.1060877984045616,57.19,SELL,51.34239310573419,-41.38263046408627,2.10522223107423,4.083873092545833,-50.378602168110255,22.0,11.425571518582467,13.30232558139535,5.466377440347071,5.0,100.0,33.02325581395349,34.70715835140998,36.44251626898048,2026-10-07 19:03:41
2026-10-07,CRISIL,Financial Services,4509.1,4575.245,4564.462,4333.678,4528.89643715328,4554.994718410303,-26.09828125702279,-11.450890465106632,4758.699230345338,4575.245,4391.790769654662,45.26816021724373,-5.797434504658838,1.4849316050005748,56.8,SELL,26.08307514572284,-3.066271018793265,1.6655117318587214,2.8177938581345026,-10.973563150308973,18.0,17.41388382529063,11.345390070921988,9.045553145336225,1.0,55.00000000000001,58.45390070921986,57.9175704989154,60.30368763557483,2026-10-07 19:03:41
2026-10-07,JSWSTEEL,Metals & Mining,1230.0,1265.74,1285.116,1237.608,1256.2156203625873,1268.7622616477722,-12.546641285184933,-8.995249881096878,1313.9075321964465,1265.74,1217.5724678035538,45.5276857548509,-5.5299539170506895,1.5939802603270616,56.72,SELL,16.884262526464376,9.50413223140496,1.3413214897733483,2.089430894308945,-8.956328645447819,14.0,18.914814511978683,12.722222222222223,10.086767895878523,1.0,65.0,62.22222222222222,64.42516268980476,67.24511930585683,2026-10-07 19:03:41
2026-10-07,TRITURBINE,Capital Goods,531.45,551.0375,576.632,561.8135,542.386265079896,555.0972180085939,-12.710952928697909,-11.749497293794452,579.9366690829434,551.0375,522.1383309170567,45.81655480984345,-6.558241758241746,1.8757690980363408,56.44,SELL,25.93804537521816,9.285376242309496,1.8669897247596448,2.977702511995488,-32.522854240731334,10.0,20.514816435878817,14.8098082800778,10.119305856832971,1.0,95.0,53.098082800778,68.32971800433839,67.46203904555314,2026-10-07 19:03:41
2026-10-07,AUBANK,Financial Services,993.4,1030.04,1057.61,1005.8385,1017.729626813081,1033.31985350776,-15.590226694678904,-14.122385356026005,1080.877797790727,1030.04,979.2022022092729,42.73722627737224,-5.660018993352334,2.21179166945855,56.2,SELL,20.536472186067577,21.25697369919162,1.8143003151794708,2.8437688745721763,-13.171925530985051,10.0,21.559407631149867,12.743971631205676,10.900216919739696,1.0,55.00000000000001,72.43971631205673,73.10195227765726,72.66811279826464,2026-10-07 19:03:41
2026-10-07,CHOLAFIN,Financial Services,1564.7,1718.1550000000002,1806.1,1680.19,1649.852363966543,1715.493281908296,-65.64091794175306,-50.92782179933057,1912.3229303023363,1718.1550000000002,1523.987069697664,22.381083310420703,-15.33924899902608,1.779511402133192,55.91,SELL,31.99827734711456,7.430774623203651,1.7846615513599833,2.9645116818376884,-19.86171574903969,10.0,21.170799043821635,13.165248226950354,10.574837310195226,1.0,55.00000000000001,76.65248226950354,69.41431670281996,70.49891540130152,2026-10-07 19:03:41
2026-10-07,ASTERDM,Healthcare,680.3,741.8900000000001,777.945,708.5135,718.6638927180294,742.0243960029378,-23.36050328490841,-16.531289039825943,806.5248577944325,741.8900000000001,677.2551422055677,31.27306273062726,-14.497580594482509,1.706602667834446,55.82,SELL,17.17118997912317,12.636181192660544,1.6340683335105508,3.5409798198273883,-23.673286211152256,10.0,19.843192519876293,14.697674418604652,10.281995661605206,1.0,100.0,46.9767441860465,67.46203904555314,68.54663774403471,2026-10-07 19:03:41
2026-10-07,PIDILITIND,Chemicals,1488.5,1532.62,1604.754,1499.371,1510.2550227429087,1544.4897889916356,-34.23476624872683,-32.054632903723835,1619.5990198538452,1532.62,1445.6409801461546,39.60916948515595,-5.492063492063492,1.6781403743913954,55.63,SELL,26.20043370508054,9.627287405812693,1.5333104794984576,2.421901242861942,-12.825768667642755,10.0,20.672730158577465,13.25,10.704989154013017,1.0,60.0,72.5,68.54663774403471,71.36659436008676,2026-10-07 19:03:41
2026-10-07,TATACAP,Financial Services,320.55,341.3075,356.731,340.25125,330.7237750843935,341.7478816272054,-11.02410654281192,-8.782280475128054,373.08251956602174,341.3075,309.53248043397826,35.260115606936424,-13.353155831869168,1.8170415871320704,55.23,SELL,21.76948051948053,14.711729622266413,1.592434155700112,2.9380306170198534,,10.0,20.99718629605937,12.429078014184398,10.802603036876356,1.0,55.00000000000001,69.29078014184397,69.84815618221259,72.0173535791757,2026-10-07 19:03:41
2026-10-07,M&MFIN,Financial Services,321.75,342.4325,368.9980000000001,343.65675000000005,332.9228386201318,345.1358930860856,-12.213054465953803,-10.709385276544143,373.2550699089098,342.4325,311.6099300910902,30.11945392491465,-13.589364844903995,1.545809250168912,55.22,SELL,32.85333333333333,18.35603420969274,2.468590451354281,3.242313242313244,-22.46987951807229,6.0,23.258336499752296,13.54113475177305,11.420824295010846,1.0,55.00000000000001,80.41134751773049,75.92190889370933,76.13882863340564,2026-10-07 19:03:41
2026-10-07,UNIONBANK,Financial Services,173.15,175.695,179.7992,174.38554999999997,172.7813583632274,175.99887825733487,-3.217519894107454,-2.4936557679111147,186.30928927635503,175.695,165.08071072364493,42.72962856320186,-6.928617501612544,1.9274643026480096,55.22,SELL,7.523546979094875,31.548622821810014,1.6740429350342474,2.8880821748277685,-15.737992116404698,10.0,20.334191072141447,12.40212765957447,11.48590021691974,1.0,55.00000000000001,69.02127659574468,74.18655097613883,76.57266811279827,2026-10-07 19:03:41
2026-10-07,CUMMINSIND,Capital Goods,4872.2,4961.25,5160.65,5003.0925,4903.332289256803,4992.647472602998,-89.31518334619523,-93.1040473123795,5194.457217546453,4961.25,4728.042782453547,46.03601496725911,-3.13717693836979,1.648362157613525,55.16,SELL,7.166421897281983,14.844213311436526,1.3689448399827369,2.1896825722612845,-20.12786885245902,10.0,18.46009109667117,13.970686301750488,9.728850325379607,3.0,95.0,44.70686301750486,63.99132321041214,64.8590021691974,2026-10-07 19:03:41
2026-10-07,APOLLOHOSP,Healthcare,7917.0,8644.625,8748.92,8032.595,8362.81437650961,8566.618769362496,-203.804392852886,-92.73630291652094,9412.119959695496,8644.625,7877.130040304504,27.70946525593365,-9.623287671232871,1.7724685810162784,55.05,SELL,17.31995117319951,11.039794608472398,1.398580992793795,2.625453364369621,-12.717049776748802,10.0,19.39028719019196,14.511627906976743,10.151843817787418,1.0,100.0,45.11627906976744,66.16052060737528,67.67895878524945,2026-10-07 19:03:41
2026-10-07,GRASIM,Construction Materials,2921.1,3146.21,3215.564,2976.9265,3060.365631766915,3136.285737716345,-75.92010594943031,-48.6294060433754,3382.5052559828578,3146.21,2909.9147440171423,24.805760848967225,-11.54614825581396,1.3496898327760665,55.0,SELL,27.06548347613218,12.594902386117134,1.503687285405177,2.0505973777001825,-14.36486763800534,10.0,21.625407025121326,10.5,11.876355748373102,1.0,5.0,100.0,71.14967462039046,79.17570498915401,2026-10-07 19:03:41
2026-10-07,TMCV,Capital Goods,427.9,435.37,449.21100000000007,431.02875,432.0079562225196,438.4991586644494,-6.491202441929829,-5.686944058347728,455.358928514501,435.37,415.38107148549904,51.783097215437216,-6.907429565974111,1.7543294690544202,54.85,SELL,17.096856631740344,,1.7842849474977225,3.2742963976897146,,10.0,17.04989154013015,14.25409836065574,10.54229934924078,3.0,95.0,47.540983606557376,68.98047722342733,70.28199566160521,2026-10-07 19:03:41
2026-10-07,EICHERMOT,Automobile and Auto Components,6960.0,7363.7,7716.38,7403.4,7187.842694341628,7392.404431767534,-204.5617374259064,-168.03559848934947,7867.414664426104,7363.7,6859.985335573896,22.336065573770483,-9.280500521376434,1.179284306346959,54.64,SELL,15.683747725894492,10.763536071998846,1.1620446143092955,1.7554392446633826,-15.431348724179829,10.0,18.92000904233061,13.720634920634922,10.997830802603035,1.0,80.0,57.2063492063492,65.0759219088937,73.31887201735357,2026-10-07 19:03:41
2026-10-07,RAINBOW,Healthcare,1270.7,1391.15,1446.026,1329.0380000000002,1332.0171592814625,1381.8140733031023,-49.79691402163985,-32.7848689393947,1543.4411270180228,1391.15,1238.8588729819774,18.18491982258614,-13.55194230900062,1.5044793597569226,54.58,SELL,23.70288058808445,4.839177050130394,1.3779977725973218,3.848272605650433,-21.074534161490675,10.0,19.3122538009052,14.04651162790698,10.216919739696312,1.0,100.0,40.46511627906976,64.20824295010846,68.11279826464208,2026-10-07 19:03:41
2026-10-07,SUNPHARMA,Healthcare,1781.0,1840.635,1896.212,1807.53,1822.3833318028403,1849.969039438364,-27.585707635523026,-22.250208319862107,1900.408371117388,1840.635,1780.8616288826129,38.2266969795388,-6.0158311345646425,1.1788687917049847,54.4,SELL,12.061843502891543,11.482916519901366,1.108235001787765,1.8280259886099308,-12.990375690067912,10.0,18.442775995498074,14.186046511627907,10.77006507592191,1.0,100.0,41.86046511627907,63.55748373101952,71.8004338394794,2026-10-07 19:03:41
2026-10-07,PAGEIND,Textiles,37570.0,36423.25,37063.2,36373.425,37030.38402998392,36792.12017573541,238.2638542485074,30.96808920814783,38636.81886164948,36423.25,34209.68113835052,71.6349310571241,4.870900209351015,1.7363951910733593,53.79,SELL,4.460431654676267,-11.34448650628892,1.5514411833782988,2.4525647363017606,-14.331319119826702,22.0,10.810972002443354,13.0,4.978308026030368,3.0,90.0,40.0,33.40563991323211,33.18872017353579,2026-10-07 19:03:41
2026-10-07,POONAWALLA,Financial Services,448.9,452.7275,468.384,441.68425,452.535345541311,457.057036580657,-4.521691039346024,-4.547993839826548,482.7370331344499,452.7275,422.71796686555,55.52198724404162,-2.2323859305237947,3.120472118496219,53.66,SELL,18.445006321112523,-3.0224614429148144,2.27857691300023,3.933424561626833,-21.30084151472651,14.0,16.192188003520734,10.858865248226952,7.613882863340564,5.0,55.00000000000001,53.5886524822695,52.49457700650759,50.75921908893709,2026-10-07 19:03:41
2026-10-07,KIMS,Healthcare,693.95,763.605,778.743,720.5685000000001,740.7024225327343,758.9120975313235,-18.209674998589207,-8.301843330197286,830.8361871553282,763.605,696.3738128446719,30.898581187598552,-9.234190046432534,1.8279655977014555,53.58,SELL,21.94382381104372,4.908354499897016,1.428635760424681,3.953043138142932,-19.12004662004661,10.0,19.01377031518294,14.0,9.566160520607374,1.0,100.0,40.0,63.77440347071583,63.77440347071583,2026-10-07 19:03:41
2026-10-07,HINDALCO,Metals & Mining,910.85,971.565,1003.174,979.69125,952.7050339554736,973.7234519035056,-21.018417948031924,-15.70877514553696,1029.853358501869,971.565,913.2766414981307,30.093337624718373,-9.458250497017897,1.6498619964692125,53.39,SELL,9.008571890667948,17.3738898241133,1.5774638845119977,2.3043624871587727,-22.54676870748299,10.0,19.12992578555247,12.944444444444446,10.314533622559653,1.0,65.0,64.44444444444444,66.5943600867679,68.76355748373102,2026-10-07 19:03:41
2026-10-07,ECLERX,Services,1896.0,1892.815,1887.4,1779.5755,1876.1770916690384,1881.658907909057,-5.481816240018588,-2.539012336474142,1995.7692008549832,1892.815,1789.8607991450165,43.2505175983437,0.3811944091486774,2.2439116767796947,53.35,SELL,26.759345483570574,-19.27223434223625,2.892150515145929,3.388336347197108,-24.08408408408408,22.0,12.5013298959651,11.5,6.344902386117136,1.0,75.0,40.0,41.86550976138829,42.299349240780906,2026-10-07 19:03:41
2026-10-07,THERMAX,Capital Goods,3230.4,3464.7650000000003,3795.536,3778.876,3365.054661962073,3530.923878270228,-165.8692163081546,-160.57599402168,3757.6391010274847,3464.7650000000003,3171.890898972516,28.71039466370202,-10.8117062396466,1.7497034490842684,52.87,SELL,11.017518159067327,11.685600245624794,1.9194023212927,3.123452204061415,-38.79267876766834,10.0,18.36641639932471,14.095165323701028,9.40347071583514,1.0,95.0,45.95165323701029,62.90672451193059,62.68980477223427,2026-10-07 19:03:41
2026-10-07,ZYDUSWELL,Fast Moving Consumer Goods,507.55,527.6925,528.315,487.58025,511.7745323124153,521.4417344714897,-9.66720215907435,-6.282253192373178,574.0150564584038,527.6925,481.3699435415962,35.34282875124215,-8.607184658323586,2.1930410317545017,52.59,SELL,4.387945420634143,8.99958999589996,2.327059276743319,3.646368408460812,-17.046661763504122,18.0,16.386405721678987,9.230769230769232,7.971800433839479,1.0,20.0,72.30769230769232,55.09761388286334,53.14533622559653,2026-10-07 19:03:41
2026-10-07,NSLNISP,Metals & Mining,40.55,42.292,43.03940000000001,42.3449,41.57479678142592,42.31984607148442,-0.7450492900584962,-0.5278200202968126,45.050699922637016,42.292,39.53330007736299,45.76502732240434,-11.597994331807282,1.8435911108246303,52.38,SELL,23.179871520342623,5.96361961777574,2.5150575715243364,3.13898185661441,-24.55813953488373,10.0,19.35562812934381,12.722222222222223,9.3058568329718,1.0,65.0,62.22222222222222,65.29284164859001,62.039045553145336,2026-10-07 19:03:41
2026-10-07,DIXON,Consumer Durables,13024.0,13266.3,13906.86,12108.7975,13143.485246936874,13420.861983245935,-277.376736309061,-258.80114891124845,13936.42712069809,13266.3,12596.172879301908,47.22123893805311,-8.152327221438648,1.7010040833965885,52.33,SELL,42.28617106314949,-8.974686780874453,1.7872287441978651,2.72025272025272,-25.59840045701228,14.0,17.424388320002308,10.433333333333335,9.468546637744035,1.0,35.0,69.33333333333334,63.1236442516269,63.1236442516269,2026-10-07 19:03:41
2026-10-07,DLF,Realty,656.0,658.0375,663.828,627.8979999999999,663.3434419525694,662.9106952829769,0.4327466695924613,0.161490912687308,691.8443643761404,658.0375,624.2306356238596,59.90453460620526,-2.4825330756652386,2.060538265857889,52.27,SELL,28.854875283446702,-12.188526173459536,1.7254334232303885,2.562064459930317,-16.592498410680236,14.0,14.944606105497064,10.681818181818182,7.646420824295011,5.0,45.0,61.81818181818181,50.54229934924079,50.97613882863341,2026-10-07 19:03:41
2026-10-07,HINDCOPPER,Metals & Mining,479.95,495.595,516.1179999999999,527.2585,485.669826600306,497.85068725114417,-12.180860650838156,-11.161954168176845,536.4531873519094,495.595,454.7368126480905,49.25775978407555,-5.725790610881953,2.335693182293334,51.65,SELL,3.635641203933626,49.77031294860752,2.6261877667816047,2.761448365157086,-36.85283862903757,4.0,20.74193284626595,14.166666666666666,11.746203904555314,1.0,65.0,76.66666666666666,83.73101952277658,78.30802603036877,2026-10-07 19:03:41
2026-10-07,CCL,Fast Moving Consumer Goods,1052.3,1059.425,1098.132,1075.33425,1049.5319246342008,1066.019758792112,-16.487834157911266,-19.546235254648067,1116.5662976290969,1059.425,1002.2837023709033,45.51630434782607,-4.10971386914526,1.5861280148444228,51.43,SELL,-0.9580087742859787,29.35742267438461,1.3937708228067978,2.869225234520301,-15.287393334406708,10.0,17.765870973637757,9.307692307692308,11.355748373101951,3.0,20.0,73.07692307692307,69.19739696312365,75.70498915401302,2026-10-07 19:03:41
2026-10-07,OIL,Oil Gas & Consumable Fuels,453.75,472.4225,470.435,461.182,459.86389264100137,467.18275456212535,-7.3188619211239825,-3.6223376013901247,508.13096096110434,472.4225,436.7140390388956,29.5220810647308,-6.827515400410677,1.376877730527432,51.02,SELL,3.4095722151630703,12.31742380678551,1.575414132627328,2.3872491145218424,-14.54802259887006,10.0,16.97812044576766,13.705882352941178,9.338394793926248,1.0,70.0,67.05882352941177,58.35140997830802,62.25596529284165,2026-10-07 19:03:41
2026-10-07,HINDZINC,Metals & Mining,551.0,577.4225,579.182,587.073,568.0652718391132,575.0930647145407,-7.027792875427508,-2.9887955695840995,610.686001018389,577.4225,544.158998981611,42.08253358925147,-6.475430705253327,1.7905931867193503,50.68,SELL,14.247695086018442,25.83752093802345,2.046619246489755,2.4812030075187983,-24.82946793997272,4.0,20.748974320743013,13.833333333333336,11.095444685466376,1.0,65.0,73.33333333333334,73.53579175704989,73.96963123644251,2026-10-07 19:03:41
2026-10-07,360ONE,Financial Services,1063.0,1067.505,1130.106,1105.757,1062.2299939607003,1084.6103447767905,-22.38035081608996,-24.395274214071826,1114.8967814327298,1067.505,1020.11321856727,54.608050847457655,-6.500131937725406,1.7250012397192216,50.61,SELL,22.330410457797623,1.5541264737406246,1.5859049335231294,2.720064507458674,-14.010677883837577,6.0,18.23984300974936,11.999290780141846,9.370932754880693,5.0,55.00000000000001,64.99290780141844,59.869848156182215,62.47288503253796,2026-10-07 19:03:41
2026-10-07,NESTLEIND,Fast Moving Consumer Goods,1324.0,1358.705,1432.05,1362.685,1340.6335374181056,1371.031676896866,-30.398139478760413,-29.12315707780959,1419.3981358296678,1358.705,1298.011864170332,37.78764634638677,-5.293276108726753,1.4787669007780904,50.34,SELL,15.995065789473696,10.20392218142041,1.42838968142448,2.186016400517913,-14.745653573728267,10.0,19.01024957794441,10.076923076923078,10.249457700650758,1.0,20.0,80.76923076923077,64.64208242950107,68.32971800433839,2026-10-07 19:03:41
2026-10-07,HONAUT,Capital Goods,33345.0,34048.5,35879.2,33741.5,33858.15878048158,34483.38559174661,-625.2268112650345,-668.6254869250248,35130.413995998206,34048.5,32966.586004001794,45.02712477396023,-6.242091944327289,1.7039601746496844,50.2,SELL,29.725304711660904,-3.295362082994302,1.692980544023653,2.9411134674292567,-19.64092059284252,6.0,17.932759690444467,14.05515420950264,9.20824295010846,3.0,95.0,45.55154209502639,60.08676789587852,61.3882863340564,2026-10-07 19:03:41
2026-10-07,ASHOKLEY,Capital Goods,149.2,158.56199999999998,166.77939999999998,171.42475000000002,155.2291107973217,159.63273788779566,-4.403627090473947,-3.669048228183861,169.76358748148303,158.56199999999998,147.36041251851694,39.88359201773834,-12.235294117647069,1.840940950841276,50.12,SELL,11.987277185077192,20.053988776017604,1.8465576284088248,2.5445231711987764,-30.739949865379256,4.0,19.77373010567021,14.872603500972492,10.477223427331888,1.0,95.0,53.72603500972493,68.76355748373102,69.84815618221259,2026-10-07 19:03:41
2026-10-07,TEGA,Capital Goods,2123.6,1949.77,1752.7799999999995,1738.0369999999998,2039.6335401128067,1927.495930073464,112.13761003934314,106.51862997481074,2313.5543959501897,1949.77,1585.98560404981,75.23277467411546,32.43529778609291,3.7610105964891742,49.99,SELL,-9.737609329446062,-19.26146143013613,2.887197327097539,5.124384468422894,-3.384895359417661,30.0,4.914343156446749,10.815365379272022,1.2624728850325375,3.0,95.0,13.1536537927202,14.533622559652928,28.41648590021692,2026-10-07 19:03:41
2026-10-07,CLEAN,Chemicals,813.7,819.2850000000001,812.2209999999999,791.7492500000001,810.9687407238365,815.1293774562268,-4.160636732390344,-2.363627366531259,860.808513947276,819.2850000000001,777.7614860527242,48.232323232323246,-3.635717669351013,1.85995001663691,49.9,SELL,20.378635185718387,-17.620689655172416,1.857985115281292,3.150950683825208,-26.56137184115524,22.0,11.755106752408482,9.416666666666668,5.726681127982646,1.0,60.0,34.16666666666667,38.82863340563991,38.17787418655097,2026-10-07 19:03:41
2026-10-07,NAUKRI,Consumer Services,1225.3,1253.5549999999998,1288.288,1146.186,1239.8725445530797,1258.4866642639931,-18.614119710913656,-13.85176816914063,1313.188988012861,1253.5549999999998,1193.9210119871386,44.8472641826116,-5.927063339731287,2.025427436794028,49.66,SELL,32.736598612088905,-4.645618091178383,1.9792133328935189,3.3904233365589764,-13.7051905063737,14.0,17.96401344806191,7.808695652173913,8.882863340563992,1.0,10.0,68.08695652173913,60.52060737527116,59.21908893709328,2026-10-07 19:03:41
2026-10-07,MARICO,Fast Moving Consumer Goods,787.25,806.73,833.252,798.56375,799.4657163372792,810.795402247328,-11.329685910048738,-9.68423367873741,839.3019026479187,806.73,774.1580973520813,40.37815126050421,-2.32630272952854,1.461494301936729,49.51,SELL,8.607021517553793,12.979902979902969,1.2358158633155865,2.171664473982672,-11.4554043414689,10.0,18.49307636440593,10.0,10.021691973969633,1.0,20.0,80.0,62.68980477223427,66.81127982646422,2026-10-07 19:03:41
2026-10-07,HOMEFIRST,Financial Services,1087.9,1163.51,1177.67,1131.715,1128.7748349219205,1155.0088980336957,-26.234063111775185,-17.103497412051233,1274.0802139390437,1163.51,1052.9397860609563,37.45724059293045,-11.818108130015393,2.3391516052285843,49.42,SELL,23.649925918356907,0.0578799404663321,1.7883123720204668,4.431867424789571,-17.439477878120968,10.0,18.088884186021904,11.708510638297874,8.622559652928416,1.0,55.00000000000001,62.08510638297872,59.436008676789584,57.48373101952278,2026-10-07 19:03:41
2026-10-07,IDBI,Financial Services,85.67,83.51849999999999,85.0992,87.35430000000001,84.92280476818155,84.89428687139217,0.0285178967893813,-0.3635797051746637,86.93589990420256,83.51849999999999,80.10110009579742,59.45757997218357,-5.597796143250688,2.9176483695538806,48.59,SELL,29.36054810162716,-7.425944841675191,2.3085222761151822,2.9465223698911167,-27.63135664808244,8.0,16.68509121691493,11.00070921985816,7.906724511930585,5.0,55.00000000000001,55.00709219858156,55.31453362255966,52.7114967462039,2026-10-07 19:03:41
2026-10-07,NATIONALUM,Metals & Mining,321.3,352.5525,368.97,371.7965,343.67224293908146,354.26475609371226,-10.592513154630808,-8.055115943588103,379.9153729447282,352.5525,325.1896270552718,25.9027777777778,-12.189122711123249,1.9703198874385448,48.59,SELL,-8.275101140125042,57.1320564516129,2.4167094617246945,3.1345871682006097,-27.82208244411996,4.0,18.1215231517332,13.16666666666667,12.29934924078091,1.0,65.0,66.66666666666667,83.51409978308027,81.99566160520607,2026-10-07 19:03:41
2026-10-07,POLYMED,Healthcare,1615.0,1691.105,1721.2320000000002,1569.427,1660.6668244364578,1687.4507229555477,-26.78389851908969,-17.366112284635506,1777.9075339188266,1691.105,1604.3024660811734,35.407166123778524,-5.061430838868963,1.6305481679047191,48.51,SELL,24.26100284650756,-13.758168279215845,1.909225884433416,2.9433878814683787,-22.885928472520657,14.0,13.868703435604658,12.837209302325585,6.800433839479392,1.0,100.0,28.37209302325581,45.5531453362256,45.33622559652928,2026-10-07 19:03:41
2026-10-07,INDIGO,Services,4990.0,4931.645,5103.748,4825.058,4958.732394823314,4986.118535872966,-27.386141049652,-47.58599041808549,5095.562109668479,4931.645,4767.727890331522,64.22313408007096,-0.2199560087982388,1.6633838435574806,48.39,SELL,15.40869565217391,-13.065502183406108,1.6427064196610226,2.1646149441740623,-16.415410385259634,14.0,12.336374698789388,11.03846153846154,6.019522776572668,5.0,75.0,35.38461538461539,40.3470715835141,40.130151843817785,2026-10-07 19:03:41
2026-10-07,FIVESTAR,Financial Services,509.35,526.3225,533.049,486.5015,518.050836910393,523.9363738219549,-5.885536911561985,-4.062092074644561,555.6733804673798,526.3225,496.97161953262014,38.19628647214856,-3.202204484986704,2.616210967397474,48.18,SELL,46.53312788906008,-18.623103850641776,2.118915905440264,3.9595282502909854,-23.521021021021017,14.0,14.797196877510087,10.444680851063833,7.939262472885033,1.0,55.00000000000001,49.4468085106383,55.74837310195228,52.92841648590022,2026-10-07 19:03:41
2026-10-07,TECHM,Information Technology,1491.1,1538.255,1587.118,1518.8015,1528.5037268311949,1546.857732771839,-18.35400594064413,-14.474304250422746,1582.4462815883562,1538.255,1494.0637184116435,32.14095034703688,-4.661125319693104,1.3499646486250632,47.89,SELL,10.169023801310797,11.375366159854948,1.3628631181721502,2.4239056497121028,-19.57389428263216,10.0,18.10264969145452,8.891304347826088,9.891540130151844,1.0,15.0,73.91304347826087,62.039045553145336,65.94360086767897,2026-10-07 19:03:41
2026-10-07,ENDURANCE,Automobile and Auto Components,2513.4,2658.155,2799.8060000000005,2594.5615,2613.093151372058,2682.775849388211,-69.68269801615315,-55.924744266695214,2806.1418482776844,2658.155,2510.168151722315,38.105088953247815,-9.04024319629414,1.520249551298524,47.7,SELL,26.421951662729448,-2.4332094523525583,1.584266322070146,3.124964476122269,-18.18359375,6.0,17.877207074180777,13.58095238095238,9.240780911062908,1.0,80.0,55.8095238095238,59.21908893709328,61.60520607375272,2026-10-07 19:03:41
2026-10-07,CREDITACC,Financial Services,1239.6,1333.95,1433.43,1346.86,1285.8245249607346,1339.7877627239118,-53.963237763177176,-48.13310386999362,1478.784053861292,1333.95,1189.115946138708,27.10328760031064,-13.144618834080724,2.041461164134822,47.67,SELL,22.234457055734367,-1.9633152173913149,1.9215716021034903,3.2971465449684225,-24.137086903304784,10.0,17.18999956712247,11.247517730496456,8.232104121475055,1.0,55.00000000000001,57.47517730496454,56.399132321041215,54.88069414316704,2026-10-07 19:03:41
2026-10-07,PNB,Financial Services,114.59,115.1655,115.253,114.3124,113.81672456565492,114.59472929212652,-0.7780047264716075,-0.3390782608804012,120.08903093237974,115.1655,110.24196906762025,44.83403459560544,-0.8737024221453171,1.5795660936966511,47.47,SELL,9.859154929577477,-2.57307019735199,1.4291628172078812,2.445364217770188,-15.212726600073989,14.0,14.763980741759696,10.414893617021278,7.288503253796095,1.0,55.00000000000001,49.14893617021277,48.15618221258134,48.590021691973966,2026-10-07 19:03:41
2026-10-07,UNOMINDA,Automobile and Auto Components,1104.8,1189.395,1224.142,1164.0635,1157.2105351006817,1187.9475054231357,-30.736970322454,-18.441594007243737,1290.569814319732,1189.395,1088.220185680268,37.83702816057521,-11.02520737698317,2.5836488460633587,47.27,SELL,19.20068676077833,2.199869152764156,1.8909670799599607,3.5966432191993407,-20.05788712011578,6.0,18.03679458999283,13.933333333333335,8.297180043383948,1.0,80.0,59.333333333333336,58.78524945770065,55.31453362255966,2026-10-07 19:03:41
2026-10-07,PRESTIGE,Realty,1429.3,1472.725,1552.418,1483.4654999999998,1465.1646696053945,1494.764481043315,-29.599811437920607,-31.36933571844548,1555.4097882655935,1472.725,1390.0402117344065,50.8156355801785,-7.787096774193547,2.2855148689812763,47.05,SELL,34.12778904665315,-9.5881045975047,2.135126397671621,3.0339526841310955,-20.82317748725904,6.0,16.41789034731207,11.590909090909092,8.036876355748372,5.0,45.0,70.9090909090909,56.83297180043384,53.579175704989154,2026-10-07 19:03:41
2026-10-07,BIOCON,Healthcare,360.0,381.5975,402.9789999999999,394.64200000000005,375.1802487733561,385.3738759523114,-10.193627178955351,-8.97847071279483,402.50741895073327,381.5975,360.6875810492668,39.80169971671391,-8.022483392948388,1.4463015751217965,46.51,SELL,11.943661971830988,5.523101433882083,1.4969919574046389,2.4781746031746006,-19.490103991949,6.0,17.127434334883674,13.30232558139535,9.078091106290673,1.0,100.0,33.02325581395349,57.04989154013015,60.52060737527116,2026-10-07 19:03:41
2026-10-07,PERSISTENT,Information Technology,5507.0,5410.475,5511.148,5364.726500000001,5417.456803094999,5436.216113639954,-18.75931054495504,-36.876926833176846,5629.540112886993,5410.475,5191.409887113008,53.14553990610329,-0.5956678700360984,1.644162005632225,46.49,SELL,6.283195841338007,-5.345790630189374,1.7602369830858184,2.573996731432722,-16.54796181239582,14.0,13.15708163589228,8.021739130434781,6.31236442516269,5.0,15.0,65.21739130434781,42.299349240780906,42.0824295010846,2026-10-07 19:03:41
2026-10-07,BAJFINANCE,Financial Services,963.85,1002.8875,1054.175,976.181,982.2002681620536,1007.8683607864336,-25.668092624379938,-22.266176393921143,1069.2062190768902,1002.8875,936.56878092311,41.66502656957292,-9.070754716981131,2.016655085564075,46.25,SELL,24.640065816536392,0.7792454623206435,2.027195104043243,2.971342606659307,-18.06783407004421,6.0,18.47065330838676,11.926950354609932,8.850325379609544,1.0,55.00000000000001,64.2695035460993,60.95444685466378,59.00216919739696,2026-10-07 19:03:41
2026-10-07,JUBLINGREA,Chemicals,642.55,643.75,688.45,667.92925,643.4750935098724,655.5122840453784,-12.037190535505944,-14.927030192592447,676.0045794382274,643.75,611.4954205617726,53.86297376093292,-4.856740949137494,1.9200518206678543,45.78,SELL,14.490070683271616,-2.4659498207885377,1.8360315435941328,3.706771012817236,-19.176100628930826,6.0,15.572653683547289,11.5,7.711496746203903,5.0,60.0,55.0,50.75921908893709,51.40997830802603,2026-10-07 19:03:41
2026-10-07,DEVYANI,Consumer Services,128.98,135.458,135.59779999999998,122.8718,132.43013294409303,134.52154198822296,-2.091409044129932,-0.8231589531486783,145.37639036177214,135.458,125.53960963822784,36.82951827810044,-7.0749279538905085,1.587070044591716,45.65,SELL,39.30786157231445,-16.99642431466032,2.3915129725060025,3.5005427198015178,-25.33287020956352,14.0,14.729494831923272,8.078260869565218,7.841648590021692,1.0,10.0,70.78260869565219,52.27765726681128,52.27765726681128,2026-10-07 19:03:41
2026-10-07,JSWENERGY,Power,485.45,509.3225000000001,533.161,523.4555,499.7529385277608,512.397070843373,-12.644132315612184,-11.2069843807024,539.9313132303224,509.3225000000001,478.7136867696776,40.5590975968612,-8.405660377358492,1.6731162047061727,45.6,SELL,8.68733642037447,0.3158970547245232,1.572513381452899,2.510189367744213,-21.365513890013776,10.0,15.631611603041684,11.294117647058824,7.678958785249457,1.0,40.0,72.94117647058823,50.32537960954448,51.19305856832972,2026-10-07 19:03:41
2026-10-07,DEEPAKNTR,Chemicals,1553.9,1580.1699999999998,1671.9,1632.7095000000002,1558.6763203610783,1600.4526720631573,-41.77635170207873,-40.55025279774772,1672.1653110933416,1580.1699999999998,1488.174688906658,43.92833443928335,-5.3711710614457004,1.7961272194696751,45.59,SELL,23.37175792507205,-1.5862068965517229,1.7534736773409003,2.5309589695972363,-18.12529638020971,6.0,17.452034764875354,12.416666666666666,8.720173535791757,1.0,60.0,64.16666666666666,57.48373101952278,58.13449023861171,2026-10-07 19:03:41
2026-10-07,AXISBANK,Financial Services,1242.5,1232.9450000000002,1241.424,1284.095,1231.110215633861,1236.5644051514937,-5.454189517632813,-7.432294334775485,1267.7880148553395,1232.9450000000002,1198.1019851446606,50.3763171098846,-1.8562401263823023,1.6082993903166125,45.53,SELL,2.224363607162938,2.7773292426933605,1.502990277263561,2.1425697039379124,-12.395120919410562,8.0,14.578218564674309,10.60070921985816,7.353579175704989,5.0,55.00000000000001,51.00709219858156,48.590021691973966,49.0238611713666,2026-10-07 19:03:41
2026-10-07,SCHAEFFLER,Automobile and Auto Components,3797.0,3960.565,4013.92,4001.293,3910.183935553727,3959.153323074666,-48.96938752093865,-27.245875672953808,4166.418481619176,3960.565,3754.711518380824,43.6495076654618,-5.065506550655064,1.7015748069497814,45.52,SELL,4.591958125148721,0.6845654663443224,1.2746721186046657,2.7516084126566085,-15.012198670456833,10.0,14.734429635757603,12.59047619047619,7.190889370932755,1.0,80.0,45.9047619047619,47.722342733188725,47.93926247288504,2026-10-07 19:03:41
2026-10-07,PGEL,Consumer Durables,522.0,520.3225,566.821,552.943,512.8782132898393,529.7772043683856,-16.89899107854626,-19.019485409125643,559.9550022783455,520.3225,480.6899977216544,49.29577464788731,-6.710749709588059,2.6435050617539604,45.3,SELL,24.499059005867373,-2.004182642035557,2.1116242002424594,3.225232621784348,-18.99441340782123,6.0,17.52666285093141,10.7,8.069414316702819,3.0,35.0,72.0,58.13449023861171,53.79609544468546,2026-10-07 19:03:41
2026-10-07,SUMICHEM,Chemicals,421.95,449.54,496.119,456.433,435.3840033403793,457.6607839757636,-22.276780635384284,-20.644200567142747,494.1801471418047,449.54,404.8998528581952,30.82437275985663,-13.517114162738263,1.7529106721129788,45.02,SELL,25.006333924499625,-3.017199017199024,1.885602590440958,3.348399437983511,-26.23896512542609,6.0,17.351405168557697,12.083333333333336,8.59002169197397,1.0,60.0,60.83333333333334,57.26681127982647,57.26681127982647,2026-10-07 19:03:41
2026-10-07,ASIANPAINT,Consumer Durables,2372.1,2432.665,2576.776,2557.0275,2415.7783730245305,2465.330383743286,-49.55201071875536,-52.482056076360806,2506.8509761183414,2432.665,2358.4790238816586,44.09030544488712,-5.150145947458917,1.4058609417431185,44.96,SELL,15.702971203589255,0.1505845056469335,1.2098069949904675,1.965708504218687,-20.55129450380145,6.0,16.71100615167067,10.433333333333335,8.817787418655097,3.0,35.0,69.33333333333334,53.36225596529284,58.78524945770065,2026-10-07 19:03:41
2026-10-07,HYUNDAI,Automobile and Auto Components,1945.0,2105.025,2155.266,2058.6355,2046.726526024887,2095.3003345416587,-48.57380851677158,-30.234684211865403,2264.168124923854,2105.025,1945.881875076146,30.00000000000003,-11.990950226244346,1.797874654374508,44.86,SELL,30.3653777935438,-8.646476364088318,1.7890194329569715,3.2809401395519675,-27.62790697674419,6.0,16.480340145543042,13.177777777777775,8.199566160520606,1.0,80.0,51.77777777777778,54.88069414316704,54.66377440347071,2026-10-07 19:03:41
2026-10-07,UNITDSPR,Fast Moving Consumer Goods,1344.0,1389.145,1466.17,1373.116,1376.745877250126,1405.7228651159166,-28.976987865790534,-25.89675461388841,1450.3771372449078,1389.145,1327.9128627550922,41.08891500195849,-6.666666666666665,1.6205668774259916,44.84,SELL,19.04068591765753,5.528466943926591,1.3516452286842362,2.328337585034016,-14.03351669438404,6.0,18.70313740013756,9.538461538461538,9.59869848156182,1.0,20.0,75.38461538461539,62.25596529284165,63.99132321041214,2026-10-07 19:03:41
2026-10-07,ATUL,Chemicals,5999.5,6089.5,6417.52,6423.83,6016.890540891879,6145.269242645447,-128.37870175356784,-128.52830289537064,6363.642490801977,6089.5,5815.357509198023,45.029239766081865,-4.958415841584163,1.3153906792521903,44.59,SELL,3.854285249634093,9.819432502149606,1.5438493063219796,2.1144619194456684,-16.441504178272982,4.0,16.50960266652558,12.166666666666668,8.915401301518438,3.0,60.0,61.66666666666667,55.53145336225597,59.436008676789584,2026-10-07 19:03:41
2026-10-07,NH,Healthcare,1723.2,1843.065,1874.5340000000003,1851.716,1791.04424809672,1833.389849115901,-42.34560101918101,-25.388163109326065,1982.553815246771,1843.065,1703.5761847532292,32.16666666666667,-9.86504864525578,1.5944342085991503,44.57,SELL,10.23785515155109,3.543372889854579,1.6682809160507042,3.0184706194455515,-17.680217837863665,6.0,16.612050348466408,12.790697674418604,8.16702819956616,1.0,100.0,27.906976744186046,53.14533622559653,54.4468546637744,2026-10-07 19:03:41
2026-10-07,GRAVITA,Metals & Mining,1496.0,1556.84,1670.826,1651.5165,1502.706789386467,1572.5525937124298,-69.84580432596272,-67.51741017019451,1743.6581034843084,1556.84,1370.0218965156914,29.18172855734474,-10.787763134355066,1.7359321905100935,44.24,SELL,20.29247810034025,-0.7644529383659893,1.927366402808527,3.2147631779984733,-21.82274247491637,6.0,17.19692560759171,11.611111111111112,8.427331887201735,1.0,65.0,51.11111111111112,56.182212581344906,56.182212581344906,2026-10-07 19:03:41
2026-10-07,NMDC,Metals & Mining,72.8,79.3765,82.9002,83.87010000000001,76.78702636072323,79.5003918391301,-2.713365478406871,-2.0549301905854294,86.78011867424792,79.3765,71.97288132575207,25.67917205692109,-13.178294573643411,1.5243425028505424,43.56,SELL,4.054054054054057,11.608907629463694,1.391387128739999,2.5804552590266887,-25.32567442814647,4.0,16.894834809125054,12.38888888888889,9.273318872017354,1.0,65.0,58.888888888888886,57.70065075921909,61.82212581344903,2026-10-07 19:03:41
2026-10-07,TATACOMM,Telecommunication,1659.6,1715.0400000000002,1720.92,1703.5540000000003,1684.1508727187083,1704.149981452584,-19.9991087338758,-15.986993748998293,1818.033498006332,1715.0400000000002,1612.0465019936687,18.5218566922036,-4.538395168248499,1.2972673772406371,43.02,SELL,25.19426819704853,-8.240150485944199,1.4399187237677178,2.873756154667218,-21.34597156398105,6.0,15.807013577925172,12.111111111111112,8.101952277657265,1.0,50.0,71.11111111111111,51.84381778741866,54.01301518438177,2026-10-07 19:03:41
2026-10-07,ATGL,Oil Gas & Consumable Fuels,581.9,603.045,628.3969999999999,613.10925,595.9327445552323,608.510669221579,-12.57792466634669,-11.245159052936756,646.1859428196516,603.045,559.9040571803483,48.68421052631578,-3.611065098558897,3.2791519203765827,42.98,SELL,16.983475021492023,-4.1180615360526085,2.120263555443178,3.559767264871236,-32.32540559399896,10.0,15.42864975879102,13.235294117647062,3.321041214750542,1.0,70.0,62.352941176470594,50.97613882863341,48.80694143167028,2026-10-07 19:03:41
2026-10-07,SUPREMEIND,Capital Goods,3550.0,3456.7,3502.36,3573.6955000000003,3470.6757605195166,3477.833845457675,-7.158084938158481,-13.831277081066531,3625.679961440421,3456.7,3287.72003855958,62.93728006623888,-1.3340744858254538,2.4791756297234206,42.6,SELL,-5.370077882468271,-8.775890583571789,1.8992068129320128,3.068812877263581,-17.324576725121677,12.0,9.032191658930984,11.687829952764655,4.880694143167028,5.0,95.0,21.87829952764657,29.067245119305856,32.53796095444685,2026-10-07 19:03:41
2026-10-07,DELHIVERY,Services,398.15,423.9675,447.281,444.23975,413.4259414950734,427.14057414266745,-13.714632647594044,-11.946269424913154,457.7195880445755,423.9675,390.2154119554245,37.33261917514727,-12.26311150286471,1.8022551821875648,42.49,SELL,5.047029135122738,-3.660845781611621,1.6601808189311913,2.7672628765181835,-24.01717557251909,10.0,13.427774384231714,11.653846153846157,6.40997830802603,1.0,75.0,41.53846153846154,42.73318872017354,42.73318872017354,2026-10-07 19:03:41
2026-10-07,YESBANK,Financial Services,20.79,22.1945,22.4672,21.829300000000003,21.48789686100917,22.00488596445928,-0.5169891034501113,-0.322313093524343,24.262282692440667,22.1945,20.12671730755933,23.20328542094451,-7.27029438001785,2.253650932976002,42.43,SELL,23.96694214876034,1.2145748987854257,1.5982027087965551,2.6283240568954827,-19.35608999224205,6.0,18.460235389180948,12.017730496453902,4.947939262472884,1.0,55.00000000000001,65.177304964539,60.73752711496746,59.65292841648589,2026-10-07 19:03:41
2026-10-07,PREMIERENE,Capital Goods,910.0,915.12,979.658,931.41475,903.172607971544,930.1409143765056,-26.968306404961595,-30.57250626750749,987.4284576839324,915.12,842.811542316068,52.99564270152505,-8.080808080808078,2.003818693255301,41.7,SELL,8.2131864571521,-8.892525913802507,1.8989931090994767,3.057299843014128,-19.753086419753085,6.0,12.402258658753023,12.307446512920258,5.9869848156182215,5.0,95.0,28.07446512920256,39.69631236442516,39.91323210412148,2026-10-07 19:03:41
2026-10-07,OLAELEC,Automobile and Auto Components,36.32,37.8485,38.4092,35.9319,37.38161448774741,37.88945764574908,-0.5078431580016698,-0.2660756621146697,41.22595014377431,37.8485,34.47104985622569,46.76511954992967,-4.320337197049529,3.73838570818971,41.15,SELL,30.86673518328196,-25.06865437426441,3.0641858808020928,5.282410320956578,-38.07331628303496,14.0,11.767342757237474,11.231746031746033,3.149674620390454,1.0,80.0,32.31746031746032,37.74403470715836,40.99783080260303,2026-10-07 19:03:41
2026-10-07,BALKRISIND,Automobile and Auto Components,2006.6,2156.8450000000003,2283.752,2275.7155,2117.517951138196,2176.327739305272,-58.80978816707602,-46.19015029665395,2288.3456099645764,2156.8450000000003,2025.344390035424,37.325905292479085,-12.26443968344192,1.7132660376266804,41.08,SELL,7.353977726610594,-1.8052093183185791,2.328973676845785,2.7651606840284217,-27.69009009009009,6.0,14.574813261443598,12.64126984126984,6.865509761388286,1.0,80.0,46.41269841269841,46.420824295010846,45.77006507592191,2026-10-07 19:03:41
2026-10-07,JINDALSTEL,Metals & Mining,1061.0,1125.245,1125.8239999999998,1137.2145,1112.7378476269826,1122.9853390329429,-10.247491405960318,-1.1662528355117,1181.4113872136184,1125.245,1069.0786127863814,40.79754601226995,-7.570345848941551,1.5893249318037448,40.6,SELL,2.733686067019403,8.85815735376565,1.485372135645146,3.0193887168439493,-18.7720104118818,4.0,15.956038882021632,11.27777777777778,8.36225596529284,1.0,65.0,47.77777777777778,53.579175704989154,55.74837310195228,2026-10-07 19:03:41
2026-10-07,CHOICEIN,Financial Services,723.7,745.905,778.8790000000001,743.049,737.4517310882359,751.1605527686042,-13.708821680368374,-12.063023421288346,780.7792236283998,745.905,711.0307763716002,49.327817993795264,-4.2281479520942185,1.7679929134947636,40.31,SELL,18.740734961379424,-6.614714364606977,1.296416461843483,3.259539272389901,-15.897733875653683,6.0,15.126732111336098,10.434751773049648,7.744034707158352,1.0,55.00000000000001,49.34751773049645,49.67462039045553,51.62689804772235,2026-10-07 19:03:41
2026-10-07,NAVA,Power,570.45,554.7325,561.738,585.441,558.9181285905355,558.5844858998483,0.3336426906871566,-2.523850908705406,571.9022799084657,554.7325,537.5627200915342,61.87667560321724,2.552808988764044,1.572408339573486,40.3,SELL,-0.6120819657588816,-9.56493663733957,1.6357650382099609,2.6557980541677595,-22.84960779010007,12.0,9.820057620808903,8.823529411764707,4.6529284164859,5.0,40.0,48.23529411764706,31.670281995661604,31.019522776572668,2026-10-07 19:03:41
2026-10-07,CAMS,Financial Services,694.6,702.0699999999999,743.3379999999999,738.8580000000001,694.3527855464157,710.5302136588996,-16.17742811248388,-16.937131403419592,736.3381131512555,702.0699999999999,667.8018868487444,45.62647754137115,-5.689069925322466,1.5333238213218323,40.27,SELL,12.079030085316568,-5.385256880038414,1.5292792958809982,2.3415326395458824,-17.789087465972298,6.0,14.1184737700266,10.190780141843971,6.963123644251627,3.0,55.00000000000001,46.90780141843972,45.77006507592191,46.420824295010846,2026-10-07 19:03:41
2026-10-07,INDUSTOWER,Telecommunication,385.05,377.45,379.38,413.15275,378.7624503851072,378.585953213886,0.1764971712211718,-1.2389654442381712,391.2928016635017,377.45,363.60719833649824,56.05381165919281,2.284499933590123,1.861054337907728,40.21,SELL,-11.445358401880137,2.321792260692468,1.7305959389061776,2.580369896302894,-20.03115264797507,8.0,11.504903540457212,10.111111111111112,5.596529284164858,5.0,50.0,51.11111111111112,36.65943600867679,37.310195227765725,2026-10-07 19:03:41
2026-10-07,DRREDDY,Healthcare,1203.8,1189.915,1179.172,1246.0325,1205.3015411242664,1195.0480620379365,10.25347908632989,8.738949591650949,1254.6510397468307,1189.915,1125.1789602531692,66.6492693110647,5.20887956650935,1.3823180615605222,39.94,SELL,-5.485301363113804,-4.258858758941941,1.2648454289134108,2.2666318562646843,-14.919782316771514,8.0,10.442968385511106,11.813953488372093,4.685466377440346,5.0,100.0,18.13953488372093,34.05639913232104,31.23644251626898,2026-10-07 19:03:41
2026-10-07,BAJAJFINSV,Financial Services,1743.3,1819.07,1933.006,1882.323,1776.3671369012895,1833.0205599799424,-56.65342307865285,-52.6930740407283,1965.2351711700044,1819.07,1672.904828829996,30.838445807770967,-10.074280408542249,1.398423416586995,39.82,SELL,17.801829815224536,-6.838172704057499,1.5470650172516127,1.920003933426752,-20.578587699316632,6.0,14.956668959314324,10.282978723404256,7.581344902386117,1.0,55.00000000000001,47.82978723404256,49.0238611713666,50.54229934924079,2026-10-07 19:03:41
2026-10-07,BAJAJHLDNG,Financial Services,10662.0,10966.0,11178.7,10674.875,10821.989033738277,10961.665565555684,-139.67653181740934,-93.89510094163386,11471.504021536237,10966.0,10460.495978463763,44.49013157894738,-2.683461117196062,1.7147935936248997,38.96,SELL,22.24290877231409,-10.316567571910651,1.5190709840347063,2.6422274030602675,-19.53207547169812,6.0,14.382327053402657,10.156737588652485,7.418655097613882,1.0,55.00000000000001,46.56737588652482,48.80694143167028,49.457700650759215,2026-10-07 19:03:41
2026-10-07,CIPLA,Healthcare,1327.2,1368.7,1410.9920000000002,1378.1285,1358.3438422672366,1376.4872799150603,-18.14343764782393,-14.28910241174276,1412.6331070462545,1368.7,1324.7668929537458,39.49522510231926,-4.860215053763439,0.974529534666037,38.92,SELL,15.330169039886732,-10.070774625024349,0.981347295109652,2.1236975802979425,-20.669456066945603,6.0,13.122451433546084,12.325581395348838,6.475054229934924,1.0,100.0,23.25581395348837,43.16702819956616,43.16702819956616,2026-10-07 19:03:41
2026-10-07,JBMA,Automobile and Auto Components,547.0,584.4075,619.202,615.7832500000001,567.3071765488899,588.4919015043837,-21.184724955493834,-18.18711535735215,633.7106148263441,584.4075,535.1043851736559,30.32473734479464,-10.853976531942632,1.5772430570555112,38.89,SELL,11.564868479714674,-8.128350099126225,1.7431038333543654,2.787934186471665,-25.93094109681787,6.0,13.26991837853697,12.23809523809524,6.377440347071583,1.0,80.0,42.38095238095238,42.51626898047722,42.51626898047722,2026-10-07 19:03:41
2026-10-07,LUPIN,Healthcare,2012.9,2072.525,2185.104,2255.8045,2052.012721930179,2095.764643595349,-43.7519216651699,-43.140883090079456,2146.312229675334,2072.525,1998.7377703246664,44.28622285510859,-4.375296912114013,1.1196137801000403,38.71,SELL,-7.452081231632968,8.438688457189848,1.1856625906234846,1.884274997693447,-20.4230084997035,4.0,13.221118651730787,12.976744186046512,7.516268980477223,1.0,100.0,29.767441860465112,46.85466377440347,50.10845986984816,2026-10-07 19:03:41
2026-10-07,CONCOR,Services,439.75,471.8575,498.049,491.73975,455.4103472852564,472.3066475734101,-16.896300288153668,-14.035653603564803,521.6173154823845,471.8575,422.09768451761545,25.94409024031393,-12.730700535820594,1.8091496370664464,38.63,SELL,12.776112776112768,-7.569141193595341,2.085700705278162,2.8644522049866,-21.050269299820467,6.0,13.715897667752063,11.346153846153848,6.572668112798264,1.0,75.0,38.46153846153847,44.03470715835141,43.81778741865509,2026-10-07 19:03:41
2026-10-07,SBIN,Financial Services,954.0,980.3925,1020.645,1040.99775,969.0502727376312,987.7226870490316,-18.672414311400416,-17.37270160278341,1017.9988023133678,980.3925,942.786197686632,29.29125138427466,-5.159558604235015,1.1685220548037103,38.45,SELL,-1.6122004357298492,8.7493979772034,1.1929536538156191,1.6131326744534298,-22.73426743338464,4.0,14.588578766876209,10.593617021276598,8.264642082429502,1.0,55.00000000000001,50.93617021276596,51.40997830802603,55.09761388286334,2026-10-07 19:03:41
2026-10-07,HBLENGINE,Capital Goods,762.45,758.3399999999999,719.839,758.1027499999999,768.1386300311995,750.4799579714055,17.658672059793957,19.23326675116678,817.1016290842149,758.3399999999999,699.578370915785,63.28735632183911,8.317942889615004,2.5439593030876577,38.36,SELL,2.913985651948825,-30.61580653203689,2.238477084674842,3.977309987540166,-32.04545454545455,16.0,5.445483884931535,10.890386218394,3.026030368763557,3.0,95.0,13.903862183939983,11.93058568329718,20.17353579175705,2026-10-07 19:03:41
2026-10-07,GALLANTT,Capital Goods,514.55,540.65,568.394,618.19925,534.3303863874443,547.1362425099111,-12.80585612246682,-12.026783885692051,565.0994322396947,540.65,516.2005677603053,44.5663531870428,-10.114420473403808,1.4976210644482837,38.19,SELL,1.6648955012398048,9.814425100440015,2.332883394097798,3.746685730943824,-45.72257383966245,0.0,15.844962507996208,13.337732703528758,8.004338394793926,1.0,95.0,38.37732703528758,54.01301518438177,53.36225596529284,2026-10-07 19:03:41
2026-10-07,ARE&M,Automobile and Auto Components,733.25,786.705,862.9839999999999,850.1005,766.8184049597335,801.2993956303817,-34.480990670648225,-31.62965629410099,847.663777270526,786.705,725.7462227294741,23.28139321723189,-13.013820511299611,1.0494366452532269,38.04,SELL,20.136234100229377,-14.978601997146937,1.7119186338369552,2.3705615897910493,-28.32355816226784,6.0,12.700828719981146,12.15873015873016,6.182212581344902,1.0,80.0,41.58730158730159,41.43167028199567,41.21475054229935,2026-10-07 19:03:41
2026-10-07,GRSE,Capital Goods,2102.0,2310.85,2476.62,2535.393,2219.809273138736,2327.9563579224605,-108.1470847837245,-88.95999145827842,2572.629067153971,2310.85,2049.070932846029,29.39123691353241,-16.14138673900901,1.6618345391682696,37.99,SELL,12.11329940252268,-0.7600094021781745,1.4960885853640007,2.926804403969012,-37.04702006588799,0.0,15.701045158745808,13.412753542650735,7.874186550976138,1.0,95.0,39.12753542650736,51.19305856832972,52.49457700650759,2026-10-07 19:03:41
2026-10-07,HEROMOTOCO,Automobile and Auto Components,5004.0,5254.1,5444.878,5331.401,5196.410645214514,5280.5618230753535,-84.1511778608392,-56.70140586629077,5482.250827305051,5254.1,5025.94917269495,38.14168377823409,-5.047438330170772,1.528530126247963,37.95,SELL,3.850298814539044,-3.898458748866729,1.6746950775869136,2.4601747173689623,-21.67175393284808,6.0,12.931465867606814,11.742857142857144,6.279826464208243,1.0,80.0,37.42857142857143,42.0824295010846,41.86550976138829,2026-10-07 19:03:41
2026-10-07,ELECON,Capital Goods,441.25,437.73,433.644,455.09899999999993,447.0406446808152,441.7697313329924,5.270913347822784,4.745570684047125,484.7066616187432,437.73,390.75333838125687,60.74144486692014,3.4098898523552856,3.2991297079808497,37.94,SELL,10.763534218590395,-23.74296765119549,2.549163226821029,4.573856738162686,-29.51277955271565,8.0,8.602026828787318,11.487218671853292,4.8481561822125805,5.0,95.0,19.872186718532927,23.644251626898047,32.32104121475054,2026-10-07 19:03:41
2026-10-07,BERGEPAINT,Consumer Durables,463.9,457.4525,495.078,488.70625,459.873836611224,468.4948892149289,-8.621052603704925,-12.287067816986887,475.3667247213948,457.4525,439.5382752786053,58.18181818181817,-4.251805985552116,1.671155625490534,37.82,SELL,12.598607888631095,-10.913262964662684,1.626765186558115,2.512856834909001,-21.974602640652595,6.0,12.532439361072766,8.166666666666666,6.117136659436008,5.0,35.0,46.66666666666666,40.99783080260303,40.780911062906725,2026-10-07 19:03:41
2026-10-07,GODREJPROP,Realty,1580.2,1693.575,1902.79,1828.687,1649.913013089139,1738.873319399379,-88.96030631023996,-87.4699403102791,1875.0286608962224,1693.575,1512.1213391037777,33.37241109808518,-17.79211320362085,2.108227645169456,37.55,SELL,25.07099135483057,-13.784853625647052,1.9301557742217843,2.46080966242971,-32.81462585034013,6.0,13.94506303177802,9.772727272727272,6.83297180043384,1.0,45.0,52.72727272727272,45.98698481561822,45.5531453362256,2026-10-07 19:03:41
2026-10-07,LICHSGFIN,Financial Services,515.4,546.1125,530.474,533.0355000000001,531.2634558673537,537.1267196867883,-5.8632638194345645,1.4076397499742976,590.8636584678067,546.1125,501.3613415321932,38.77135882831569,-6.630434782608696,2.083267953667115,37.51,SELL,8.598203072166942,-1.472521693399964,1.7199243694994333,3.2540606463772943,-13.841524573721175,4.0,14.914939565487154,10.50567375886525,7.0932754880694135,1.0,55.00000000000001,50.05673758865248,48.37310195227766,47.288503253796094,2026-10-07 19:03:41
2026-10-07,ASTRAL,Capital Goods,1427.7,1402.75,1458.566,1502.3870000000002,1394.1398245113933,1416.549354634499,-22.409530123105696,-26.198372929065496,1480.6893961593523,1402.75,1324.8106038406477,58.62595419847329,-4.705646776131356,1.6712505267352036,37.46,SELL,-1.9634883110060344,1.9113932691651403,1.7793239958642868,2.358938952761186,-19.27969695256403,0.0,13.21944485861739,12.698110586273964,6.540130151843818,5.0,95.0,31.981105862739646,43.60086767895879,43.60086767895879,2026-10-07 19:03:41
2026-10-07,LINDEINDIA,Chemicals,6094.0,6208.15,6500.25,6722.435,6187.1347361508615,6282.99485376035,-95.86011760948897,-104.49931610213488,6404.168017431832,6208.15,6012.131982568168,50.2162421912542,-4.370341310317771,1.446676685719526,37.29,SELL,-11.03322585167531,4.72811288060071,1.3287073011470596,2.776735899479582,-24.28873151944341,4.0,12.03589997643222,10.333333333333334,5.921908893709326,5.0,60.0,43.33333333333333,40.563991323210416,39.479392624728845,2026-10-07 19:03:41
2026-10-07,POLICYBZR,Financial Services,1040.0,1473.96,1629.7,1614.485,1220.8010670352928,1425.6807224316422,-204.8796553963493,-144.74621510962257,2219.2576724984315,1473.96,728.6623275015687,17.239657038208605,-41.96428571428571,8.691908344927295,37.19,SELL,24.89795918367348,-0.4608294930875556,5.31129612940921,11.700549450549454,-47.05223500661847,6.0,18.25721582792637,11.769503546099294,0.1583514099783087,1.0,55.00000000000001,62.69503546099291,59.65292841648589,47.722342733188725,2026-10-07 19:03:41
2026-10-07,GMRAIRPORT,Services,91.19,95.81,99.311,99.72545,94.43349646750885,96.2178914014795,-1.7843949339706595,-1.4823694025468497,101.09494584944692,95.81,90.52505415055307,46.98623635500713,-4.951011048572029,2.134312108814508,37.11,SELL,6.853070175438591,3.154440563141736,1.628129606926776,2.698447511475257,-21.14320304392944,0.0,15.90749888173305,12.423076923076923,7.776572668112799,1.0,75.0,49.230769230769226,51.62689804772235,51.84381778741866,2026-10-07 19:03:41
2026-10-07,ALKEM,Healthcare,5350.5,5252.65,5375.81,5481.18,5267.3347996392,5287.4069635711485,-20.07216393194813,-31.21059776002097,5462.530442156959,5252.65,5042.76955784304,57.57444971946482,2.060085836909864,1.556126128600327,36.7,SELL,-0.8879977083930068,-6.063348416289593,1.28723474881167,2.5464909821512007,-9.82556669756468,4.0,10.873364083670417,11.72093023255814,5.108459869848156,5.0,100.0,17.209302325581397,35.57483731019523,34.05639913232104,2026-10-07 19:03:41
2026-10-07,MMTC,Services,56.2,59.1615,61.7176,63.14795,57.66896724330434,59.40061075169583,-1.7316435083914925,-1.537179959719327,63.83962051778853,59.1615,54.48337948221148,30.7692307692308,-11.939830774052018,1.400733938055785,36.65,SELL,13.935735842357545,-7.813846595805796,1.5850271192417178,2.866039654295881,-28.27058072750478,4.0,13.72631558695788,11.192307692307692,6.735357917570498,1.0,75.0,36.92307692307692,44.68546637744035,44.90238611713666,2026-10-07 19:03:41
2026-10-07,NLCINDIA,Power,250.35,261.88500000000005,273.713,283.70445,257.8498007571016,263.7202700335829,-5.870469276481344,-5.349083858199096,275.34285233510843,261.88500000000005,248.42714766489163,44.95967741935485,-7.036761975492023,1.6529161698873391,36.57,SELL,-0.7090909090909037,3.467222432739692,1.6016669859331274,2.7675539958344024,-35.44352759154204,4.0,13.838950320088884,10.705882352941178,7.02819956616052,1.0,40.0,67.05882352941177,46.20390455531454,46.85466377440347,2026-10-07 19:03:41
2026-10-07,COALINDIA,Oil Gas & Consumable Fuels,414.5,421.9275,414.689,433.18625,419.8821644103276,419.1787452100236,0.7034192003039834,1.7805485825852316,433.8901381089725,421.9275,409.96486189102745,44.63667820069206,-1.0385579563089498,1.522360745278365,36.35,SELL,-9.618104667609618,7.131802940417864,1.2534940726657686,2.058418059624332,-15.623409669211195,4.0,12.683167316784584,12.058823529411766,6.605206073752711,1.0,70.0,50.588235294117645,43.81778741865509,44.03470715835141,2026-10-07 19:03:41
2026-10-07,TIMKEN,Capital Goods,3132.0,3177.995,3186.242,3283.323,3154.1299846140314,3169.5831772316137,-15.453192617582316,-10.255098046020729,3311.9296026591687,3177.995,3044.060397340831,41.79747614650663,1.074644205634634,2.1630174041175643,36.02,SELL,-6.000360923965353,2.274363505465016,1.639036545359833,2.922368180988872,-20.20382165605096,4.0,12.29796403268706,12.471936649069184,6.247288503253796,1.0,95.0,29.71936649069185,41.21475054229935,41.64859002169197,2026-10-07 19:03:41
2026-10-07,AMBER,Consumer Durables,6925.0,6966.275,7210.52,7233.4,6852.743961584795,7008.913455012358,-156.16949342756288,-150.24710119042004,7426.88723273744,6966.275,6505.662767262559,49.84975961538461,-6.90953085092082,2.1445753326162054,35.95,SELL,16.69008587041374,-7.56292127883248,1.7688545136688911,2.8354822073233628,-22.83262759081792,4.0,14.458628932572111,9.5,6.995661605206073,1.0,35.0,60.0,47.071583514099785,46.637744034707154,2026-10-07 19:03:41
2026-10-07,BANDHANBNK,Financial Services,162.99,176.344,173.2094,176.0541,173.7853975336158,174.8921983302344,-1.1068007966186144,0.8162514806555852,191.407734631646,176.344,161.28026536835398,42.954511779522896,-1.038251366120202,2.7766359729194527,35.85,SELL,8.107222440686845,-3.3005041622699127,2.996235034327886,4.300877354438921,-26.168689980068848,4.0,14.092414542761086,10.087234042553192,6.670281995661605,1.0,55.00000000000001,45.87234042553191,45.119305856832966,44.46854663774403,2026-10-07 19:03:41
2026-10-07,PINELABS,Financial Services,177.67,180.6485,167.518,179.9986,175.49319676546668,174.5701535969595,0.9230431685071778,3.003240037191921,202.139216012662,180.6485,159.15778398733806,42.78794402583421,8.012645145601539,4.761897556725033,35.06,SELL,6.667948964544457,,3.621976555768149,5.193416365814631,,8.0,12.364425162689804,9.436170212765958,4.2559652928416485,1.0,55.00000000000001,39.361702127659576,54.229934924078094,48.37310195227766,2026-10-07 19:03:41
2026-10-07,CDSL,Financial Services,1275.0,1318.8449999999998,1345.296,1321.055,1289.1978968541898,1317.7294410028978,-28.531544148708008,-21.2616098901022,1416.059109328998,1318.8449999999998,1221.6308906710017,45.73560767590618,-9.887624567107222,1.853982874422119,34.79,SELL,15.705633452252554,-13.631015049235163,1.5059210529588054,2.549019607843137,-23.821473382326587,6.0,12.3467926179952,9.488652482269504,5.954446854663774,1.0,55.00000000000001,39.88652482269504,39.91323210412148,39.69631236442516,2026-10-07 19:03:41
2026-10-07,OLECTRA,Automobile and Auto Components,1084.1,1176.265,1262.138,1205.19625,1142.6149079230977,1189.1913978894954,-46.57648996639796,-37.869526998908285,1285.082515521221,1176.265,1067.4474844787787,37.96960137654144,-10.21202584064934,2.116291785792664,34.73,SELL,19.07184033328488,-19.72566949706075,1.7982177424546073,3.724616864548608,-31.333924499619968,6.0,11.106107901938811,11.250793650793652,5.368763557483732,1.0,80.0,32.507936507936506,35.35791757049891,35.791757049891544,2026-10-07 19:03:41
2026-10-07,TATASTEEL,Metals & Mining,175.64,184.3205,185.7034,194.04455,182.0207029946933,183.9469089592015,-1.926205964508199,-0.8251976619774348,192.43957558907056,184.3205,176.20142441092938,39.65129358830143,-5.371477829858318,1.649519979509843,34.52,SELL,-3.727689954105051,2.408462164361258,1.2836669082482353,2.638107167257705,-21.729055258467035,4.0,13.132667343238213,9.944444444444446,6.4425162689804765,1.0,65.0,34.44444444444445,42.950108459869845,42.950108459869845,2026-10-07 19:03:41
2026-10-07,SUNTV,Media Entertainment & Publication,636.5,515.92,495.215,541.10025,568.8569767084684,529.0401520108974,39.81682469757106,22.741178804339707,651.2378534920048,515.92,380.6021465079952,89.98391913622788,40.55426741746715,3.300163399046982,34.18,SELL,-19.94900127496813,-17.01471495285929,2.365837311843789,5.16664796319156,-4.127127579454736,20.0,4.8362231916541205,5.833333333333333,0.51409978308026,3.0,25.0,33.33333333333333,10.629067245119304,23.42733188720173,2026-10-07 19:03:41
2026-10-07,ZEEL,Media Entertainment & Publication,70.12,77.381,90.9146,91.22325,75.10926295037649,80.67964788881757,-5.57038493844108,-5.61338306842072,85.5397019091375,77.381,69.2222980908625,21.952662721893446,-18.455634376090234,2.041891917887817,34.09,SELL,24.250644242506425,-10.09813542688911,3.294866672237469,3.47363703039687,-40.75200675961131,0.0,14.800544463736886,9.166666666666666,7.125813449023862,3.0,25.0,66.66666666666666,50.10845986984816,47.50542299349241,2026-10-07 19:03:41
2026-10-07,NUVOCO,Construction Materials,324.75,329.57500000000005,332.875,327.47925,328.8032689963803,330.02441156844304,-1.2211425720627176,-0.5587997286778283,345.74236478868016,329.57500000000005,313.4076352113199,55.20389531345101,-5.896841495218785,2.244720213017365,34.07,SELL,18.80904183535764,-16.6212856635492,2.6154653128545315,3.448806774441879,-26.16801182221212,6.0,11.919946515576376,7.1000000000000005,6.052060737527115,3.0,5.0,66.0,38.6117136659436,40.3470715835141,2026-10-07 19:03:41
2026-10-07,ANURAS,Chemicals,1165.1,1189.11,1212.962,1272.8265,1178.8138227565569,1194.880341220519,-16.06651846396221,-14.75092232712851,1236.334075037607,1189.11,1141.885924962393,46.63265306122449,-5.552853437094685,1.6798834384964576,33.97,SELL,-0.3940173689289006,12.82448310410784,1.1123208971793974,2.614122638154912,-17.660777385159022,0.0,16.04449019051421,11.916666666666666,5.0130151843817785,1.0,60.0,59.16666666666666,55.9652928416486,60.08676789587852,2026-10-07 19:03:41
2026-10-07,BANKINDIA,Financial Services,133.55,136.32649999999998,139.9276,146.9343,134.0230520123863,136.67433750829238,-2.6512854959060803,-2.3319617219058566,144.48657294859055,136.32649999999998,128.1664270514094,41.67968750000004,-5.963948739614134,1.738927343511914,33.72,SELL,1.36315973435861,4.436761740132522,1.5186302755937855,2.575814301759642,-25.12334604171339,0.0,14.611174973907104,10.563829787234042,7.548806941431671,1.0,55.00000000000001,50.63829787234042,49.240780911062906,50.32537960954448,2026-10-07 19:03:41
2026-10-07,LT,Construction,3701.5,3838.005,3949.706,3963.655,3787.293870802916,3852.4205445333873,-65.1266737304718,-54.13861304212052,4004.092909189541,3838.005,3671.9170908104593,41.67711598746084,-7.439359839959991,1.3122752289110904,33.43,SELL,6.341712047643311,-0.5868338557993735,1.1210256703646386,1.798498678142066,-16.632882882882882,0.0,14.779564332815482,10.166666666666666,7.483731019522777,1.0,30.0,71.66666666666666,47.288503253796094,49.891540130151846,2026-10-07 19:03:41
2026-10-07,IGIL,Services,317.05,319.74249999999995,334.446,337.04125,320.1015891983258,324.23778088391805,-4.136191685592223,-4.347547832843997,333.3507511734593,319.74249999999995,306.1342488265406,51.78211163416276,-0.2987421383647715,1.817433343480648,33.17,SELL,0.4502406458624319,-4.740871613663145,1.7877975708351497,3.2295491923310866,-18.34921452485192,0.0,11.624752899077007,10.884615384615383,5.661605206073753,5.0,75.0,33.84615384615385,37.96095444685466,37.74403470715836,2026-10-07 19:03:41
2026-10-07,HDBFS,Financial Services,600.1,655.5125,672.4590000000001,689.7959999999999,634.5218970579245,653.6508646788387,-19.12896762091418,-13.25279418497059,712.467300869682,655.5125,598.557699130318,19.42700156985866,-12.400554704036193,1.3371181358902626,33.11,SELL,16.016653921318724,-7.020769492679602,1.2665519193293455,2.728116742447688,-24.6767917660349,0.0,14.526302119656968,10.131205673758869,7.451193058568329,1.0,55.00000000000001,46.31205673758866,47.50542299349241,49.67462039045553,2026-10-07 19:03:41
2026-10-07,SARDAEN,Metals & Mining,499.35,506.93,507.93,520.6265,501.04223490971685,504.1658765630797,-3.1236416533628244,-2.668149256659714,534.9978576236055,506.93,478.86214237639456,51.9455252918288,-2.5658536585365765,1.8839129213119168,32.61,SELL,-3.12410705781504,-5.006070794807139,1.7383722627422538,2.504684661488505,-19.97596153846154,4.0,10.842110326052971,9.5,5.27114967462039,3.0,65.0,30.0,34.924078091106296,35.140997830802604,2026-10-07 19:03:41
2026-10-07,FSL,Services,259.2,261.775,272.6896,264.3135,259.3391636576267,262.6916282215514,-3.352464563924684,-3.081118412451487,281.8451008310554,261.775,241.70489916894456,32.45033112582779,-0.1540832049306773,3.69879281661121,32.3,SELL,18.25744699883709,-25.130964179527115,3.5326711556697914,3.078152557319224,-30.275722932078008,6.0,9.540880472894653,10.423076923076923,5.336225596529284,1.0,75.0,29.23076923076924,28.41648590021692,35.57483731019523,2026-10-07 19:03:41
2026-10-07,SUNDARMFIN,Financial Services,4301.2,4562.9,4568.622,4774.4005,4433.38853739188,4510.603172843532,-77.2146354516517,-38.170748843892895,4905.3286817794815,4562.9,4220.471318220518,30.09864893845165,-8.646432895100153,1.349152943361677,32.07,SELL,1.102653327533698,1.593164036889716,1.4425385935981532,3.1511139748375867,-23.7646224742999,0.0,13.85459162814858,10.32127659574468,6.898047722342733,1.0,55.00000000000001,48.212765957446805,45.33622559652928,45.98698481561822,2026-10-07 19:03:41
2026-10-07,AADHARHFC,Financial Services,455.05,454.7575,474.036,481.143,451.1126949150574,458.68299567775387,-7.57030076269649,-9.09633483328989,479.08836138609627,454.7575,430.4266386139037,47.685478757133815,-4.99008247207432,1.5489592105022516,31.87,SELL,6.567493112947664,-5.841690195696614,1.426291774551112,2.792471784890199,-19.1740674955595,0.0,13.021735261722563,9.631914893617022,6.21475054229935,3.0,55.00000000000001,41.319148936170215,41.64859002169197,41.43167028199567,2026-10-07 19:03:41
2026-10-07,APTUS,Financial Services,219.46,239.554,251.1454,257.42585,232.15832534371657,240.5420224122783,-8.38369706856173,-6.650632898441216,261.4685463826523,239.554,217.63945361734773,31.8802055644161,-14.570438709175129,1.8527859278032173,31.83,SELL,30.49505948779996,-17.181250999840024,1.7716675995590618,3.515121532072228,-33.897590361445786,0.0,13.618875384178809,10.280141843971633,6.93058568329718,1.0,55.00000000000001,47.80141843971632,46.637744034707154,46.20390455531454,2026-10-07 19:03:41
2026-10-07,INDIANB,Financial Services,828.3,830.8725000000001,855.638,862.13825,820.4764392040288,834.5828123520414,-14.106373148012608,-13.409582231769669,872.3661580442706,830.8725000000001,789.3788419557295,44.82758620689654,-4.727398205659073,1.3062393940455672,31.46,SELL,-2.239262099238759,2.9069427384921465,1.2898857507252897,2.2171056035597854,-17.24447996802878,0.0,13.446763278518212,10.241843971631209,6.767895878524945,1.0,55.00000000000001,47.41843971631206,44.46854663774403,45.119305856832966,2026-10-07 19:03:41
2026-10-07,SAGILITY,Information Technology,43.11,44.4945,44.302,43.9982,43.77817231764031,44.18178712689877,-0.4036148092584568,-0.128655680182142,46.902324744453445,44.4945,42.08667525554656,39.764201500535904,-6.180631120783464,1.6323725719365425,31.4,SELL,10.372465818010369,-14.217662147306696,1.9305220865485844,2.7587235311661207,-25.53117982380376,6.0,11.170231493283184,8.021739130434783,5.206073752711497,1.0,15.0,65.21739130434783,34.490238611713664,34.70715835140998,2026-10-07 19:03:41
2026-10-07,AFFLE,Information Technology,1436.0,1543.085,1607.226,1537.2465,1502.6372551480806,1543.258165149625,-40.620910001544416,-26.964054302434576,1660.4788629257505,1543.085,1425.6911370742498,32.09117221418235,-11.532774765894526,1.60601623090892,30.85,SELL,13.950373607782328,-16.373512674599066,2.4226080359508475,2.969060883406289,-27.994785137642275,6.0,11.038376997850042,7.413043478260869,5.401301518438178,1.0,15.0,59.13043478260869,35.140997830802604,36.00867678958785,2026-10-07 19:03:41
2026-10-07,VBL,Fast Moving Consumer Goods,440.75,424.5625,428.06,464.383,431.8698750814602,428.6420992534784,3.227775827981759,0.584813923131439,447.846623233158,424.5625,401.278376766842,73.80392156862747,8.572484296095585,1.200195799887317,30.68,SELL,1.6458852867830442,-16.00206079340546,1.746995772319181,2.2088971720281987,-20.69989204749909,8.0,8.634896662514247,7.307692307692308,3.741865509761389,3.0,20.0,53.07692307692308,27.114967462039047,24.945770065075923,2026-10-07 19:03:41
2026-10-07,BPCL,Oil Gas & Consumable Fuels,296.35,304.74,312.586,323.6975,302.6689545097336,306.4192891275858,-3.750334617852218,-2.8039223996284,316.18849335066113,304.74,293.2915066493389,43.2562620423892,-5.289229785874072,1.4643879727176343,30.54,SELL,13.275923932543954,-11.717002237136477,1.288002476605542,2.371712984164473,-24.33295033831225,0.0,12.39709298690305,11.352941176470589,5.79175704989154,1.0,70.0,43.52941176470589,40.130151843817785,38.6117136659436,2026-10-07 19:03:41
2026-10-07,BEL,Capital Goods,378.3,392.825,399.506,417.78625,388.2002328910887,393.8209887688813,-5.620755877792647,-4.616976427873851,410.5511477989295,392.825,375.0988522010705,43.17140238313473,-6.361386138613856,1.66969423484624,30.47,SELL,-5.1035935853915415,-1.1100268358136045,1.294987652524646,1.8145085155394407,-20.0971591509135,0.0,11.676755919600216,12.261878299527648,5.531453362255965,1.0,95.0,27.61878299527647,37.52711496746204,36.8763557483731,2026-10-07 19:03:41
2026-10-07,MAZDOCK,Capital Goods,2064.4,2212.295,2383.49,2426.538,2143.087003878405,2239.613100055826,-96.52609617742156,-87.91981706423964,2446.7646544162712,2212.295,1977.825345583728,31.31831362926613,-15.882976122565385,1.7482509098382393,30.46,SELL,6.971517482819745,-9.790056859600526,1.6543593834124852,2.595358042461319,-29.53544731542478,0.0,11.822664505485518,12.074604056682412,5.563991323210412,1.0,95.0,25.74604056682412,37.093275488069416,37.093275488069416,2026-10-07 19:03:41
2026-10-07,RITES,Construction,200.74,204.9765,213.96400000000003,215.26575,203.8251070065473,207.0047101367277,-3.179603130180368,-3.653028509030957,215.3820638457244,204.9765,194.5709361542756,45.47423126894762,-6.97868396663578,2.2962266824748845,30.32,SELL,12.860206056168622,-12.934721213588318,1.7817594923102005,3.5792567500249084,-22.703118983442423,0.0,12.065653091947995,9.5,5.759219088937093,3.0,30.0,65.0,38.17787418655097,38.39479392624729,2026-10-07 19:03:41
2026-10-07,FORTIS,Healthcare,779.1,852.4825000000001,895.154,908.124,813.6044658841416,850.7652701658161,-37.16080428167447,-27.34242634377493,959.1906670775594,852.4825000000001,745.7743329224407,27.70171149144257,-14.384615384615383,2.0596831179722868,30.14,SELL,11.984161356183876,-13.36396706873444,1.633980474640577,3.431156829308542,-29.44851942406954,0.0,11.645704171496456,11.860465116279071,5.629067245119306,1.0,100.0,18.6046511627907,36.44251626898048,37.52711496746204,2026-10-07 19:03:41
2026-10-07,COCHINSHIP,Capital Goods,1255.1,1368.2,1435.708,1484.927,1324.5938868673904,1373.2742946856838,-48.68040781829336,-38.62939467075279,1533.443832594512,1368.2,1202.956167405488,39.500492934604,-16.682156133829007,2.906368017373117,30.03,SELL,12.38473648699301,-15.899018232819085,2.0928390334284668,3.1431758425623486,-34.96554225607545,0.0,11.06960189696553,12.461378160600168,5.498915401301518,1.0,95.0,29.613781606001663,34.27331887201736,36.65943600867679,2026-10-07 19:03:41
2026-10-07,WHIRLPOOL,Consumer Durables,845.5,815.5675,803.688,839.0745,850.0288633411782,826.676081755791,23.35278158538722,18.524938628403927,956.4049250313868,815.5675,674.730074968613,66.64228237015362,3.697798491445381,5.231706731053727,29.65,SELL,-0.5121014448576378,-42.5751284397213,3.402658430703001,5.9892709301343245,-41.16214335421016,16.0,3.420367368729889,5.233333333333333,0.0,5.0,35.0,17.333333333333332,4.121475054229935,25.379609544468547,2026-10-07 19:03:41
2026-10-07,MGL,Oil Gas & Consumable Fuels,1041.6,1069.695,1093.616,1095.90125,1056.3732982477145,1070.80711902644,-14.433820778725703,-11.955413696960568,1109.0909375409544,1069.695,1030.2990624590454,35.47169811320755,-4.624118670451427,1.180485069808502,29.57,SELL,14.163760345635312,-13.76897066918299,1.283731301305698,2.2924895764757496,-22.00089860715892,0.0,11.902544838897413,11.235294117647058,5.433839479392625,1.0,70.0,42.35294117647059,38.39479392624729,36.22559652928417,2026-10-07 19:03:41
2026-10-07,JSL,Metals & Mining,732.15,744.9975,734.089,747.1575,741.7331046551925,739.4118941810707,2.3212104741218127,3.8141819377441695,773.0126927767132,744.9975,716.9823072232867,50.41613316261202,-0.631107491856675,2.3775299431798635,29.54,SELL,1.7724137931034445,-5.730164814105021,1.731972801359168,2.7697290758138964,-17.17760180995476,0.0,11.786158500512238,9.055555555555555,5.6941431670282,3.0,65.0,25.55555555555556,37.310195227765725,37.96095444685466,2026-10-07 19:03:41
2026-10-07,TARIL,Capital Goods,289.15,282.095,291.978,297.8062,282.0099758832633,285.8728888044925,-3.862912921229224,-5.5039787794635,297.6538492335748,282.095,266.5361507664252,59.46582875098188,-3.5040881027865844,1.9493151012522043,29.28,SELL,9.655674986336304,-33.528437327443406,1.902777079275381,3.889479014846467,-42.30845969672785,4.0,6.596043499381947,11.116560155598778,2.5704989154013016,5.0,95.0,16.165601555987774,13.232104121475055,17.136659436008678,2026-10-07 19:03:41
2026-10-07,M&M,Automobile and Auto Components,2800.0,3009.335,3220.366,3267.741,2936.2958323509124,3038.6517133078783,-102.35588095696583,-87.25254576367631,3215.2472580129647,3009.335,2803.422741987036,16.131460110386385,-11.392405063291145,1.1741807898304093,29.24,SELL,4.911305268731803,-9.482881699551694,1.3721071819040906,2.1015306122448973,-27.08143441235449,0.0,11.525912529880571,11.673015873015874,5.043383947939263,1.0,80.0,36.730158730158735,36.00867678958785,33.622559652928416,2026-10-07 19:03:41
2026-10-07,JPPOWER,Power,14.86,15.635000000000002,16.6354,16.8813,15.316822567950409,15.785604269837412,-0.4687817018870053,-0.4183162359734161,16.756756141995538,15.635000000000002,14.513243858004468,42.02898550724637,-11.494937462775455,2.0702141223851425,28.76,SELL,7.595772787318356,-8.943543879262162,1.8460704807040773,3.581042107287059,-39.34693877551021,0.0,12.258225875494803,9.647058823529411,5.856832971800434,1.0,40.0,56.47058823529412,39.04555314533623,39.04555314533623,2026-10-07 19:03:41
2026-10-07,HDFCAMC,Financial Services,2314.8,2376.2,2483.3160000000003,2586.1055,2346.79239931174,2399.9229028052973,-53.13050349355717,-53.274597048411394,2503.3874704189966,2376.2,2249.012529581003,44.01314438283018,-4.819078947368416,1.625967587256727,28.75,SELL,3.00427386239841,-8.349333581880881,1.7189824270853449,2.293934681181961,-21.98837307271042,0.0,11.49812179249775,8.952482269503546,5.303687635574836,3.0,55.00000000000001,34.52482269503546,35.791757049891544,35.35791757049891,2026-10-07 19:03:41
2026-10-07,GMDCLTD,Metals & Mining,477.1,537.355,558.294,590.5365,512.501745320114,534.138590593581,-21.63684527346697,-14.933139906724197,602.8509371982268,537.355,471.8590628017732,21.25813449023859,-14.436872309899574,1.8292680107694288,28.63,SELL,-5.719309998325239,-5.402453369181648,1.778114054061108,2.9059496361948653,-38.191475579738295,4.0,9.965764197180524,8.722222222222223,4.945770065075922,1.0,65.0,22.22222222222222,32.10412147505423,32.97180043383948,2026-10-07 19:03:41
2026-10-07,BHARTIARTL,Telecommunication,1833.9,1812.515,1879.298,1906.91,1800.7772535122372,1824.6863157839723,-23.909062271735365,-27.983448253254803,1884.812405500508,1812.515,1740.2175944994929,49.83596779003878,-1.0841423948219964,1.5064180319634457,28.59,SELL,2.632753235162877,-10.951943086676676,1.4357431891860724,1.8660465985838155,-15.66337088985973,0.0,10.410098551784175,10.555555555555555,4.620390455531454,3.0,50.0,55.55555555555556,32.32104121475054,30.80260303687636,2026-10-07 19:03:41
2026-10-07,CUB,Financial Services,222.12,226.6565,222.5814,248.07645,224.90242327332936,225.35244482224184,-0.4500215489125025,0.1764329879160285,237.7042209366752,226.6565,215.6087790633248,45.90923617769254,-6.860114055686006,2.1862000165433573,28.58,SELL,-5.562002320835502,0.1442695294267437,2.43954927290833,3.82065035630676,-31.46559703795125,0.0,11.933567728499211,9.562411347517733,6.084598698481562,1.0,55.00000000000001,40.6241134751773,39.26247288503254,40.563991323210416,2026-10-07 19:03:41
2026-10-07,NATCOPHARM,Healthcare,810.1,823.805,863.2719999999999,939.10325,824.9715781321916,835.5799045805946,-10.60832644840309,-12.381918502195427,843.7076552050468,823.805,803.9023447949531,48.499061913696096,-3.3639508529166084,1.1201166360026744,28.55,SELL,-19.4351271207039,-0.558022320892837,1.3409511291532057,2.553917505775302,-33.96641669383762,0.0,10.290191476160471,11.906976744186046,3.351409978308026,3.0,100.0,19.069767441860463,27.765726681127983,22.34273318872017,2026-10-07 19:03:41
2026-10-07,JSWCEMENT,Construction Materials,112.14,115.917,123.4216,124.2467,114.04194804478044,117.38650558130114,-3.3445575365207105,-3.353848220577195,122.25618507132074,115.917,109.57781492867926,36.19167717528375,-7.938592890567275,1.1338706143087578,28.44,SELL,4.691587207830561,-8.657881174998172,1.205912619819318,2.665036051873933,-21.799163179916327,0.0,11.859083934952936,8.5,5.075921908893709,3.0,5.0,80.0,36.22559652928417,33.839479392624725,2026-10-07 19:03:41
2026-10-07,APOLLOTYRE,Automobile and Auto Components,407.6,407.1350000000001,425.278,440.07,405.14149830092384,411.7944016900176,-6.652903389093751,-7.588582373010896,422.41498691098326,407.1350000000001,391.8550130890168,46.483427647534384,-3.136882129277563,1.7557745600750494,28.27,SELL,4.538817230469716,-14.60238568588469,1.3728691305576453,2.8248983597364345,-24.588344125809435,0.0,9.839219666107132,11.107936507936508,4.327548806941431,3.0,80.0,31.07936507936508,29.718004338394792,28.850325379609544,2026-10-07 19:03:41
2026-10-07,ULTRACEMCO,Construction Materials,10658.0,10915.35,11389.24,11694.875,10878.102580674258,11038.315859263328,-160.2132785890699,-153.07275105214632,11234.547200225448,10915.35,10596.152799774552,48.88535031847134,-4.626398210290827,1.3625541726545285,28.12,SELL,4.135098128708359,-5.351364805442627,1.1848273772367948,1.8637911159960323,-18.70327993897788,0.0,12.59656295241714,8.700000000000001,5.8242950108459866,1.0,5.0,82.0,40.780911062906725,38.82863340563991,2026-10-07 19:03:41
2026-10-07,TIINDIA,Automobile and Auto Components,2388.0,2521.27,2688.91,2735.4805,2455.1146272911105,2551.5534079867566,-96.43878069564607,-89.41555619853177,2735.740825889946,2521.27,2306.799174110054,34.053571428571416,-10.995154677599706,2.1639042319502453,28.01,SELL,4.456231367842345,-11.821420400692872,1.988467028664353,3.0781885618569005,-28.40009594627009,0.0,10.665207709067822,11.16825396825397,5.1735357917570495,1.0,80.0,31.682539682539684,33.18872017353579,34.490238611713664,2026-10-07 19:03:41
2026-10-07,MFSL,Financial Services,1345.1,1458.03,1506.9679999999998,1614.858,1412.70103917874,1459.2542318220455,-46.553192643305465,-31.99122427286128,1609.571053669852,1458.03,1306.488946330148,35.21477484955385,-11.506578947368428,3.159657232593669,27.84,SELL,3.309314117961049,-0.5012209227605702,2.1304701833882707,4.311416039168623,-28.92470277410833,0.0,14.07847588631674,10.128368794326242,2.6377440347071586,1.0,55.00000000000001,46.28368794326241,44.90238611713666,44.251626898047725,2026-10-07 19:03:41
2026-10-07,ONESOURCE,Healthcare,1528.6,1566.36,1565.34,1574.833,1546.123470788291,1557.5317521915997,-11.40828140330882,-4.145279311273828,1638.1739232944706,1566.36,1494.5460767055297,37.40740740740741,-1.5267667332345636,1.8064563412896315,27.04,SELL,9.21099353739081,-16.81722291339861,1.795666382446521,3.6055400833629294,-20.592207792207795,0.0,10.16203086897759,11.16279069767442,4.7180043383947945,1.0,100.0,11.627906976744184,31.019522776572668,31.45336225596529,2026-10-07 19:03:41
2026-10-07,NTPC,Power,316.75,325.96500000000003,333.531,357.44125,322.4907846651068,326.73607687341814,-4.245292208311412,-3.866860219755472,336.7296155234929,325.96500000000003,315.2003844765072,38.12282734646583,-4.593373493975905,1.1096992167929909,26.7,SELL,-9.177820267686432,-3.665073156598575,0.9797470816613816,1.773593415266661,-23.56418918918919,4.0,9.79567218665679,8.0,3.904555314533624,1.0,40.0,40.0,31.88720173535792,26.030368763557483,2026-10-07 19:03:41
2026-10-07,SBILIFE,Financial Services,1726.1,1722.59,1774.01,1878.9375,1729.3559878607048,1738.2122654712632,-8.856277610558436,-11.662068570725982,1784.666282444265,1722.59,1660.513717555735,54.50479233226834,-0.3406466512702155,1.720049669096915,26.6,SELL,-3.3645470383275256,-9.825238772607204,1.3629338957445305,2.643448898011206,-19.038461538461537,0.0,9.17971632092578,8.223404255319151,4.197396963123644,5.0,55.00000000000001,27.23404255319149,29.50108459869848,27.9826464208243,2026-10-07 19:03:41
2026-10-07,TORNTPOWER,Power,1236.5,1260.975,1286.632,1405.703,1244.9610701917293,1260.073904346642,-15.112834154912662,-14.867549719579012,1313.3061671246433,1260.975,1208.6438328753566,32.520808561236635,-3.072822763972727,1.1708528885015768,26.35,SELL,-5.800884634906822,-1.284194528875382,1.387634292599798,2.373635260816824,-32.213146209089416,0.0,11.28456887802954,8.823529411764707,5.238611713665944,1.0,40.0,48.23529411764706,36.8763557483731,34.924078091106296,2026-10-07 19:03:41
2026-10-07,MAXHEALTH,Healthcare,908.0,1003.5775,1022.153,1030.624,963.1792170337034,992.4409439064864,-29.26172687278301,-15.251236926570275,1112.6959314355167,1003.5775,894.4590685644833,25.655430711610503,-8.467741935483875,2.041483096765507,26.31,SELL,5.71060541004722,-16.436147645311838,1.6618007257155731,3.3771239773442416,-25.68949995908013,0.0,9.540765038886832,11.209302325581396,4.55531453362256,1.0,100.0,12.093023255813954,28.850325379609544,30.36876355748373,2026-10-07 19:03:41
2026-10-07,COROMANDEL,Chemicals,1745.5,1895.4,1968.608,2054.6115000000004,1835.9078890341384,1890.0036871232544,-54.09579808911576,-37.76681074520173,2063.0440339089573,1895.4,1727.7559660910429,30.42947282719318,-11.602349843006175,2.0330068153437333,26.3,SELL,2.4627417820526354,-10.826970839849135,1.5343216278989629,3.5118877112575206,-30.15206082432973,0.0,10.385799693137928,10.0,4.913232104121475,1.0,60.0,40.0,32.53796095444685,32.75488069414317,2026-10-07 19:03:41
2026-10-07,ICICIAMC,Financial Services,3058.5,3114.955,3110.226,,3113.843538252177,3117.121001318812,-3.277463066634482,6.957110165243397,3261.4313745994104,3114.955,2968.4786254005894,47.07121786767803,1.4865447788432906,1.3081702810901192,26.29,SELL,2.250903458957154,,1.5468320950264047,2.767696583292463,,0.0,9.370932754880693,8.691489361702128,7.223427331887201,1.0,55.00000000000001,31.91489361702128,47.93926247288504,48.15618221258134,2026-10-07 19:03:41
2026-10-07,ABBOTINDIA,Healthcare,26095.0,26419.0,26741.8,26864.4,26536.926469972263,26545.02052124879,-8.094051276526443,35.98115756742622,27783.93146155277,26419.0,25054.068538447234,49.66887417218543,0.597532767925979,1.6739719993696556,26.0,SELL,0.6564973933191665,-11.942567567567565,1.223257381308868,2.4607888758109104,-14.87522427010276,0.0,9.361957760772638,11.534883720930234,4.099783080260303,1.0,100.0,15.348837209302324,29.934924078091107,27.33188720173536,2026-10-07 19:03:41
2026-10-07,FACT,Chemicals,746.95,769.13,799.1,834.00825,760.0052852883223,775.5918599120135,-15.586574623691265,-13.872524591832848,810.9908522054503,769.13,727.2691477945497,49.374045801526734,-5.842682465649807,1.965721609213406,25.48,SELL,1.3660511004300435,-11.18745497866682,2.1013798906247803,3.2078069865070336,-29.43982618552805,0.0,9.887759666395718,9.583333333333334,5.010845986984816,1.0,60.0,35.83333333333333,31.45336225596529,33.40563991323211,2026-10-07 19:03:41
2026-10-07,ESCORTS,Capital Goods,2785.5,2823.825,2963.896,3163.202,2790.617414168971,2847.4827297402703,-56.86531557129911,-61.73498178811867,3001.129897964318,2823.825,2646.5201020356817,47.27107887579331,-5.812538040170423,1.964844535516931,25.47,SELL,2.6094770677081547,-20.062468025525725,1.4479446393450728,2.9058645536836183,-30.14945584031296,0.0,7.550365300537248,11.43498193942762,3.4815618221258133,3.0,95.0,19.349819394276185,21.908893709327547,23.210412147505423,2026-10-07 19:03:41
2026-10-07,SAMMAANCAP,Financial Services,132.94,141.307,150.0314,152.40515,137.44454589459667,142.35601722390072,-4.9114713293040495,-4.371198580465251,153.10099329721368,141.307,129.5130067027863,28.007608178792168,-14.738327347357616,1.4145486519462918,25.37,SELL,7.455902306648565,-14.095888925046108,1.761695619371582,2.872402157794061,-31.101321585903086,0.0,10.729446734420018,8.826241134751774,4.815618221258134,1.0,55.00000000000001,33.262411347517734,32.75488069414317,32.10412147505423,2026-10-07 19:03:41
2026-10-07,MPHASIS,Information Technology,2289.0,2277.365,2377.352,2401.1695,2267.3543252407408,2301.681651862981,-34.327326622240435,-41.87392170697693,2388.407358442162,2277.365,2166.3226415578374,45.78386605783869,-3.381030771178928,1.8574779495664544,25.1,SELL,8.357193987115252,-16.300929605695124,1.8503119523735203,2.6898832927666465,-23.058823529411764,0.0,10.193255768093076,7.152173913043479,4.750542299349241,3.0,15.0,56.52173913043478,30.80260303687636,31.670281995661604,2026-10-07 19:03:41
2026-10-07,JUBLFOOD,Consumer Services,460.6,472.0175,479.658,477.0135000000001,463.8478441743602,471.248740408234,-7.400896233873766,-4.057389093658559,502.4510907734877,472.0175,441.5839092265124,45.74468085106385,-3.113167858645338,1.873906095051073,25.07,SELL,4.68445022771633,-21.28821850794945,2.0092404307834766,3.231034054959369,-27.46456692913386,6.0,7.921745362198249,6.213043478260871,3.937093275488069,1.0,10.0,52.1304347826087,22.125813449023862,26.247288503253795,2026-10-07 19:03:41
2026-10-07,RELIANCE,Oil Gas & Consumable Fuels,1207.7,1228.9199999999998,1275.698,1358.39,1211.2580264173998,1236.3172451504515,-25.059218733051694,-24.423002225044776,1297.1457120847929,1228.9199999999998,1160.6942879152068,42.70880361173816,-7.773959526536844,1.3826470780293965,25.04,SELL,1.3259753199969415,-11.185757473967085,1.2418220565587654,1.741208199765785,-25.07134880258096,0.0,9.849579868309036,10.058823529411766,4.132321041214751,1.0,70.0,30.588235294117645,31.23644251626898,27.54880694143167,2026-10-07 19:03:41
2026-10-07,SUZLON,Capital Goods,38.34,41.7135,45.0146,48.94785,40.20284728173303,42.23672896247011,-2.033881680737082,-1.875518501693434,46.275449144828606,41.7135,37.151550855171386,22.026431718061687,-15.828759604829845,1.4414523017320455,24.97,SELL,9.040634767973057,-22.491881729618868,1.808493196788391,2.8019971681943536,-37.65853658536584,0.0,8.699193404870353,11.559460961378162,3.709327548806941,1.0,95.0,20.594609613781607,24.07809110629067,24.728850325379607,2026-10-07 19:03:41
2026-10-07,BDL,Capital Goods,1085.0,1147.26,1242.9540000000002,1313.5244999999998,1121.155360593346,1167.107707461458,-45.95234686811182,-43.91194217290831,1239.9257695273732,1147.26,1054.5942304726268,39.799999999999976,-12.619795441733109,1.8894982594678085,24.94,SELL,2.4824432467744684,-17.16718368424526,1.7609427076235904,2.834101382488482,-33.5741398310273,0.0,8.296530727089957,11.57279799944429,4.0672451193058565,1.0,95.0,20.7279799944429,26.247288503253795,27.114967462039047,2026-10-07 19:03:41
2026-10-07,ICICIGI,Financial Services,1590.0,1515.62,1573.588,1763.4675,1557.2699222007782,1549.5229242349374,7.746997965840819,-8.289282212219245,1628.5645620880769,1515.62,1402.675437911923,66.18472162278809,6.468461229409406,2.3116931392290723,24.83,SELL,-11.850554582603625,-25.028548731443323,2.1639125671832944,2.963162623539984,-22.99869243062619,8.0,3.217232373467493,6.270212765957448,2.342733188720173,5.0,55.00000000000001,7.702127659574468,8.24295010845987,15.61822125813449,2026-10-07 19:03:41
2026-10-07,CANBK,Financial Services,119.15,122.3765,125.855,135.9755,120.69241356191009,122.79192898994955,-2.099515428039481,-1.6887032914167672,127.75305446310692,122.3765,116.99994553689308,36.12063056888282,-3.911290322580641,1.1566168856070078,24.8,SELL,-3.838786299900387,-5.5609902927233,1.194000739334094,2.073017205203524,-26.85247713180673,0.0,10.47249063301124,8.804964539007093,4.522776572668112,1.0,55.00000000000001,33.04964539007092,33.839479392624725,30.151843817787416,2026-10-07 19:03:41
2026-10-07,CANFINHOME,Financial Services,727.0,756.2925,790.789,854.3355,739.5995882565951,760.9939168548176,-21.3943285982225,-19.91004895524892,808.2553538882366,756.2925,704.3296461117634,32.12723658051688,-9.739896952014403,1.175422520106233,24.72,SELL,-0.8351756325227333,-7.688789801634943,1.2931314168857817,2.557968166633916,-25.1672671127123,0.0,10.50028137039406,8.63617021276596,4.587852494577007,1.0,55.00000000000001,31.36170212765957,33.622559652928416,30.585683297180044,2026-10-07 19:03:41
2026-10-07,SRF,Chemicals,2460.0,2499.4550000000004,2560.114,2686.4640000000004,2486.528387934025,2516.41671520575,-29.8883272717244,-28.470409070710723,2572.298233981228,2499.4550000000004,2426.611766018773,47.326416600159625,-3.377847604084838,1.2750901298998611,24.47,SELL,4.6511627906976605,-14.561738955419134,1.6452225924873627,2.152729384436704,-23.36448598130841,0.0,9.97110302004223,9.333333333333334,4.164859002169197,1.0,60.0,33.33333333333333,30.151843817787416,27.765726681127983,2026-10-07 19:03:41
2026-10-07,HINDPETRO,Oil Gas & Consumable Fuels,343.15,350.435,366.755,396.16175,348.88556350406515,354.4126591850032,-5.527095680938032,-5.776825223061035,361.5186104700704,350.435,339.3513895299296,44.71669218989278,-3.852619781451383,1.6560756054310717,24.23,SELL,8.672458466697153,-24.108568387440133,1.552288461138363,2.453112966008202,-32.510571344281644,0.0,8.22198921653977,9.823529411764708,3.1887201735357915,3.0,70.0,28.23529411764706,21.69197396963124,21.25813449023861,2026-10-07 19:03:41
2026-10-07,ITI,Telecommunication,245.84,253.386,267.98040000000003,283.78295,248.6702984179802,255.97540295049964,-7.305104532519437,-7.239086599730375,269.9963828023889,253.386,236.7756171976111,38.88121546961325,-9.15003695491501,1.4555466035163218,24.06,SELL,5.530168073735564,-17.22357229647631,1.1841607765524282,3.0725559016317217,-34.06463725358724,0.0,9.049679911115811,10.333333333333334,3.676789587852495,1.0,50.0,53.33333333333333,27.54880694143167,24.5119305856833,2026-10-07 19:03:41
2026-10-07,JMFINANCIL,Financial Services,124.92,125.38249999999998,126.7156,129.7323,125.34658451637398,126.05139775938588,-0.7048132430118983,-0.5358282190073631,130.08830324817146,125.38249999999998,120.6766967518285,60.04504504504504,-4.114215535769117,1.7693130162428954,23.93,SELL,7.998037291462223,-21.01202225013457,1.6849373962898997,2.533621517771375,-31.550684931506844,0.0,8.678357566458725,8.244680851063832,4.002169197396963,3.0,55.00000000000001,27.4468085106383,26.030368763557483,26.68112798264642,2026-10-07 19:03:41
2026-10-07,RHIM,Capital Goods,369.45,376.7175,382.204,402.047,377.9342481788603,378.28739043199135,-0.3531422531310682,0.0279779067748001,394.8759915615324,376.7175,358.5590084384677,54.421768707482975,-1.1637239165329103,1.7015821250769674,23.86,SELL,0.8144427853943315,-21.365802011646373,1.8302371077614603,3.607679368946117,-27.316545347235888,0.0,6.632376353343497,11.136565712697973,3.091106290672451,3.0,95.0,16.365657126979716,19.3058568329718,20.607375271149674,2026-10-07 19:03:41
2026-10-07,LTTS,Information Technology,3252.1,3277.91,3444.5040000000004,3557.1905,3250.345806225868,3312.732534434933,-62.386728209065495,-67.89871460435116,3430.5145443207507,3277.91,3125.305455679249,41.6386271870794,-4.747817936851972,1.6857840661874186,23.79,SELL,4.386672643059919,-15.004866180048658,1.72184732990795,2.866719087007518,-31.18705035971223,0.0,9.61536426644093,6.717391304347827,4.457700650759219,3.0,15.0,52.173913043478265,29.28416485900217,29.718004338394792,2026-10-07 19:03:41
2026-10-07,INDIACEM,Construction Materials,303.05,327.8175,357.96,395.00475,313.12353212396096,330.76236900083467,-17.63883687687371,-15.267615692593584,370.51992535944464,327.8175,285.1150746405553,32.34636871508384,-14.897500702049992,2.03364565994742,23.49,SELL,0.694444444444442,-9.375,1.7997004905331353,4.128267376906215,-37.61836146562372,0.0,10.252155970583567,7.1000000000000005,5.140997830802603,1.0,5.0,66.0,32.97180043383948,34.27331887201736,2026-10-07 19:03:41
2026-10-07,AAVAS,Financial Services,1231.7,1265.915,1316.664,1352.7365,1243.6115750000026,1271.55892697951,-27.947351979507403,-24.89759711997899,1336.9426232402343,1265.915,1194.8873767597656,41.08771929824562,-5.7035676006737095,1.6011012501530075,23.2,SELL,13.46789629371845,-22.40599714421704,1.8889019929288309,3.583896820886349,-30.487047801794688,0.0,9.389863932163282,8.518439716312058,4.295010845986985,1.0,55.00000000000001,30.18439716312057,27.9826464208243,28.633405639913235,2026-10-07 19:03:41
2026-10-07,HDFCLIFE,Financial Services,546.05,536.3875,540.6659999999999,618.8865000000001,537.3158507223411,538.621808210461,-1.3059574881199296,-2.1031330877308894,565.9197103366621,536.3875,506.85528966333794,56.35270541082162,2.409977494373572,2.4794743859330373,23.11,SELL,-5.8580289455547945,-26.814894186980982,1.7679194264615563,3.19894829097283,-30.748256182625244,8.0,3.7031518293885366,6.410638297872342,0.0,5.0,55.00000000000001,9.106382978723405,10.19522776572668,16.268980477223426,2026-10-07 19:03:41
2026-10-07,IOC,Oil Gas & Consumable Fuels,130.0,134.276,137.3046,148.2074,132.99397667290637,134.68458976732632,-1.690613094419945,-1.2617607614805486,139.1413247849595,134.276,129.41067521504053,39.60612691466082,-3.810580836108035,1.4520797480149334,22.96,SELL,2.648265572547537,-15.84612561922818,1.2794014210697506,2.0362637362637366,-31.20237087214226,0.0,9.079144441612035,9.235294117647058,3.644251626898048,1.0,70.0,22.352941176470587,27.33188720173536,24.295010845986983,2026-10-07 19:03:41
2026-10-07,SOBHA,Realty,1197.9,1215.8200000000002,1272.812,1372.8475,1211.751333554983,1231.625350149672,-19.87401659468901,-21.5944740330322,1254.5883321662088,1215.8200000000002,1177.0516678337915,55.96738324684958,-4.17566594672425,1.1293015813986609,22.91,SELL,3.590163934426216,-19.850329781836628,1.2112452797978417,2.872884691066509,-30.83718244803695,0.0,7.864461235817249,7.772727272727272,2.27765726681128,5.0,45.0,32.72727272727273,23.210412147505423,15.184381778741866,2026-10-07 19:03:41
2026-10-07,HEXT,Information Technology,505.5,504.6175,537.0830000000001,549.77425,500.7441612870812,511.786202680212,-11.042041393130772,-12.444995684614414,529.9481196030123,504.6175,479.2868803969877,39.047619047619065,-3.318351343597592,1.586676854797582,22.9,SELL,17.44056876249722,-24.94142705005324,2.065395679661036,2.829588808817294,-37.41875580315692,0.0,9.518313124365717,6.021739130434782,4.360086767895878,3.0,15.0,45.21739130434782,28.199566160520607,29.067245119305856,2026-10-07 19:03:41
2026-10-07,CEATLTD,Automobile and Auto Components,3301.9,3329.0150000000003,3461.1019999999994,3548.377,3317.136320860188,3360.1783895499902,-43.04206868980236,-46.12860377387185,3457.7256305673586,3329.0150000000003,3200.304369432642,49.688499747432246,-1.025149126225222,1.4187245641691817,22.85,SELL,-0.4152848734725656,-18.78365536902124,1.7994745101957792,2.5731937888574965,-25.599369085173496,0.0,7.038415475852649,9.755555555555556,3.058568329718004,3.0,80.0,17.555555555555557,21.0412147505423,20.39045553145336,2026-10-07 19:03:41
2026-10-07,MRF,Automobile and Auto Components,123075.0,125119.5,129731.5,134333.45,124334.80527061128,126165.764105289,-1830.9588346777164,-1915.21455358432,128716.37715430451,125119.5,121522.62284569549,40.42553191489362,-4.5115990379393285,0.765689443579457,22.53,SELL,2.282655751898943,-17.826540614032314,0.8785355245960911,1.230956733698964,-24.77078239608802,0.0,8.005002140338895,10.26031746031746,1.2689804772234272,3.0,80.0,22.6031746031746,24.728850325379607,8.459869848156181,2026-10-07 19:03:41
2026-10-07,RECLTD,Financial Services,298.9,306.475,327.063,346.44475,301.59450513314846,309.6424986281,-8.04799349495147,-8.184360465587268,322.9536145304172,306.475,289.99638546958283,40.52377670572019,-5.530973451327437,1.813271329807948,22.34,SELL,-2.701877575942613,-15.754692043351849,1.666113832315929,2.3944940974047686,-23.41788367922112,0.0,7.701266407260798,7.865957446808512,3.774403470715836,3.0,55.00000000000001,23.659574468085108,22.99349240780911,25.16268980477224,2026-10-07 19:03:41
2026-10-07,JKTYRE,Automobile and Auto Components,333.4,346.5875,370.544,425.54625,342.6155173572151,351.9617693162235,-9.34625195900844,-9.52544539830008,362.6132974594241,346.5875,330.5617025405758,42.39631336405528,-9.512823992400598,1.6251516074656425,22.27,SELL,-6.502926953423249,-15.764732859435904,1.576538345586192,2.6812494643928364,-45.51397287138421,0.0,6.646170717278066,9.765079365079366,2.863340563991323,3.0,80.0,17.65079365079365,20.17353579175705,19.088937093275486,2026-10-07 19:03:41
2026-10-07,TRIDENT,Textiles,22.31,22.9795,23.918,25.089450000000003,22.647369163591343,23.1410862301539,-0.493717066562553,-0.4555533390223065,24.052782716470453,22.9795,21.906217283529543,37.921348314606725,-6.964136780650554,1.21646561565107,22.26,SELL,-0.1240181893344405,-16.140229087122528,0.8941052874600518,2.314785170007041,-27.89269553975437,0.0,8.04834761027555,11.0,2.212581344902386,1.0,90.0,20.0,25.59652928416486,14.75054229934924,2026-10-07 19:03:41
2026-10-07,NHPC,Power,72.5,74.98549999999999,76.2222,77.615,73.78351103190347,74.88228256824966,-1.0987715363461916,-0.7897698218963596,78.44912435668272,74.98549999999999,71.52187564331726,36.78474114441417,-4.605263157894735,1.0898958698293897,22.25,SELL,0.118172268907557,-11.491584445734194,1.033704757221845,1.921182266009852,-17.72582841579664,0.0,9.443511887297928,8.352941176470589,3.4490238611713666,1.0,40.0,43.52941176470589,30.36876355748373,22.99349240780911,2026-10-07 19:03:41
2026-10-07,TENNIND,Automobile and Auto Components,480.4,509.725,530.1,551.1659999999999,501.3865817956514,512.9235178960022,-11.536936100350772,-9.499388430350423,535.1870150523538,509.725,484.2629849476462,36.34009495036687,-6.799883596857126,1.819473328234186,22.17,SELL,-2.099687884233425,,1.7351581275116106,3.1536219816819333,,0.0,6.4425162689804765,8.833333333333334,5.88937093275488,1.0,80.0,8.333333333333332,39.479392624728845,39.26247288503254,2026-10-07 19:03:41
2026-10-07,KAYNES,Capital Goods,3365.0,3499.8900000000003,3648.1,3645.6,3470.1139955689205,3527.6059687959687,-57.49197322704822,-43.79980306036238,3690.9310801784086,3499.8900000000003,3308.848919821592,48.98621248986212,-6.631520532741398,2.539042453305054,21.49,SELL,-2.9272898961284266,-47.088235294117645,2.874391815092025,4.20993419656124,-56.32706035042181,6.0,2.7661451294063326,10.293553764934703,1.4316702819956617,1.0,95.0,7.935537649347041,3.036876355748373,9.544468546637743,2026-10-07 19:03:41
2026-10-07,KFINTECH,Financial Services,858.0,885.4925000000001,922.571,936.20575,870.701761448149,890.1843144680449,-19.48255301989593,-16.75696368057815,940.67137920684,885.4925000000001,830.3136207931601,42.89316827143512,-6.991869918699189,2.1178643483215778,21.46,SELL,0.9948355531394392,-16.4658273381295,2.23658819905082,3.088994338994339,-29.38271604938272,0.0,8.121244186214293,7.945390070921987,4.3926247288503255,1.0,55.00000000000001,24.45390070921986,25.81344902386117,29.28416485900217,2026-10-07 19:03:41
2026-10-07,TATAPOWER,Power,345.15,362.3425,368.528,385.528,356.8063072373651,361.7458341796456,-4.939526942280452,-3.2341141182810933,377.6655571018797,362.3425,347.0194428981204,37.10904480135251,-5.619360131255135,1.265530556000435,21.25,SELL,-4.129217142112807,-10.200097608589552,1.190832443983483,2.24333105689038,-25.75822757582276,0.0,8.877769814968905,7.764705882352941,3.6117136659436007,1.0,40.0,37.647058823529406,28.633405639913235,24.07809110629067,2026-10-07 19:03:41
2026-10-07,GPIL,Capital Goods,214.31,231.697,238.6514,260.73185,223.16939523868749,230.53478312714657,-7.365387888459082,-5.581632755853496,255.7659379207221,231.697,207.62806207927784,29.27877428998505,-12.186027453390702,1.9455764281667136,21.18,SELL,-12.579004722121336,-14.782947383329804,2.072396459432374,3.1509762226947617,-33.028125,0.0,5.972844149660189,11.054876354542928,3.156182212581345,1.0,95.0,15.548763545429283,15.835140997830802,21.0412147505423,2026-10-07 19:03:41
2026-10-07,RAILTEL,Telecommunication,254.65,259.95750000000004,273.837,306.84805,258.96588075689226,263.99169979531496,-5.025819038422696,-5.324616796844961,269.6483136098847,259.95750000000004,250.26668639011527,51.649928263988535,-5.702647657841142,1.9037971292396745,20.91,SELL,1.5320647287983435,-27.039030955585464,1.5539128228039356,3.782502594597621,-36.46457085828343,0.0,5.549576501483808,8.111111111111112,2.245119305856833,5.0,50.0,31.11111111111111,14.099783080260304,14.967462039045554,2026-10-07 19:03:41
2026-10-07,BAJAJHFL,Financial Services,84.08,83.25699999999999,84.27539999999999,86.67185,82.99903244275004,83.39189214687067,-0.3928597041206387,-0.4823859267959198,85.16689776525165,83.25699999999999,81.34710223474833,54.46570972886765,0.0475963826749081,1.3140142232275898,20.82,SELL,4.267068273092356,-24.963872832369937,1.0146023548749308,2.117880929726789,-25.888056412516537,0.0,6.875364939805975,7.6134751773049665,1.334056399132321,5.0,55.00000000000001,21.134751773049647,16.268980477223426,8.893709327548807,2026-10-07 19:03:41
2026-10-07,MUTHOOTFIN,Financial Services,2654.4,2782.18,2892.4960000000005,3295.9095,2745.248767198133,2808.360032578561,-63.1112653804289,-53.118092818179306,2916.219909218077,2782.18,2648.1400907819225,35.137195121951194,-7.833333333333325,1.482242113086435,20.67,SELL,-11.429266216791287,-8.698376887886194,1.973554821499145,2.126119435115817,-36.030847090010845,0.0,8.018738787269553,7.7794326241134755,3.872017353579176,1.0,55.00000000000001,22.794326241134748,24.295010845986983,25.81344902386117,2026-10-07 19:03:41
2026-10-07,ITCHOTELS,Consumer Services,159.17,158.0195,161.87959999999998,168.2107,159.64617623509122,159.99725937009353,-0.3510831350023125,-0.7635648605495189,164.9679795004787,158.0195,151.0710204995213,58.0591187953151,0.8873676871394842,1.617217305832939,20.63,SELL,7.702070808283223,-26.10230085250711,1.6246708019770573,2.673691201680142,-31.39224137931035,0.0,7.375165335167452,5.486956521739131,2.7657266811279824,5.0,10.0,44.869565217391305,18.655097613882862,18.43817787418655,2026-10-07 19:03:41
2026-10-07,ABREL,Realty,1049.4,1209.9550000000002,1320.638,1355.1445,1147.138091858495,1219.4007842211408,-72.2626923626458,-57.90812261558855,1388.9734991910996,1209.9550000000002,1030.9365008089007,20.245795601552416,-23.83509943388009,1.839589707138485,20.58,SELL,16.53516586069397,-27.338129496402885,1.7411696857229204,4.441313403577554,-45.17241379310344,0.0,8.565636257821858,7.045454545454546,3.969631236442517,1.0,45.0,25.454545454545457,24.5119305856833,26.46420824295011,2026-10-07 19:03:41
2026-10-07,ONGC,Oil Gas & Consumable Fuels,221.88,232.022,235.3054,256.31155,228.2085266995944,231.65277416680848,-3.444247467214097,-2.2645523681475765,242.86582647553087,232.022,221.17817352446912,27.47584541062801,-5.057766367137351,1.2682034623255192,20.5,SELL,-16.746496363313824,-7.810474207362583,1.0602209842367272,1.961806896906952,-27.8439024390244,0.0,8.039545767179225,9.705882352941178,1.75704989154013,1.0,70.0,27.05882352941176,21.25813449023861,11.713665943600867,2026-10-07 19:03:41
2026-10-07,DOMS,Fast Moving Consumer Goods,2058.9,2106.6,2180.926,2296.441,2089.203733610329,2122.205865930353,-33.002132320023975,-33.345585220251905,2188.652178520695,2106.6,2024.547821479305,46.096764618581226,-6.477401771519419,1.285613204548897,20.43,SELL,-4.998064432878846,-12.950774445276492,1.030056864982723,2.0839838193765075,-25.26678765880217,0.0,7.977153685952162,6.846153846153846,2.6030368763557483,3.0,20.0,48.46153846153846,25.16268980477224,17.35357917570499,2026-10-07 19:03:41
2026-10-07,IOB,Financial Services,31.03,31.9435,32.872600000000006,34.0338,31.475008795302024,32.014813482232306,-0.5398046869302817,-0.493725855843419,33.488124294294494,31.9435,30.39887570570551,36.54822335025379,-6.253776435045322,1.23774443613649,20.41,SELL,1.5128593040847127,-16.187859105670753,1.1260649058468877,2.143087334837255,-25.765550239234447,0.0,8.476982939815594,8.13971631205674,2.798264642082429,1.0,55.00000000000001,26.397163120567377,26.89804772234273,18.655097613882862,2026-10-07 19:03:41
2026-10-07,BANKBARODA,Financial Services,234.55,233.621,239.7778,269.22,232.91908123337333,235.2611080081095,-2.342026774736155,-2.83375459747817,239.39228609220152,233.621,227.8497139077985,49.24108718672789,-1.033755274261594,1.2333336308345035,20.35,SELL,-7.991992608561748,-12.373968835930338,1.2534669931222977,1.9551116119012075,-27.941628264208905,0.0,7.237885441366739,7.640425531914895,2.472885032537961,3.0,55.00000000000001,21.404255319148938,22.559652928416483,16.48590021691974,2026-10-07 19:03:41
2026-10-07,TATACONSUM,Fast Moving Consumer Goods,968.5,984.1275,1032.235,1110.58325,973.693054782074,993.6184410471355,-19.92538626506144,-20.85130486035351,1022.9105602603626,984.1275,945.3444397396372,40.32455603184324,-4.581280788177344,1.253204048555849,20.19,SELL,-4.283548142532223,-14.159442461329252,1.2635583305043716,1.932295892027435,-24.495205426054422,0.0,7.748103755934029,6.76923076923077,2.668112798264642,3.0,20.0,47.69230769230769,23.42733188720173,17.787418655097614,2026-10-07 19:03:41
2026-10-07,POWERGRID,Power,253.05,263.795,268.3,283.68525,260.232103239648,263.74239262129976,-3.510289381651773,-2.4935123185274053,274.5023953784059,263.795,253.08760462159412,39.106145251396654,-5.02908613248263,1.4829077997015632,19.86,SELL,-9.876334067423343,-8.747855917667236,1.256581412245823,2.0097665622265484,-22.12648099707647,0.0,8.161040060410464,7.411764705882354,3.286334056399132,1.0,40.0,34.11764705882353,26.46420824295011,21.908893709327547,2026-10-07 19:03:41
2026-10-07,LTM,Information Technology,3930.0,4162.29,4408.89,4627.0315,4061.261447266673,4186.936984160088,-125.67553689341504,-108.06670734875578,4487.7839042197975,4162.29,3836.796095780203,29.18384171475681,-11.64568345323741,1.5886243344443032,19.43,SELL,5.725031341412468,-20.09124407790841,2.0101295670196704,3.419120319883679,-38.87549576172332,0.0,8.369456161530655,6.021739130434783,4.034707158351409,1.0,15.0,45.21739130434783,25.379609544468547,26.89804772234273,2026-10-07 19:03:41
2026-10-07,JWL,Capital Goods,223.56,230.0575,243.112,273.24490000000003,226.85361711929767,232.3810106908929,-5.527393571595184,-5.702593887134931,243.5060763284674,230.0575,216.60892367153247,44.831074246409074,-8.747295807992161,2.0655620982045213,19.25,SELL,-5.801254744016737,-25.500765696784068,1.5958540870035232,3.404007872606908,-37.59665038381019,0.0,3.9946804161395977,10.401917199222009,1.8546637744034704,3.0,95.0,9.01917199222006,11.279826464208242,12.364425162689804,2026-10-07 19:03:41
2026-10-07,GICRE,Financial Services,316.55,336.0325,347.83700000000005,369.5595,327.7405610659817,336.72704119792144,-8.986480131939743,-6.780551459584997,359.5896706593491,336.0325,312.47532934065083,36.75,-9.505431675242992,1.851691427872365,19.22,SELL,-7.004799584900767,-6.361024033437834,1.248902781433337,2.844280975697812,-24.261275272161743,0.0,9.335840816503216,8.458865248226951,0.4251626898047718,1.0,55.00000000000001,29.588652482269502,30.585683297180044,29.50108459869848,2026-10-07 19:03:41
2026-10-07,IGL,Oil Gas & Consumable Fuels,146.35,147.2705,149.7662,162.41365000000002,144.96351966919056,147.05826372990626,-2.0947440607156977,-1.873948232580421,155.07605665771914,147.2705,139.46494334228086,44.22158548233043,-5.458656330749367,1.2799221145608544,19.18,SELL,6.202540151871516,-25.42820742698061,1.4108929491684044,2.3422324173946985,-34.51901565995526,0.0,7.158235975970487,9.0,2.0173535791757047,1.0,70.0,20.0,18.22125813449024,13.449023861171366,2026-10-07 19:03:41
2026-10-07,BHARTIHEXA,Telecommunication,1477.9,1482.11,1535.364,1574.6294999999998,1446.5622951209753,1482.0559427339851,-35.4936476130099,-30.62700843301478,1601.3818769516924,1482.11,1362.8381230483078,49.81343283582091,-3.32308497416105,2.336884681069328,19.12,SELL,-1.462836056931982,-19.89071623721005,2.0701899966719104,3.014412341836392,-24.427285743505823,0.0,6.392879645617596,7.888888888888889,3.8394793926247286,1.0,50.0,28.88888888888889,18.87201735357917,25.59652928416486,2026-10-07 19:03:41
2026-10-07,BRITANNIA,Fast Moving Consumer Goods,4780.0,4927.3150000000005,5214.866,5543.9015,4872.044905617213,4983.522208691462,-111.477303074249,-112.27122520086706,5114.147323079688,4927.3150000000005,4740.482676920313,32.74642351831474,-5.2057511155180975,1.125676134839961,19.09,SELL,-7.831978319783195,-12.936257359842996,1.1807542006656349,1.705319784817691,-23.776112262797,0.0,7.21012356248587,6.76923076923077,2.1149674620390453,3.0,20.0,47.69230769230769,22.34273318872017,14.099783080260304,2026-10-07 19:03:41
2026-10-07,CHAMBLFERT,Chemicals,396.35,412.805,426.562,445.3155,407.88998222028727,414.60583987242063,-6.715857652133366,-5.574005089816565,427.9078021101678,412.805,397.7021978898322,37.02950152594099,-5.190766654706369,1.0584986573163209,19.08,SELL,-6.221327067248517,-13.526619892695011,1.1783387916889645,2.041846131665736,-24.07088122605363,0.0,7.362842754832597,8.666666666666666,2.0498915401301514,1.0,60.0,26.666666666666664,22.7765726681128,13.665943600867678,2026-10-07 19:03:41
2026-10-07,TMPV,Automobile and Auto Components,283.0,295.2325,314.92600000000004,343.73549999999994,289.1552815393617,298.1949340917106,-9.039652552348912,-8.810500975890946,315.5838681164964,295.2325,274.88113188350366,37.05035971223021,-7.817589576547235,1.8278797961312647,19.05,SELL,1.3337670787247902,-24.475694023518,1.5567022363742768,3.0615850580514867,-61.74124645126402,0.0,6.123947265897427,9.292063492063493,2.635574837310195,1.0,80.0,12.92063492063492,15.184381778741866,17.570498915401302,2026-10-07 19:03:41
2026-10-07,HUDCO,Financial Services,161.79,170.135,182.18420000000003,196.51305,166.74261356779385,172.40534645038198,-5.662732882588131,-5.160391389177953,181.13587939068884,170.135,159.13412060931114,38.4391380314502,-9.735550100424016,1.668406811138663,19.02,SELL,6.488909863142989,-24.701760240260285,1.4181261938293146,3.462601432191639,-34.45817297954223,0.0,7.567766977216213,7.722695035460993,2.733188720173536,1.0,55.00000000000001,22.22695035460993,19.95661605206074,18.22125813449024,2026-10-07 19:03:41
2026-10-07,SHREECEM,Construction Materials,21780.0,22307.0,23962.2,25176.3,22194.284019612733,22723.24014030735,-528.9561206946164,-591.7364282631756,23096.77944956005,22307.0,21517.22055043995,49.8159509202454,-6.78365075968329,1.467199454996009,18.95,SELL,0.6752479426039182,-16.99721642310369,1.4582041679053324,2.4563820018365474,-28.083209509658246,0.0,7.7915358013765506,4.9,3.253796095444686,3.0,5.0,44.0,23.861171366594363,21.69197396963124,2026-10-07 19:03:41
2026-10-07,MARUTI,Automobile and Auto Components,11450.0,12078.0,13037.28,13896.09,11840.07462594814,12253.705806776465,-413.6311808283244,-391.8336459818605,12811.72244859947,12078.0,11344.27755140053,33.129123468426016,-10.266457680250785,1.452976203096587,18.86,SELL,0.0472887767969831,-21.670986054547704,1.2608985681465144,2.067997504678728,-34.081750143926314,0.0,6.384222095031046,9.523809523809524,1.9522776572668112,1.0,80.0,15.238095238095235,17.570498915401302,13.015184381778742,2026-10-07 19:03:41
2026-10-07,ICICIPRULI,Financial Services,457.5,467.1525,490.427,550.90975,461.19722367030977,471.8970268033712,-10.699803133061437,-10.06633758908501,497.8966132576476,467.1525,436.4083867423523,43.04783092324806,-2.7940082864124083,1.9779494078041413,18.63,SELL,-3.615279672578442,-17.629913391072616,1.7972782635599271,2.992974238875877,-35.271646859083184,0.0,6.639273535310781,7.447517730496455,3.5466377440347068,1.0,55.00000000000001,19.47517730496454,20.39045553145336,23.644251626898047,2026-10-07 19:03:41
2026-10-07,NTPCGREEN,Power,88.51,90.2495,90.6902,95.14525,90.74009841991136,90.72144024184428,0.0186581780670849,0.2016528267820599,95.9371282171785,90.2495,84.5618717828215,52.12765957446809,0.3970054446461146,1.833895673702071,18.55,SELL,-8.862825089240179,-14.569789674952194,1.507618328056257,2.958503478218765,-26.210921217173823,0.0,6.469152666285094,6.117647058823529,2.960954446854663,3.0,40.0,21.176470588235293,19.52277657266812,19.739696312364423,2026-10-07 19:03:41
2026-10-07,TATAINVEST,Financial Services,615.3,653.6025,656.313,661.307,636.348239545407,646.5333172494603,-10.185077704053356,-4.270035963208825,722.9003656540755,653.6025,584.3046343459245,29.56148420729835,-1.991079961771269,3.410434626491772,18.5,SELL,7.043918918918934,-20.985037406483787,2.2224443708576347,3.78444893315688,-48.06280070904027,0.0,8.536056293317813,8.183687943262411,0.783080260303687,1.0,55.00000000000001,26.83687943262411,24.945770065075923,31.88720173535792,2026-10-07 19:03:41
2026-10-07,COLPAL,Fast Moving Consumer Goods,1757.4,1824.68,1901.966,2032.551,1803.407433477436,1836.178219691349,-32.770786213913425,-28.717735919945213,1922.113801548696,1824.68,1727.2461984513045,38.44073907165392,-3.093465674110829,1.8685620774206808,18.42,SELL,-0.0273268841886609,-18.893273622134533,1.6438089985038096,2.554504218894797,-24.57187003734066,0.0,7.076595273939329,6.923076923076923,3.41648590021692,1.0,20.0,49.230769230769226,21.475054229934923,22.7765726681128,2026-10-07 19:03:41
2026-10-07,UCOBANK,Financial Services,23.4,23.6195,24.9252,26.5037,23.449754521833142,23.930345711026828,-0.4805911891936851,-0.5183322297915496,24.34251925431433,23.6195,22.896480745685665,45.56962025316454,-4.176904176904195,1.053362030271649,18.17,SELL,1.7659137577002104,-23.65988909426987,1.1264738064183206,2.0024420024420024,-31.578947368421066,0.0,6.611569373433825,7.448936170212767,1.106290672451193,3.0,55.00000000000001,19.48936170212766,16.052060737527114,7.37527114967462,2026-10-07 19:03:41
2026-10-07,BLUESTARCO,Consumer Durables,1530.1,1523.415,1534.2379999999998,1695.6330000000005,1527.7440179450484,1526.2176631819093,1.5263547631391248,-0.4224351539148285,1596.6830809371484,1523.415,1450.1469190628516,52.72955448650909,2.2794117647058743,2.7620655066106568,18.16,SELL,-5.199948894851159,-24.3551840146804,2.1430713480707766,3.28643319297525,-24.733139849476128,0.0,4.706157923342199,5.233333333333334,3.2212581344902382,5.0,35.0,17.333333333333336,12.79826464208243,21.475054229934923,2026-10-07 19:03:41
2026-10-07,UPL,Chemicals,495.0,548.5275,566.548,639.46875,529.537098667271,547.1372093574076,-17.600110690136603,-11.771476887674051,598.8195991493012,548.5275,498.2354008506989,29.08201655379981,-13.61256544502618,1.9716788909774416,18.01,SELL,-4.212258329905394,-19.29715117488044,1.826752329118612,2.993506493506492,-39.054420093573015,0.0,6.057947871925968,7.833333333333333,3.123644251626898,1.0,60.0,18.33333333333333,16.48590021691974,20.824295010845987,2026-10-07 19:03:41
2026-10-07,SBICARD,Financial Services,557.4,616.265,636.6429999999999,685.46025,589.3452489633314,611.1664725698273,-21.82122360649589,-14.700799188590471,691.0617709688674,616.265,541.4682290311325,28.212491026561324,-17.37938190172682,1.9284766050380493,17.91,SELL,3.645095260588871,-25.68444820773356,1.9120824875093687,2.937746681019014,-42.23834196891192,0.0,6.479714878000683,7.437588652482271,2.9934924078091107,1.0,55.00000000000001,19.375886524822693,15.61822125813449,19.95661605206074,2026-10-07 19:03:41
2026-10-07,IRB,Construction,17.44,18.193,18.9508,20.45415,17.65457981858324,18.198535345463046,-0.543955526879806,-0.5057876037725895,20.05860107429788,18.193,16.327398925702127,32.76231263383296,-9.4025974025974,2.3064345372295523,17.85,SELL,-4.934687953555894,-11.922904527117884,1.6134581595392783,3.399410222804717,-27.18162839248433,0.0,8.282563212143655,8.333333333333334,0.2299349240780905,1.0,30.0,53.33333333333333,26.68112798264642,28.199566160520607,2026-10-07 19:03:41
2026-10-07,MSUMI,Automobile and Auto Components,33.57,34.9745,37.5688,40.4336,34.21296864212968,35.3572906672954,-1.144322025165721,-1.0893145692442368,37.25239815400019,34.9745,32.69660184599981,32.664233576642346,-9.024390243902436,1.286376002804321,17.83,SELL,-0.6528835690968293,-22.969837587006943,1.509756727704899,2.410740882590745,-37.35771599178952,0.0,6.042364280870179,9.130158730158731,1.6594360086767896,1.0,80.0,11.3015873015873,15.40130151843818,11.062906724511931,2026-10-07 19:03:41
2026-10-07,PFC,Financial Services,325.55,338.635,364.025,399.45575,330.36883328233284,341.68446529406634,-11.3156320117335,-11.04121591531056,362.7072618271325,338.635,314.56273817286745,27.403314917127062,-7.802322288303598,1.223023465883905,17.79,SELL,-12.392214831239212,-12.208369337118874,1.6845020778085722,2.1151019154398045,-33.08324768756423,0.0,6.757189374299579,7.494326241134752,2.5379609544468544,1.0,55.00000000000001,19.943262411347515,19.739696312364423,16.919739696312362,2026-10-07 19:03:41
2026-10-07,JIOFIN,Financial Services,216.44,224.7365,238.34800000000004,248.09620000000004,220.384945337195,226.5745111989508,-6.189565861755739,-5.50508484792447,238.5245119936285,224.7365,210.94848800637143,37.93796668581275,-7.6621160409556355,1.3238020722238135,17.73,SELL,1.7806298074879878,-22.69205939315688,1.5711413739955826,2.165562214536525,-31.69007416758719,0.0,6.863186651980896,7.558156028368796,2.310195227765727,1.0,55.00000000000001,20.581560283687946,17.787418655097614,15.40130151843818,2026-10-07 19:03:41
2026-10-07,CROMPTON,Consumer Durables,210.7,220.6115,236.4136,253.15415,214.955949900962,222.67035373168144,-7.714403830719448,-7.418927031181708,237.8960136344324,220.6115,203.3269863655676,34.86653956148713,-8.795775257553462,1.6556944069339472,17.61,SELL,-1.1820733055531885,-18.925518925518915,1.9220773104114512,2.3964336565190894,-32.14170692431563,0.0,6.724319540572649,6.566666666666666,3.31887201735358,1.0,35.0,30.666666666666664,20.824295010845987,22.125813449023862,2026-10-07 19:03:41
2026-10-07,AWL,Fast Moving Consumer Goods,187.11,183.272,188.8234,196.14655,182.49087631863915,184.6362308387844,-2.1453545201451902,-2.5617558398794085,190.74756468557828,183.272,175.7964353144217,57.507987220447305,-0.6161363998512748,1.6535486196959108,17.49,SELL,4.119412941961298,-31.99346405228757,1.4508842762766812,2.8253052062575885,-33.86002120890773,0.0,5.506231031547152,5.615384615384617,1.3665943600867678,5.0,20.0,36.15384615384616,11.713665943600867,9.11062906724512,2026-10-07 19:03:41
2026-10-07,IEX,Financial Services,105.85,111.3685,119.5082,125.05335,108.55647368389604,112.46015278873142,-3.903679104835392,-3.460931904045974,119.76356440212292,111.3685,102.97343559787709,35.29411764705878,-9.91489361702128,1.540563851810978,17.38,SELL,-5.746670894102723,-17.164750957854412,1.5713030798604544,2.331466360753087,-33.95520059898921,0.0,6.227982165445791,7.453191489361703,2.700650759219089,1.0,55.00000000000001,19.53191489361702,18.43817787418655,18.004338394793926,2026-10-07 19:03:41
2026-10-07,EIHOTEL,Consumer Services,296.5,297.3675,302.523,319.773,298.5736430486528,299.0399206894908,-0.4662776408380296,-0.8844823042912392,313.45532720602085,297.3675,281.2796727939792,53.27380952380951,0.8503401360544283,2.0899711366517644,17.31,SELL,-3.8537549407114735,-26.06382978723405,1.9376121522399257,2.858347386172004,-28.372991907235168,0.0,4.539586650056996,5.265217391304348,2.505422993492408,5.0,10.0,42.65217391304348,12.364425162689804,16.702819956616054,2026-10-07 19:03:41
2026-10-07,GILLETTE,Fast Moving Consumer Goods,7223.5,7149.775,7385.0,7843.265,7078.260642021851,7181.61558899813,-103.35494697627928,-122.09044528940856,7517.974670516627,7149.775,6781.575329483372,47.70318021201414,-2.127227152631938,1.374280935156267,17.28,SELL,-2.4544787567531534,-19.673751853682653,1.0406559530542652,2.273828476500311,-27.277760998691235,0.0,6.330400988884667,6.384615384615385,1.561822125813449,3.0,20.0,43.84615384615385,18.004338394793926,10.412147505422992,2026-10-07 19:03:41
2026-10-07,NBCC,Construction,76.74,81.071,86.7964,95.6015,79.22001698060002,82.0711854037024,-2.85116842310238,-2.606824159294317,86.7391191533756,81.071,75.4028808466244,35.45171339563859,-10.76744186046512,1.6204164697703436,16.66,SELL,2.6796300687692565,-26.839570837205383,1.3360803597182582,2.729066607096313,-39.02264600715137,0.0,6.032004078668276,8.0,1.626898047722343,1.0,30.0,50.0,14.75054229934924,10.84598698481562,2026-10-07 19:03:41
2026-10-07,DMART,Consumer Services,3636.0,3734.05,3844.134,3992.6185,3713.122914849584,3762.41333312513,-49.29041827554602,-38.35546429501211,3888.932875952002,3734.05,3579.167124047998,44.28882240957303,-1.99460916442048,1.7794414863004668,16.63,SELL,-17.166523850328485,-9.39895700656077,1.5194021794498962,2.545772434386296,-21.70542635658916,0.0,7.374934467151809,5.421739130434784,2.8308026030368767,1.0,10.0,44.21739130434783,19.088937093275486,18.87201735357917,2026-10-07 19:03:41
2026-10-07,NCC,Construction,126.88,134.87550000000002,140.7052,148.30105,131.2535753162411,135.4499530602983,-4.196377744057202,-3.5836081186117923,146.93664330794138,134.87550000000002,122.81435669205868,28.86115444617788,-15.78947368421052,1.1471966210625884,16.58,SELL,5.541455160744491,-29.71501009437063,1.744535491660162,2.947667087011347,-41.59723820483314,0.0,6.281918705599993,7.833333333333335,1.4642082429501084,1.0,30.0,48.33333333333334,13.882863340563992,9.761388286334055,2026-10-07 19:03:41
2026-10-07,LEMONTREE,Consumer Services,112.52,106.1725,107.8404,118.29215,107.57413588204604,107.14832473032088,0.4258111517251848,-0.4086811872415423,110.93370672451852,106.1725,101.41129327548146,75.13572204125946,4.8844146159582325,1.4793935659155262,16.56,SELL,-4.338711147570862,-37.607752214493786,1.377052058580521,2.544309583058252,-35.407577497129736,8.0,2.812982478079564,3.291304347826087,0.4555314533622559,2.0,10.0,22.913043478260867,4.55531453362256,3.036876355748373,2026-10-07 19:03:41
2026-10-07,WAAREEENER,Capital Goods,2401.0,2478.9700000000003,2588.74,2875.114,2427.032392525407,2494.028738146112,-66.99634562070469,-61.845033026408274,2643.30401288062,2478.9700000000003,2314.635987119381,39.07820008737438,-7.404550713459312,1.779044738480343,16.08,SELL,-14.57840308619962,-23.227084668725595,1.471490281298903,2.4468971261974164,-35.43616220286114,0.0,3.5937781069784664,10.277438177271463,1.2039045553145336,1.0,95.0,7.774381772714642,8.026030368763557,8.026030368763557,2026-10-07 19:03:41
2026-10-07,VOLTAS,Consumer Durables,1056.8,1113.2599999999998,1197.924,1327.589,1090.1069200080276,1128.1558741731965,-38.04895416516865,-35.94816590420525,1183.9835805237583,1113.2599999999998,1042.536419476241,36.58712942877799,-9.458533241946544,1.898120859130128,15.88,SELL,-6.549520766773165,-17.59402732779265,1.6841671272213,2.9185141126851937,-33.219589257503955,0.0,5.782002876230695,6.166666666666668,2.928416485900217,1.0,35.0,26.666666666666668,16.919739696312362,19.52277657266812,2026-10-07 19:03:41
2026-10-07,SYNGENE,Healthcare,360.3,375.1725,391.662,451.71975,369.01157196988726,378.4390574856963,-9.427485515809051,-8.334394218007347,394.3457399864872,375.1725,355.9992600135128,36.34482758620688,-7.449267916773694,1.5269865567417842,15.82,SELL,-0.9514271407110586,-39.199262276185344,1.5696628029329682,2.9330716466436693,-46.9327638264968,0.0,3.4238303889645088,10.651162790697676,0.7483731019522777,1.0,100.0,6.511627906976745,4.989154013015185,4.989154013015185,2026-10-07 19:03:41
2026-10-07,CESC,Power,131.18,139.9145,150.964,161.4994,136.2680797850144,141.47094726317533,-5.202867478160925,-4.935539894253821,150.77277256785842,139.9145,129.05622743214158,23.86646736422521,-9.804730473047297,1.4306012844282991,15.81,SELL,-4.876306733328994,-18.629193512552767,1.388321878955145,2.3751442946442185,-35.853300733496326,0.0,6.193294246095685,6.470588235294118,2.1475054229934925,1.0,40.0,24.705882352941178,17.136659436008678,14.316702819956618,2026-10-07 19:03:41
2026-10-07,HAVELLS,Consumer Durables,1060.5,1085.61,1187.808,1261.111,1069.5572124805835,1108.3076002524851,-38.750387771901615,-39.9117815994052,1150.8864775881657,1085.61,1020.3335224118345,43.652849740932616,-7.782608695652171,1.7596549114398767,15.77,SELL,-4.359356870545328,-23.38843523866427,1.430414524938328,2.36815518286523,-30.230263157894733,0.0,5.141719293351483,5.9,1.7245119305856833,3.0,35.0,24.0,13.665943600867678,11.496746203904555,2026-10-07 19:03:41
2026-10-07,CENTRALBK,Financial Services,30.44,30.7485,30.9074,33.97375,30.54357549261133,30.72777761520168,-0.1842021225903458,-0.1180187702745706,31.79871852362671,30.7485,29.69828147637329,50.48923679060666,-1.6795865633074891,1.4216439158201084,15.62,SELL,-8.39964633068082,-20.916030534351147,1.1444569667466598,2.1635066641636937,-25.61094819159335,0.0,4.645381918224625,6.931205673758867,1.0412147505422993,3.0,55.00000000000001,14.312056737588652,13.449023861171366,6.941431670281996,2026-10-07 19:03:41
2026-10-07,SIGNATURE,Realty,712.5,757.8875,783.3009999999999,854.55475,745.0308866835843,760.2270063391429,-15.196119655558618,-10.44950549033152,802.6722821310107,757.8875,713.1027178689894,35.1632047477745,-10.931933245827874,1.5343518749969838,15.56,SELL,2.0825323593489653,-27.322080291970806,1.751479310682578,4.326817042606517,-38.25288153219517,0.0,5.612055158216737,6.863636363636363,2.0824295010845986,1.0,45.0,23.63636363636364,14.316702819956618,13.882863340563992,2026-10-07 19:03:41
2026-10-07,TRENT,Consumer Services,2890.3,2746.4,2871.2980000000007,3527.4955,2738.653291805,2775.1158678124875,-36.462576007487314,-57.553431139725646,2943.03543611696,2746.4,2549.7645638830404,59.16413373860185,2.6931959495470004,3.140773206836035,15.55,SELL,-25.579090150250416,-39.867214669617454,2.034111541993186,2.606748681550606,-41.110431947840254,8.0,0.7808822044047693,1.773913043478261,0.0,5.0,10.0,7.739130434782608,1.9522776572668112,6.507592190889371,2026-10-07 19:03:41
2026-10-07,HCLTECH,Information Technology,1185.0,1239.145,1294.906,1348.4084999999998,1228.1070531215437,1249.3508221795407,-21.24376905799704,-15.979730184628105,1293.496777194579,1239.145,1184.793222805421,34.40366972477065,-7.623947614593074,1.8171762018837705,15.48,SELL,-7.831539941566302,-16.544070202606775,1.6922325387895942,2.729355033152504,-33.43070614010448,0.0,5.998903376925704,5.586956521739131,2.89587852494577,1.0,15.0,40.869565217391305,17.35357917570499,19.3058568329718,2026-10-07 19:03:41
2026-10-07,JAINREC,Metals & Mining,295.15,286.675,296.442,375.76625,288.58448020905,289.625778976028,-1.0412987669780025,-3.0436435500991235,304.05906711542855,286.675,269.2909328845715,61.11414527580555,4.904922694153169,2.916165735399584,15.35,SELL,-38.2813367380926,-30.087783283446942,2.4694258482491445,3.93020498051838,,0.0,1.6606624950098838,7.611111111111112,1.0737527114967462,5.0,65.0,11.11111111111111,2.386117136659436,7.158351409978309,2026-10-07 19:03:41
2026-10-07,JKCEMENT,Construction Materials,5047.0,4979.425,5179.65,5396.59,5001.665671482011,5043.504553668446,-41.8388821864346,-56.03390809007988,5220.651531446376,4979.425,4738.1984685536245,61.03268945022288,0.0,2.4430258710305885,15.1,SELL,-5.0877520537714656,-18.605395885037225,1.7265690564877554,3.316680347589799,-25.38990317096608,0.0,6.195025756212996,3.9,0.0,5.0,5.0,34.0,16.702819956616054,23.861171366594363,2026-10-07 19:03:41
2026-10-07,GODREJCP,Fast Moving Consumer Goods,865.55,865.03,927.704,1061.02925,862.6784156577352,880.2723620878941,-17.593946430158894,-21.355053879580144,889.3296946049367,865.03,840.7303053950633,50.93099671412923,0.4234830026685232,1.3075532261778025,15.05,SELL,-12.370876790259,-21.12119306441469,1.89588899486486,1.9706710019228053,-32.0551063662768,0.0,4.109162093395732,4.538461538461539,1.3991323210412143,5.0,20.0,25.384615384615383,11.062906724511931,9.327548806941431,2026-10-07 19:03:41
2026-10-07,DABUR,Fast Moving Consumer Goods,383.55,382.545,394.608,447.57925,383.0695898284072,385.9612985116682,-2.891708683261016,-3.86505661920706,394.39608922380506,382.545,370.69391077619485,51.35608048993876,2.1438082556591187,1.3864429010207475,14.76,SELL,-7.928450568044476,-24.05542817266475,1.1530007221712062,2.042013520308396,-28.174157303370784,0.0,4.110922462014997,4.769230769230769,0.878524945770065,5.0,20.0,27.692307692307693,11.496746203904555,5.856832971800434,2026-10-07 19:03:41
2026-10-07,RAMCOCEM,Construction Materials,845.0,860.9525,890.515,967.429,852.6071873093304,865.8156790610003,-13.208491751669952,-12.13911020802621,892.5470110988555,860.9525,829.3579889011445,41.82063992789544,-3.040734366035569,0.996674386274608,14.71,SELL,-5.60298826040555,-16.188942057137435,1.3983291250240475,2.49112426035503,-30.42404281597365,0.0,6.719067293216808,5.300000000000001,1.691973969631236,1.0,5.0,48.0,20.607375271149674,11.279826464208242,2026-10-07 19:03:41
2026-10-07,IREDA,Financial Services,107.33,110.96699999999998,114.863,124.19315,110.4264635657994,111.978823689505,-1.552360123705597,-1.4374506240178102,114.99098127022305,110.96699999999998,106.94301872977694,47.876141325922966,-4.97565294378044,1.927056355044298,14.57,SELL,-1.678491088423606,-26.082997268115005,1.4812387912430889,3.0406889300022626,-32.369250157529926,0.0,4.864100504542809,6.817730496453902,1.8872017353579176,1.0,55.00000000000001,13.177304964539006,13.015184381778742,12.58134490238612,2026-10-07 19:03:41
2026-10-07,TTML,Telecommunication,34.01,35.347500000000004,37.2508,41.54335,34.89554932245375,35.79077664767982,-0.8952273252260667,-0.852580968657759,36.94753782850504,35.347500000000004,33.747462171494966,43.37349397590362,-8.942436412315935,2.136328325540092,14.45,SELL,0.6399999999999961,-31.181619256017505,1.721509157916952,4.0177258789431685,-43.39214380825565,0.0,4.466747791122162,7.0,1.9848156182212584,1.0,50.0,20.0,9.97830802603037,13.232104121475055,2026-10-07 19:03:41
2026-10-07,GODFRYPHLP,Fast Moving Consumer Goods,1862.4,1938.415,2063.032,2166.262,1911.8876379655749,1963.9564537820263,-52.06881581645166,-49.045632307180526,2042.215928400488,1938.415,1834.614071599512,42.31429798196652,-8.21094135041892,1.812431444195648,14.43,SELL,6.462496755774727,-34.79573994595454,2.146132579529889,2.70887027491409,-46.75814751286449,0.0,5.785639047477046,5.461538461538462,2.180043383947939,1.0,20.0,34.61538461538461,10.412147505422992,14.533622559652928,2026-10-07 19:03:41
2026-10-07,TCS,Information Technology,2080.3,2130.945,2266.474,2501.371,2101.715293539989,2153.952603422642,-52.237309882652426,-54.86073276214926,2266.3120950453604,2130.945,1995.57790495464,33.16785603475019,-8.356828193832587,1.5078072717176607,13.83,SELL,-6.867698775213227,-24.093170362072943,1.818214589561585,2.621874592263479,-37.90149253731343,0.0,4.253223735155908,4.978260869565218,1.5943600867678958,3.0,15.0,34.78260869565217,12.147505422993492,10.629067245119304,2026-10-07 19:03:41
2026-10-07,AFCONS,Construction,244.38,255.85100000000003,269.95039999999995,309.99935,249.76384578544105,259.00881686023155,-9.2449710747905,-8.297625321203288,277.08684348268764,255.85100000000003,234.61515651731244,36.0302909525708,-16.650750341064114,2.2117787364878483,13.82,SELL,2.538959901943616,-35.02718295794962,1.9672340251814908,3.658821741316217,-49.02377972465581,0.0,4.730543357494311,6.166666666666668,1.9197396963123643,1.0,30.0,31.666666666666668,7.809110629067245,12.79826464208243,2026-10-07 19:03:41
2026-10-07,HINDUNILVR,Fast Moving Consumer Goods,1865.4,1917.485,1993.194,2179.93,1891.8946856293664,1929.861158241241,-37.96647261187468,-35.87509203053577,2000.351214942718,1917.485,1834.618785057282,35.22031823745411,-4.826530612244895,1.380648061502917,13.79,SELL,-5.343438219493479,-20.09232264334304,1.5351879821882302,1.7713550521527368,-30.06148770245949,0.0,5.466204289335341,5.538461538461539,1.7895878524945772,1.0,20.0,35.38461538461539,14.967462039045554,11.93058568329718,2026-10-07 19:03:41
2026-10-07,EIDPARRY,Fast Moving Consumer Goods,699.55,706.55,757.2389999999999,820.4652500000001,700.0479199935339,719.5183654640047,-19.470445470470736,-21.21394489971404,750.4622570108652,706.55,662.6377429891347,48.24120603015076,-10.048862029060055,1.473550477072586,13.62,SELL,-4.128834355828214,-27.464723356851096,1.5718086129269833,2.4194124794510783,-37.42844364937389,0.0,4.074531891049536,5.307692307692308,1.2364425162689805,3.0,20.0,33.07692307692308,10.84598698481562,8.24295010845987,2026-10-07 19:03:41
2026-10-07,BRIGADE,Realty,554.2,607.6949999999999,612.63,683.01825,584.4088838948243,602.1294321711883,-17.72054827636407,-10.801510181280134,678.65412018085,607.6949999999999,536.7358798191499,19.30713983945931,-18.385980413813407,1.8657500614306644,13.19,SELL,0.759933415357894,-32.996438540764274,2.579369811460128,3.5437181007372263,-48.17412446813484,0.0,4.371312725156437,5.40909090909091,2.407809110629067,1.0,45.0,9.090909090909092,8.893709327548807,16.052060737527114,2026-10-07 19:03:41
2026-10-07,BATAINDIA,Consumer Durables,615.1,632.815,675.3760000000001,741.36225,624.3603015261308,641.3451797829036,-16.984878256772845,-17.299425290283672,663.1405164403725,632.815,602.4894835596276,38.029253271747535,-8.118604824856224,0.8275835187692525,13.15,SELL,0.937734433608406,-37.24347014925373,1.3564760238317013,2.143670018812275,-50.31502423263328,0.0,4.024260380643641,5.9,0.2277657266811279,3.0,35.0,24.0,6.29067245119306,1.5184381778741864,2026-10-07 19:03:41
2026-10-07,PATANJALI,Fast Moving Consumer Goods,360.95,368.36,358.055,444.4045,368.82209394667535,366.46582707121615,2.356266875459198,5.471774248709234,417.3445475097704,368.36,319.37545249022963,48.4393063583815,5.881490173071291,3.248945897555513,13.08,SELL,-27.39029043883824,-43.81100812074481,2.8034056688804943,4.048839372291373,-41.218141845126624,8.0,0.5552952946212562,2.3846153846153846,1.13882863340564,1.0,20.0,3.846153846153846,1.5184381778741864,7.592190889370933,2026-10-07 19:03:41
2026-10-07,TATACHEM,Chemicals,609.8,651.2925,652.343,702.60575,631.8147448222926,644.0898467628108,-12.275101940518198,-5.765422334095481,754.7825060010837,651.2925,547.8024939989164,24.48766206608116,-0.5787886198744707,5.655027196410497,12.93,SELL,-1.4426487977926672,-30.60227588121009,3.3780071498010065,5.398725577472706,-35.436739015352046,0.0,4.18387675495765,7.75,0.0,1.0,60.0,17.5,9.544468546637743,29.934924078091107,2026-10-07 19:03:41
2026-10-07,BLS,Consumer Services,220.84,226.3215,241.3342,264.56905,222.82147450750023,229.03498854971787,-6.213514042217611,-6.372549629169333,239.3184199185296,226.3215,213.3245800814704,42.59909683893626,-7.664004682861558,1.468138296962081,12.84,SELL,-11.008832407855994,-24.743145288370627,2.1488571611507536,2.6894066809842943,-38.48467966573816,0.0,3.441087773133696,4.869565217391305,1.529284164859002,3.0,10.0,38.69565217391305,9.11062906724512,10.19522776572668,2026-10-07 19:03:41
2026-10-07,INOXWIND,Capital Goods,67.1,73.4495,74.215,90.95765,70.8029015906195,72.6563767195935,-1.8534751289739968,-1.082377074525202,80.39154118321586,73.4495,66.50745881678414,31.610337972167017,-11.243386243386244,2.077296358182363,12.75,SELL,-8.091414453366275,-51.91624119433852,2.1454807588063765,3.768362784756228,-57.8782172002511,0.0,1.3049814584124937,9.863989997221452,0.5856832971800433,1.0,95.0,3.639899972214504,1.735357917570499,3.904555314533624,2026-10-07 19:03:41
2026-10-07,VEDL,Metals & Mining,261.4,262.7875,268.715,462.87125,261.39596837326985,264.44578465007726,-3.0498162768074053,-3.1635275756875423,274.7483957152304,262.7875,250.82660428476967,53.97643593519879,-2.462686567164185,2.118611061295069,12.6,SELL,-60.56521739130434,-46.32606765953249,1.957949494448726,2.7038474150180387,-67.11949685534591,0.0,0.4112625113630351,7.055555555555556,0.1301518438177874,5.0,65.0,5.555555555555555,0.4338394793926247,0.8676789587852495,2026-10-07 19:03:41
2026-10-07,SJVN,Power,56.36,62.304,64.9632,71.3805,59.7223817095659,62.06379410005807,-2.3414123904921667,-1.7447656860861849,69.04208468803725,62.304,55.56591531196274,9.728033472803348,-14.032946918852964,1.1057767064027129,12.57,SELL,-3.634214802777358,-26.126840317100783,0.9103197009445646,2.429534624353645,-38.84548611111111,0.0,4.497943831735694,6.588235294117647,0.4880694143167028,1.0,40.0,25.88235294117647,12.58134490238612,3.2537960954446854,2026-10-07 19:03:41
2026-10-07,IRCON,Construction,106.66,109.558,118.7576,138.32274999999998,108.65611669288084,111.89759507443269,-3.241478381551857,-3.725244221481085,117.79776392098958,109.558,101.3182360790104,47.66355140186915,-9.387477699430802,3.88465360636236,12.3,SELL,-5.3120533587422525,-30.65650985637029,2.4464500380723635,4.444027751734485,-42.79124651362368,0.0,3.297112706879386,6.0,0.0,3.0,30.0,30.0,6.724511930585683,22.559652928416483,2026-10-07 19:03:41
2026-10-07,INTELLECT,Information Technology,591.35,643.72,678.966,745.01875,621.416168785676,645.2827806995562,-23.86661191388021,-19.701146758245,705.9217803095385,643.72,581.5182196904616,24.81508875739638,-13.31085538371325,1.6949078545216367,12.22,SELL,5.26598191016403,-34.401719608311446,1.5465758649388677,3.4799309086955983,-52.48674272858749,0.0,5.631188345013012,4.282608695652175,1.3015184381778742,1.0,15.0,27.826086956521745,9.761388286334055,8.676789587852495,2026-10-07 19:03:41
2026-10-07,SWIGGY,Consumer Services,246.0,265.2525,274.6286,290.03715,254.29491536637136,263.19982177421286,-8.90490640784148,-5.902125176931443,295.6050508335889,265.2525,234.8999491664111,33.710106382978736,-11.01465002712968,2.2207804405650124,12.19,SELL,1.5820456217807255,-33.93946644335446,2.2586088580411143,3.918408826945413,-46.51592564409175,0.0,4.577824165147587,4.239130434782609,2.3752711496746204,1.0,10.0,32.39130434782609,8.459869848156181,15.835140997830802,2026-10-07 19:03:41
2026-10-07,INFY,Information Technology,992.0,1030.7675,1099.391,1256.80375,1019.9432236943444,1045.9255024751603,-25.98227878081605,-26.17625641640261,1082.138414103037,1030.7675,979.3965858969632,31.132075471698087,-8.781609195402297,1.889783531909322,12.06,SELL,-13.48951156025111,-24.353996518944964,1.8504062923783464,2.5244815668202767,-42.5925925925926,0.0,3.3664596870776435,4.195652173913044,1.4967462039045554,3.0,15.0,26.95652173913044,7.592190889370933,9.97830802603037,2026-10-07 19:03:41
2026-10-07,EMAMILTD,Fast Moving Consumer Goods,375.45,377.7725,388.216,433.419,379.915944382746,381.5051057414535,-1.5891613587074858,-2.082125835193282,395.76362281096,377.7725,359.7813771890399,54.03808273145106,2.149367433002314,1.7342795394169357,11.97,SELL,-8.533233383308335,-32.550211903445735,1.7473320334724554,3.417803397827369,-33.84140969162996,0.0,2.264584365425591,3.692307692307692,1.0086767895878523,5.0,20.0,16.923076923076923,5.639913232104121,6.724511930585683,2026-10-07 19:03:41
2026-10-07,ZFCVINDIA,Automobile and Auto Components,2172.2,2371.215,2485.8320000000003,10196.62,2289.9002542675657,2418.820419096134,-128.9201648285689,-129.79273713436868,2600.170010751907,2371.215,2142.259989248093,13.202747392520903,-12.822570935505883,1.5268381683253942,11.38,SELL,-81.43262514551805,-80.09593635441853,1.6615934894787945,2.8213660936246354,-86.96549654965496,0.0,0.0659416769675486,8.282539682539683,0.0325379609544468,3.0,80.0,2.825396825396825,0.2169197396963123,0.2169197396963123,2026-10-07 19:03:41
2026-10-07,BSOFT,Information Technology,278.05,278.08,294.336,347.02525,276.7903712055564,281.6264300872979,-4.836058881741451,-5.668192556512377,287.98408740714217,278.08,268.1759125928578,46.04938271604939,-1.5577978403257142,1.3008373099587685,11.22,SELL,-20.67169294037011,-23.1269925611052,1.8682573485319416,2.464870141546998,-41.33966244725739,0.0,3.347355358783325,4.021739130434783,0.8459869848156181,3.0,15.0,25.217391304347824,6.073752711496746,5.639913232104121,2026-10-07 19:03:41
2026-10-07,HDFCBANK,Financial Services,702.75,717.235,723.133,812.2684999999999,715.7984201731688,719.3515880291309,-3.5531678559621014,-2.018706361662736,747.3663982067643,717.235,687.1036017932357,42.829827915870005,-1.0907811400422185,1.5279802628555597,11.06,SELL,-7.639429312581059,-28.65801733206431,1.3112051240187346,2.1563246429841936,-31.13669769720725,0.0,3.0315856303899267,6.216312056737589,0.8134490238611715,1.0,55.00000000000001,7.163120567375887,7.158351409978309,5.42299349240781,2026-10-07 19:03:41
2026-10-07,UTIAMC,Financial Services,892.3,900.26,898.35,972.11175,893.1563917108231,896.6141441599659,-3.457752449142845,-2.160896474618281,926.6936030161525,900.26,873.8263969838475,48.58121330724065,0.2640597786392362,1.2508460861282382,10.93,SELL,-6.349375166179216,-29.44310897435897,1.276891958676763,2.3154448375786503,-36.67139815471966,0.0,3.146125024649971,6.168085106382979,0.6182212581344902,1.0,55.00000000000001,6.680851063829787,7.37527114967462,4.121475054229935,2026-10-07 19:03:41
2026-10-07,IRCTC,Consumer Services,453.65,460.93500000000006,481.065,544.656,457.62365800045694,465.2945444817765,-7.670886481319542,-7.969233853952303,476.3977940554639,460.93500000000006,445.4722059445362,50.61837455830388,-4.3940990516333045,1.2282648382388115,10.86,SELL,-7.509228676899172,-34.62198722790634,1.2421221258672737,2.331879516934075,-38.34182806659872,0.0,2.259389835073661,3.2434782608695656,0.3579175704989153,5.0,10.0,22.43478260869565,5.206073752711497,2.386117136659436,2026-10-07 19:03:41
2026-10-07,RPOWER,Power,20.32,20.751,22.104,26.1166,20.37455911749629,21.00373183794992,-0.6291727204536315,-0.6682832203609903,22.20853793847858,20.751,19.29346206152142,43.611111111111086,-7.383773928896997,1.5403575764934827,10.74,SELL,-5.2360515021459335,-52.5671321160043,1.5592703867036208,3.392154105736785,-59.94480583481175,0.0,2.045981213115227,5.529411764705883,0.1626898047722342,3.0,40.0,15.294117647058824,2.169197396963124,1.084598698481562,2026-10-07 19:03:41
2026-10-07,PIIND,Chemicals,2210.0,2318.645,2471.894,2847.489,2290.0631839733305,2349.1894783776297,-59.12629440429919,-53.46713545648844,2454.5415934277944,2318.645,2182.7484065722056,45.9958217270195,-9.053497942386834,2.0299036015521814,10.71,SELL,-13.13387602635937,-31.447800211357706,1.919218049802192,2.887201034259857,-42.34130814787759,0.0,1.875860344089538,6.666666666666668,1.1713665943600866,1.0,60.0,6.666666666666666,4.772234273318872,7.809110629067245,2026-10-07 19:03:41
2026-10-07,VMM,Consumer Services,100.5,102.155,105.5932,116.40215,101.56829867121668,103.18061867200292,-1.612320000786255,-1.5102193114499023,106.209188217793,102.155,98.100811782207,49.0566037735849,-3.3653846153846145,1.806575836317411,10.5,SELL,-6.681906101635304,-27.121669870914577,2.1009132467560545,3.0724946695095934,-33.95978446576423,0.0,3.3612940152276694,4.317391304347827,1.822125813449024,1.0,10.0,33.173913043478265,9.327548806941431,12.147505422993492,2026-10-07 19:03:41
2026-10-07,WIPRO,Information Technology,159.6,164.2605,174.84539999999998,200.2721,162.2902934582675,166.50015167824768,-4.209858219980163,-4.292022173674347,171.95741250471607,164.2605,156.56358749528394,33.807196801421625,-7.638888888888895,1.3005751768728968,10.36,SELL,-10.588473820264577,-27.083333333333325,1.2864132472161631,2.150912996777657,-41.55986818015379,0.0,2.8285372106333964,3.847826086956522,0.6832971800433839,3.0,15.0,23.47826086956522,6.941431670281996,4.55531453362256,2026-10-07 19:03:41
2026-10-07,ITC,Fast Moving Consumer Goods,265.7,264.21500000000003,270.544,301.72525,265.080242590272,266.11705279393834,-1.0368102036663345,-1.611015129202137,271.9976460119817,264.21500000000003,256.43235398801835,51.593011305241546,0.8349146110056882,1.6758990106893876,10.21,SELL,-10.429031711039515,-36.93134328358209,1.4253090446211176,2.028334856712726,-37.68761726078799,0.0,1.6173170250732285,3.076923076923077,0.5206073752711496,5.0,20.0,10.76923076923077,3.904555314533624,3.470715835140998,2026-10-07 19:03:41
2026-10-07,IRFC,Financial Services,76.15,79.52000000000001,83.728,98.7756,78.46081353312704,80.35622586287877,-1.895412329751736,-1.7405566629641682,82.95709791906619,79.52000000000001,76.08290208093383,40.47619047619049,-8.253012048192765,1.4167328827189136,9.28,SELL,-10.051768766177736,-32.714804356595394,1.0343268330907127,2.355313760435231,-44.48494568783261,0.0,2.0684908446402543,5.888652482269505,0.3253796095444685,1.0,55.00000000000001,3.8865248226950353,5.42299349240781,2.169197396963124,2026-10-07 19:03:41
2026-10-07,SWANCORP,Chemicals,271.85,287.2075,296.18300000000005,345.5915,280.284421305406,287.12166697480427,-6.837245669398271,-4.474161567037698,311.1143207620207,287.2075,263.30067923797924,33.87096774193552,-2.247393024092048,2.3641105601747694,9.19,SELL,-10.278884462151394,-40.917200125931366,1.5246036499913,3.488005465198768,-44.92504051863857,0.0,1.4437908528168302,6.75,0.0,1.0,60.0,7.5,3.470715835140998,5.206073752711497,2026-10-07 19:03:41
2026-10-07,ANANDRATHI,Financial Services,2127.2,2169.48,2156.052,2715.027,2144.5766820554663,2158.8800407226486,-14.303358667182238,-7.509362359703652,2250.481873922405,2169.48,2088.478126077595,34.32539682539682,-4.352517985611515,1.08862482502803,8.76,SELL,-32.501751500198,-29.41644900299421,0.9505486867360516,2.6584242196314403,-43.04685408299866,0.0,1.8064267883854148,5.851773049645392,0.0976138828633405,1.0,55.00000000000001,3.5177304964539005,2.8199566160520604,0.6507592190889371,2026-10-07 19:03:41
2026-10-07,UBL,Fast Moving Consumer Goods,1185.7,1224.9,1310.3159999999998,1435.4515,1206.6056342169306,1240.974687430061,-34.36905321313043,-32.93699658246505,1290.094575169888,1224.9,1159.7054248301122,43.00134589502021,-8.156467854376448,1.918378417845016,7.98,SELL,-13.653236147668212,-28.493181310082715,1.477804649915368,3.195219219508668,-35.699566160520604,0.0,2.3426466132143084,3.692307692307692,0.9436008676789588,1.0,20.0,16.923076923076923,5.856832971800434,6.29067245119306,2026-10-07 19:03:41
2026-10-07,RVNL,Construction,195.87,203.7065,215.093,267.5842,201.2645379436946,206.0627477791195,-4.798209835424899,-4.454157046445849,214.89162786084452,203.7065,192.52137213915543,48.45380383228989,-6.750773625327311,2.1448339702319434,7.52,SELL,-18.757407761422296,-35.91011913738501,1.606703563483434,3.160988702419245,-51.11804342400799,0.0,1.1366209580060698,4.666666666666667,0.7158351409978307,1.0,30.0,16.666666666666664,3.2537960954446854,4.772234273318872,2026-10-07 19:03:41
2026-10-07,AMBUJACEM,Construction Materials,356.9,380.835,403.843,453.87700000000007,372.1478804408485,384.0608754997141,-11.912995058865649,-10.272450142433284,406.2852217961826,380.835,355.38477820381746,34.95327102803738,-10.461615654791778,1.5168340253878587,7.34,SELL,-5.824904080920823,-28.68462757527733,1.3617758355772,2.6417964215666667,-39.38004246284501,0.0,3.330069116112182,2.1,0.9110629067245118,1.0,5.0,16.0,8.676789587852495,6.073752711496746,2026-10-07 19:03:41
2026-10-07,ZENSARTECH,Information Technology,439.3,436.22,467.5580000000001,541.556,438.32386413299207,445.338160704992,-7.014296571999864,-10.105685207157885,453.75617013944463,436.22,418.6838298605553,44.46145992853498,-3.2059050347030937,2.094061120543842,7.3,SELL,-16.491767685905558,-42.58614255504416,1.9472920737687096,3.245422913075996,-46.557177615571774,0.0,0.9336013967514948,2.717391304347826,0.6507592190889371,3.0,15.0,12.17391304347826,2.6030368763557483,4.338394793926248,2026-10-07 19:03:41
2026-10-07,FIRSTCRY,Consumer Services,172.2,175.1925,190.2112,227.6875,176.60632287477264,179.7870991761344,-3.1807763013617603,-3.986241951174528,185.16000483480155,175.1925,165.22499516519844,52.42761692650331,-2.7283511269276417,1.9560788696320488,7.19,SELL,-20.529333921482127,-48.55511136493432,1.7239353009509035,5.220258835241414,-55.806493006544336,0.0,0.5396828450635127,1.647826086956522,0.0,5.0,10.0,6.478260869565217,1.3015184381778742,1.3015184381778742,2026-10-07 19:03:41
2026-10-07,INDIAMART,Consumer Services,1605.3,1642.4900000000002,1712.632,1992.357,1624.9666779105837,1660.1673529532557,-35.200675042671946,-34.73849319995941,1704.9556503501285,1642.4900000000002,1580.024349649872,26.533457249070565,-5.924753867791854,1.5760446980752174,7.03,SELL,-16.506262997533483,-30.093942338840296,1.3724147610871424,2.4094294791360764,-36.446415139158326,0.0,1.985176349495697,3.495652173913044,0.5531453362255965,1.0,10.0,24.95652173913044,4.338394793926248,3.68763557483731,2026-10-07 19:03:41
2026-10-07,LICI,Financial Services,386.3,399.6225,407.61300000000006,636.5315,395.3652440819454,401.5341870229327,-6.168942940987336,-5.029257890528978,415.3105267787254,399.6225,383.9344732212746,43.205317577548016,-6.12393681652491,1.3847502988631388,6.83,SELL,-44.24458017316598,-53.88842631140716,1.6835093031719084,2.5609260012573496,-58.77047868082609,0.0,0.1579137226986547,5.609219858156029,0.0650759219088937,1.0,55.00000000000001,1.0921985815602837,0.6507592190889371,0.4338394793926247,2026-10-07 19:03:41
2026-10-07,ACC,Construction Materials,1165.5,1225.6799999999998,1284.946,1438.6715,1204.5779245216984,1234.488036491384,-29.91011196968566,-25.65670848594171,1286.4139183825894,1225.6799999999998,1164.9460816174103,30.96573208722755,-8.13431071175219,0.9972426724668362,6.24,SELL,-5.748476616988474,-30.95622243734538,1.1158996902305924,2.108230679659255,-41.34373427277303,0.0,3.0489584485669345,1.9,0.2928416485900216,1.0,5.0,14.0,6.507592190889371,1.9522776572668112,2026-10-07 19:03:41
2026-10-07,KEC,Construction,362.5,392.2725,422.116,537.25825,381.9256638953861,396.84853179845,-14.922867903063946,-13.57899727693905,421.4506186038876,392.2725,363.09438139611245,28.615009151921868,-9.747292418772558,2.153056411774193,5.54,SELL,-23.44233111589993,-50.43974040152848,1.7982039090890654,2.959605911330047,-59.40649496080628,0.0,0.4477107993324067,3.833333333333333,0.2603036876355748,1.0,30.0,8.333333333333332,0.8676789587852495,1.735357917570499,2026-10-07 19:03:41
2026-10-07,TATAELXSI,Information Technology,3082.5,3254.155,3509.954,4256.0275,3172.602966426136,3298.464664884553,-125.86169845841688,-119.45815065597334,3517.404767131309,3254.155,2990.905232868691,16.739180215250727,-11.853016871604227,1.49483463709216,5.51,SELL,-16.71933150761885,-35.77037638776063,1.6484446130561432,2.512570965125711,-48.193277310924366,0.0,1.2806537412642909,2.8043478260869565,0.422993492407809,1.0,15.0,13.043478260869565,3.68763557483731,2.8199566160520604,2026-10-07 19:03:41
2026-10-07,KPITTECH,Information Technology,484.25,527.2225000000001,572.336,756.265,508.9196812292691,533.1278744626908,-24.208193233421696,-21.37206218454535,580.3255822279983,527.2225000000001,474.1194177720018,20.96840377513331,-13.8728323699422,1.7518892835811484,4.06,SELL,-17.183564798157867,-50.87921468203158,2.244876940000348,3.290065639058927,-62.31224219783641,0.0,0.5639817037097604,2.108695652173913,0.3904555314533622,1.0,15.0,6.08695652173913,1.084598698481562,2.6030368763557483,2026-10-07 19:03:41
2026-10-07,AETHER,Chemicals,1787.6,,,,,,,,,,,,,,0.0,SELL,,,,,,0.0,,,,0.0,60.0,,,,2026-10-07 19:03:41
2026-10-07,AIIL,Financial Services,549.65,542.405,549.1070000000001,,547.1600848813,545.0794312885974,2.0806535927025607,1.345526949661062,571.9217731084666,542.405,512.8882268915333,58.41463414634141,6.738518302747831,2.5247830107264257,0.0,SELL,,,2.7971016837355487,3.2624657249418445,,8.0,,,,5.0,55.00000000000001,,,,2026-10-07 19:03:41
2026-10-07,AVANTIFEED,Fast Moving Consumer Goods,722.3,,,,,,,,,,,,,,0.0,SELL,,,,,,0.0,,,,0.0,20.0,,,,2026-10-07 19:03:41
2026-10-07,AZAD,Capital Goods,3048.2,,,,,,,,,,,,,,0.0,SELL,,,,,,0.0,,,,0.0,95.0,,,,2026-10-07 19:03:41
2026-10-07,BBOX,Information Technology,884.85,,,,,,,,,,,,,,0.0,SELL,,,,,,0.0,,,,0.0,15.0,,,,2026-10-07 19:03:41
2026-10-07,BHARATCOAL,Oil Gas & Consumable Fuels,32.09,,,,,,,,,,,,,,0.0,SELL,,,,,,0.0,,,,0.0,70.0,,,,2026-10-07 19:03:41
2026-10-07,CHOLAHLDNG,Financial Services,1402.7,1456.86,1513.542,,1420.8071932967637,1457.6053007319751,-36.79810743521148,-34.55074970791668,1575.3769656964591,1456.86,1338.3430343035411,31.15767777396087,-7.759584401920172,1.342481431942685,0.0,SELL,,,1.5225315257064658,3.4010938088787954,,0.0,,,,1.0,55.00000000000001,,,,2026-10-07 19:03:41
2026-10-07,CIEINDIA,Automobile and Auto Components,378.7,382.9,394.944,,381.8333777675233,386.69800829532295,-4.864630527799648,-5.277326329450397,394.2831824243127,382.9,371.5168175756873,51.959459459459445,-1.2645026724025563,1.4465219356140484,0.0,SELL,,,1.8577146005098548,2.798106303519559,,0.0,,,,5.0,80.0,,,,2026-10-07 19:03:41
2026-10-07,CLEANMAX,Power,1388.5,,,,,,,,,,,,,,0.0,SELL,,,,,,0.0,,,,0.0,40.0,,,,2026-10-07 19:03:41
2026-10-07,CMPDI,Services,209.05,,,,,,,,,,,,,,0.0,SELL,,,,,,0.0,,,,0.0,75.0,,,,2026-10-07 19:03:41
2026-10-07,CUPID,Fast Moving Consumer Goods,343.95,,,,,,,,,,,,,,0.0,SELL,,,,,,0.0,,,,0.0,20.0,,,,2026-10-07 19:03:41
2026-10-07,DALBHARAT,Construction Materials,1640.1,1704.215,1779.41,,1686.5098151812947,1719.9769818902637,-33.46716670896876,-30.95257535418023,1781.9532727659464,1704.215,1626.476727234054,41.3959472499196,-4.3059688429896825,1.7853683503018352,0.0,SELL,,,1.5668383910966135,3.0024301654080343,,0.0,,,,1.0,5.0,,,,2026-10-07 19:03:41
2026-10-07,FORCEMOT,Automobile and Auto Components,16956.0,17292.15,17689.58,,17088.860754700054,17314.541327704912,-225.68057300485816,-203.31649913467623,17996.805877193216,17292.15,16587.494122806787,42.4424778761062,-4.896516910651183,1.8295856461548472,0.0,SELL,,,1.7631118802994346,2.439928554578236,,0.0,,,,1.0,80.0,,,,2026-10-07 19:03:41
2026-10-07,FRACTAL,Information Technology,721.3,,,,,,,,,,,,,,0.0,SELL,,,,,,0.0,,,,0.0,15.0,,,,2026-10-07 19:03:41
2026-10-07,HEGAM,Capital Goods,246.99,,,,,,,,,,,,,,0.0,SELL,,,,,,0.0,,,,0.0,95.0,,,,2026-10-07 19:03:41
2026-10-07,INOXINDIA,Capital Goods,2082.0,,,,,,,,,,,,,,0.0,SELL,,,,,,0.0,,,,0.0,95.0,,,,2026-10-07 19:03:41
2026-10-07,KIRLOSBROS,Capital Goods,1712.8,,,,,,,,,,,,,,0.0,SELL,,,,,,0.0,,,,0.0,95.0,,,,2026-10-07 19:03:41
2026-10-07,KSB,Capital Goods,801.5,,,,,,,,,,,,,,0.0,SELL,,,,,,0.0,,,,0.0,95.0,,,,2026-10-07 19:03:41
2026-10-07,LTF,Financial Services,260.25,290.2425,305.119,,276.4125242823686,289.4732680859513,-13.060743803582682,-9.522599972168674,329.47212461416615,290.2425,251.0128753858339,29.34973637961336,-16.720000000000002,2.6178371696000173,0.0,SELL,,,2.0536314219321388,3.669548511047071,,0.0,,,,1.0,55.00000000000001,,,,2026-10-07 19:03:41
2026-10-07,PAYTM,Financial Services,1732.0,1733.63,1628.24,,1706.1530182703686,1690.736290816946,15.416727453422707,29.2971251495508,1855.323508022141,1733.63,1611.936491977859,44.04517453798768,4.086538461538458,2.775405349282758,0.0,SELL,,,2.654315862680151,3.3870834708017177,,8.0,,,,1.0,55.00000000000001,,,,2026-10-07 19:03:41
2026-10-07,PFOCUS,Media Entertainment & Publication,284.0,318.33250000000004,301.5664,,306.51314127234593,308.93214827498707,-2.4190070026411377,3.914426273028518,357.6417231711053,318.33250000000004,279.0232768288947,35.88850174216029,-8.901363271852446,2.989028314084217,0.0,SELL,,,,6.729124748490944,,0.0,,,,1.0,25.0,,,,2026-10-07 19:03:41
2026-10-07,PRIVISCL,Chemicals,3519.2,,,,,,,,,,,,,,0.0,SELL,,,,,,0.0,,,,0.0,60.0,,,,2026-10-07 19:03:41
2026-10-07,RUBICON,Healthcare,1575.6,,,,,,,,,,,,,,0.0,SELL,,,,,,0.0,,,,0.0,100.0,,,,2026-10-07 19:03:41
2026-10-07,SANSERA,Automobile and Auto Components,4261.7,,,,,,,,,,,,,,0.0,SELL,,,,,,0.0,,,,0.0,80.0,,,,2026-10-07 19:03:41
2026-10-07,SCHNEIDER,Capital Goods,1256.2,1221.5800000000002,1254.244,,1236.8959160142806,1233.1407830708072,3.755132943473427,-6.106576657689913,1278.7524482780411,1221.5800000000002,1164.4075517219592,61.068408916218296,5.244638069705099,2.187400772877586,0.0,SELL,,,2.86445563504862,3.35251438578934,,8.0,,,,5.0,95.0,,,,2026-10-07 19:03:41
2026-10-07,SHRIPISTON,Automobile and Auto Components,4411.6,,,,,,,,,,,,,,0.0,SELL,,,,,,0.0,,,,0.0,80.0,,,,2026-10-07 19:03:41
2026-10-07,TDPOWERSYS,Capital Goods,821.1,,,,,,,,,,,,,,0.0,SELL,,,,,,0.0,,,,0.0,95.0,,,,2026-10-07 19:03:41
2026-10-07,TECHNOE,Construction,988.3,991.3525,993.076,,994.2810644580808,994.028486457184,0.2525780008966194,0.4539872091311716,1030.361817038234,991.3525,952.343182961766,53.6663124335813,2.680519480519483,1.938708151930733,0.0,SELL,,,2.1301057768186227,3.5822696983275746,,0.0,,,,3.0,30.0,,,,2026-10-07 19:03:41
2026-10-07,THANGAMAYL,Consumer Durables,4803.0,,,,,,,,,,,,,,0.0,SELL,,,,,,0.0,,,,0.0,35.0,,,,2026-10-07 19:03:41
2026-10-07,VAML,Metals & Mining,394.0,,,,,,,,,,,,,,0.0,SELL,,,,,,0.0,,,,0.0,65.0,,,,2026-10-07 19:03:41
2026-10-07,VEDPOWER,Power,32.42,,,,,,,,,,,,,,0.0,SELL,,,,,,0.0,,,,0.0,40.0,,,,2026-10-07 19:03:41
2026-10-07,VISL,Metals & Mining,29.44,,,,,,,,,,,,,,0.0,SELL,,,,,,0.0,,,,0.0,65.0,,,,2026-10-07 19:03:41
2026-10-07,VOGL,Oil Gas & Consumable Fuels,31.11,,,,,,,,,,,,,,0.0,SELL,,,,,,0.0,,,,0.0,70.0,,,,2026-10-07 19:03:41
